shot_id,match_id,player,team,period,minute,second,time_window,score_diff,score_state,location,shot_angle,d_0,n_def,d_m,p_score,shooter_rank,n_shooting_options,shooter_rank_pct,shooter_is_best_option,shooter_rank_valid,n_valid_shooting_options,shooter_rank_valid_pct,shooter_is_best_valid_option,best_teammate_p_score,best_valid_teammate_p_score,best_option_p_score,n_better_invalid_position,n_better_teammates,n_better_options,best_pass_interception_prob,best_pass_retention_prob,best_pass_risk,shooter_value,best_teammate_value,best_teammate_pass_success_prob,decision_value,good_decision,shot_outcome,shot_xg
5d2bf27b-dd07-4895-8744-1673b235fcec,3895302,Jonathan Tah,Bayer Leverkusen,1,28,21,23-45+,1,+1,"[116.3, 46.0]",41.302506868656565,7.049113419430845,0,inf,0.5689691447070904,3,8,0.375,False,3,8,0.375,False,0.6191688258502787,0.6191688258502787,0.6191688258502787,0,2,1,0.0,0.982547490913071,-0.982547490913071,0.5689691447070904,0.5590392771778957,0.982547490913071,0.00992986752919467,False,Saved,0.10991712
7350b239-c1ab-44b2-9c25-0387553bd338,3895302,Victor Okoh Boniface,Bayer Leverkusen,1,28,23,23-45+,1,+1,"[116.3, 43.3]",73.8349832706924,4.957822102496216,2,3.0076774500559504,0.1773520120875671,5,7,0.7142857142857143,False,5,7,0.7142857142857143,False,0.38959859111297207,0.38959859111297207,0.38959859111297207,0,4,1,0.0,0.982547490913071,-0.982547490913071,0.1773520120875671,0.17425679064658398,0.982547490913071,0.0030952214409831202,False,Saved,0.323069
be78c5ab-d396-4c44-8253-d48373ead6b3,3895302,Jonas Hofmann,Bayer Leverkusen,1,34,51,23-45+,1,+1,"[109.4, 44.9]",35.16448402263182,11.677756633874498,4,4.328920638589126,0.032496518545341156,5,7,0.7142857142857143,False,4,6,0.6666666666666666,False,0.8282807343001074,0.8282807343001074,0.8282807343001074,1,3,1,0.0,0.982547490913071,-0.982547490913071,0.032496518545341156,0.03192937430544419,0.982547490913071,0.0005671442398969689,False,Blocked,0.09542403
df7d8278-f139-4102-9e6e-3c77d3d575c3,3895302,Florian Wirtz,Bayer Leverkusen,2,58,10,45-68,1,+1,"[93.8, 34.8]",16.72607007440634,26.711046404062873,4,3.4100438721916833,0.009521677326385968,8,8,1.0,False,7,7,1.0,False,0.2385621981286899,0.2385621981286899,0.2385621981286899,1,6,1,0.0,0.982547490913071,-0.982547490913071,0.009521677326385968,0.009355501336184924,0.982547490913071,0.00016617599020104373,False,Off T,0.02420186
7b3398ab-6dae-42ec-8b11-0cd333d6b085,3895302,Florian Wirtz,Bayer Leverkusen,2,64,10,45-68,2,+2+,"[106.3, 29.6]",21.387217547838702,17.200290695217916,1,13.597987428902119,0.13460114253781766,4,8,0.5,False,4,8,0.5,False,0.38074515171793993,0.38074515171793993,0.38074515171793993,0,3,1,0.0,0.982547490913071,-0.982547490913071,0.13460114253781766,0.13225204227090892,0.982547490913071,0.002349100266908738,False,Blocked,0.07621976
ec3f4afc-df7d-4a53-98a2-508e21c040eb,3895302,Patrik Schick,Bayer Leverkusen,2,70,17,68-90+,3,+2+,"[112.5, 29.6]",22.012765848982756,12.822246293064252,1,5.544802206618397,0.1830640225868423,3,5,0.6,False,3,5,0.6,False,0.47113924308812055,0.47113924308812055,0.47113924308812055,0,2,1,0.0,0.0,0.0,0.1830640225868423,0.0,0.0,0.1830640225868423,False,Saved,0.109270036
0af7b077-170b-4ca3-a61f-4ecb4aba33d1,3895302,Jeremie Frimpong,Bayer Leverkusen,2,71,31,68-90+,3,+2+,"[108.0, 51.1]",20.914376065083555,16.346559270990333,1,9.320752197382108,0.14218308326980905,4,5,0.8,False,4,5,0.8,False,0.2737847521219456,0.2737847521219456,0.2737847521219456,0,3,1,0.0,0.982547490913071,-0.982547490913071,0.14218308326980905,0.13970164261146623,0.982547490913071,0.002481440658342826,False,Saved,0.17347074
345c34d9-2c2f-4cec-860e-3b3704ebc4f3,3895292,Granit Xhaka,Bayer Leverkusen,1,5,53,0-23,0,0,"[96.5, 39.9]",19.31945258120419,23.500212764994277,2,10.477852401230077,0.04423704214721526,7,8,0.875,False,5,6,0.8333333333333334,False,0.40289808369406477,0.14014763011895448,0.14014763011895448,2,4,1,0.0,0.982547490913071,-0.982547490913071,0.04423704214721526,0.04346499481644106,0.982547490913071,0.0007720473307741976,False,Blocked,0.0423987
3d1c53e1-4b07-4648-806c-2dc0b2ee5347,3895292,Alejandro Grimaldo García,Bayer Leverkusen,1,10,19,0-23,0,0,"[98.5, 49.2]",17.95150777676716,23.385679378628282,5,9.570260966989355,0.007352973470805081,8,9,0.8888888888888888,False,7,8,0.875,False,0.20829221027734013,0.1695649530053186,0.1695649530053186,1,6,1,0.008475425122062341,0.9832024090526756,-0.9747269839306133,0.007352973470805081,0.038263290296894,0.9832024090526756,-0.03091031682608892,False,Saved,0.075614184
935e22db-fc36-4f7d-80de-91ae9a498112,3895292,Piero Martín Hincapié Reyna,Bayer Leverkusen,1,37,9,23-45+,0,0,"[109.3, 36.4]",37.526332095422156,11.289375536317324,1,9.334954590781095,0.21309872084372755,4,7,0.5714285714285714,False,4,6,0.6666666666666666,False,0.24610235162877395,0.24610235162877395,0.24610235162877395,0,3,1,0.0,0.982547490913071,-0.982547490913071,0.21309872084372755,0.209379666843727,0.982547490913071,0.0037190540000005545,False,Blocked,0.047790155
0b766590-dff1-4670-baae-b960fab33f6d,3895292,Florian Wirtz,Bayer Leverkusen,1,48,28,23-45+,0,0,"[101.5, 44.6]",23.07447080448478,19.063315556324405,5,13.994615072570852,0.010528728957059603,10,10,1.0,False,10,10,1.0,False,0.43763244739787016,0.43763244739787016,0.43763244739787016,0,9,1,0.0,0.982547490913071,-0.982547490913071,0.010528728957059603,0.01034497651849591,0.982547490913071,0.00018375243856369287,False,Blocked,0.058214318
3b2ebed6-0c37-4fb7-aef4-62a03d6244b9,3895292,Robert Andrich,Bayer Leverkusen,1,48,30,23-45+,0,0,"[107.4, 42.0]",34.48266749325331,12.757742747053644,3,9.02469229872179,0.05698642140101806,8,10,0.8,False,7,9,0.7777777777777778,False,0.37914111715510157,0.37914111715510157,0.37914111715510157,1,6,1,0.0,0.982547490913071,-0.982547490913071,0.05698642140101806,0.05599187169455601,0.982547490913071,0.0009945497064620529,False,Blocked,0.07385045
4727fe03-748c-4003-932c-08089fce4903,3895292,Piero Martín Hincapié Reyna,Bayer Leverkusen,1,48,31,23-45+,0,0,"[110.4, 39.3]",45.05600758676798,9.625487000666507,2,5.399182264544511,0.1294935439118406,6,10,0.6,False,5,9,0.5555555555555556,False,0.3337939788498712,0.3064500213498787,0.3064500213498787,1,4,1,0.0,0.982547490913071,-0.982547490913071,0.1294935439118406,0.12723356863721377,0.982547490913071,0.0022599752746268187,False,Blocked,0.11288635
020286f7-259d-4f4e-91a6-e1a361609c4a,3895292,Jonathan Tah,Bayer Leverkusen,2,59,33,45-68,1,+1,"[113.8, 33.8]",39.170306065951394,8.768124086713193,1,4.161241857437747,0.24719566808454804,2,9,0.2222222222222222,False,2,8,0.25,False,0.24719568994580934,0.24719568994580934,0.24719568994580934,0,1,1,0.0,0.982547490913071,-0.982547490913071,0.24719566808454804,0.24288150492078042,0.982547490913071,0.00431416316376762,False,Wayward,0.066974714
5332b262-7816-452d-a1fd-7b48af8459ff,3895292,Alejandro Grimaldo García,Bayer Leverkusen,2,90,19,68-90+,1,+1,"[86.9, 41.1]",13.766255676841324,33.118272901828675,1,27.766106635691983,0.03824020289392518,5,6,0.8333333333333334,False,5,6,0.8333333333333334,False,0.13984491343972488,0.13984491343972488,0.13984491343972488,0,4,1,0.0,0.982547490913071,-0.982547490913071,0.03824020289392518,0.037572820108687496,0.982547490913071,0.0006673827852376815,False,Saved,0.028277397
158520be-290c-420c-a39c-1cb03429d959,3895333,Exequiel Alejandro Palacios,Bayer Leverkusen,1,20,18,0-23,1,+1,"[107.3, 40.4]",34.935139797079074,12.706297651164956,2,3.446985280076491,0.09704822650904113,5,8,0.625,False,5,8,0.625,False,0.4178970562338524,0.4178970562338524,0.4178970562338524,0,4,1,0.0,0.982547490913071,-0.982547490913071,0.09704822650904113,0.09535450465178602,0.982547490913071,0.0016937218572551094,False,Blocked,0.19429411
528a780c-3ccd-45a7-8bf9-a951a832c07f,3895333,Jonas Hofmann,Bayer Leverkusen,1,29,55,23-45+,1,+1,"[94.9, 37.7]",17.964614668434155,25.20515820224106,2,4.036303020467561,0.03631540514719238,4,7,0.5714285714285714,False,4,7,0.5714285714285714,False,0.08683052100050632,0.08683052100050632,0.08683052100050632,0,3,1,0.0,0.982547490913071,-0.982547490913071,0.03631540514719238,0.03568161331044179,0.982547490913071,0.0006337918367505871,False,Saved,0.040702738
0eb21787-dd7e-4ef7-a943-8a60f85fbb53,3895333,Jonas Hofmann,Bayer Leverkusen,1,41,10,23-45+,0,0,"[101.3, 50.9]",18.294285324623644,21.644860821913365,1,16.749518761944415,0.09484890294362462,3,6,0.5,False,3,6,0.5,False,0.28793863950379,0.28793863950379,0.28793863950379,0,2,1,0.0,0.982547490913071,-0.982547490913071,0.09484890294362462,0.09319356526054218,0.982547490913071,0.0016553376830824446,False,Blocked,0.05227081
29922617-eb58-413f-8c29-e13c78f199f6,3895340,Robert Andrich,Bayer Leverkusen,1,15,56,0-23,0,0,"[94.9, 35.3]",17.51953301884907,25.53624874565565,2,12.075633631599311,0.0377781473694026,9,10,0.9,False,8,9,0.8888888888888888,False,0.18657981858207803,0.14801372633421211,0.14801372633421211,1,7,1,0.0,0.982547490913071,-0.982547490913071,0.0377781473694026,0.037118827803794496,0.982547490913071,0.0006593195656081005,False,Blocked,0.07194631
f965804b-15bf-4b4b-963c-179b80ec14fc,3895340,Edmond Fayçal Tapsoba,Bayer Leverkusen,1,28,46,23-45+,0,0,"[94.9, 37.5]",17.938593104037164,25.22419473442115,2,3.2617620967914127,0.03541681117731981,9,10,0.9,False,9,10,0.9,False,0.28526883172449846,0.28526883172449846,0.28526883172449846,0,8,1,0.0,0.982547490913071,-0.982547490913071,0.03541681117731981,0.03479870123610865,0.982547490913071,0.0006181099412111632,False,Blocked,0.03004243
06131845-bb90-4cb5-955f-c8454fa8dc7f,3895340,Granit Xhaka,Bayer Leverkusen,1,29,44,23-45+,0,0,"[98.4, 56.0]",13.74279773915705,26.880476186258303,1,23.566965841547326,0.06282444652901789,8,10,0.8,False,8,10,0.8,False,0.398269154486876,0.398269154486876,0.398269154486876,0,7,1,0.0,0.982547490913071,-0.982547490913071,0.06282444652901789,0.0617280083051938,0.982547490913071,0.0010964382238240894,False,Post,0.025478274
f641856a-9f83-4efa-8642-82ba8958b79e,3895340,Victor Okoh Boniface,Bayer Leverkusen,1,35,34,23-45+,0,0,"[110.4, 39.5]",45.14584756704232,9.6130120149722,1,7.739722420259091,0.24153946545361876,2,8,0.25,False,2,8,0.25,False,0.24153949249175868,0.24153949249175868,0.24153949249175868,0,1,1,0.0,0.982547490913071,-0.982547490913071,0.24153946545361876,0.23732402230419405,0.982547490913071,0.004215443149424708,False,Off T,0.06597038
a255cf1e-f73e-434f-a910-58360bd4aa60,3895340,Odilon Kossonou,Bayer Leverkusen,1,39,39,23-45+,0,0,"[93.3, 49.6]",15.147232224326636,28.3734030387615,2,6.06875861749047,0.029135917690179147,7,10,0.7,False,7,10,0.7,False,0.14176309425072003,0.14176309425072003,0.14176309425072003,0,6,1,0.0,0.982547490913071,-0.982547490913071,0.029135917690179147,0.02862742954476797,0.982547490913071,0.0005084881454111775,False,Off T,0.023349753
1e542229-14f8-47d2-8518-8d9df91bb648,3895340,Patrik Schick,Bayer Leverkusen,2,66,20,45-68,2,+2+,"[104.8, 42.1]",28.99138700868035,15.34438007871286,1,8.944756514933681,0.15377429893123618,4,6,0.6666666666666666,False,4,6,0.6666666666666666,False,0.2698971008119519,0.2698971008119519,0.2698971008119519,0,3,1,0.0,0.982547490913071,-0.982547490913071,0.15377429893123618,0.15109058810098622,0.982547490913071,0.002683710830249958,False,Off T,0.13727601
25786fda-271d-4b59-bef6-8f1deac2c6e2,3895340,Amine Adli,Bayer Leverkusen,2,70,9,68-90+,2,+2+,"[110.8, 44.6]",39.33801555967256,10.285912696499036,0,inf,0.4391681034092693,2,6,0.3333333333333333,False,2,6,0.3333333333333333,False,0.4391682232835208,0.4391682232835208,0.4391682232835208,0,1,1,0.0,0.982547490913071,-0.982547490913071,0.4391681034092693,0.4315036358759747,0.982547490913071,0.007664467533294639,False,Blocked,0.17022909
20bba541-c700-43c1-a3f8-7d319a0f1117,3895340,Amine Adli,Bayer Leverkusen,2,75,38,68-90+,2,+2+,"[114.7, 44.2]",54.962658759563,6.762396025078685,1,5.1607653022588185,0.29567347270312294,4,8,0.5,False,4,8,0.5,False,0.5931969847305589,0.5931969847305589,0.5931969847305589,0,3,1,0.4949615281564268,0.9912994563299836,-0.4963379281735568,0.29567347270312294,0.31965102251892047,0.9912994563299836,-0.023977549815797528,False,Goal,0.17732605
a521ce17-5ba0-48bb-9d9d-afd16d56c56d,3895340,Edmond Fayçal Tapsoba,Bayer Leverkusen,2,77,58,68-90+,3,+2+,"[113.0, 44.2]",47.87741141638455,8.163332652783422,2,1.0303625204679214,0.10632237881165814,6,9,0.6666666666666666,False,5,8,0.625,False,0.3548211077636802,0.18069404905044867,0.18069404905044867,1,4,1,0.0,0.0,0.0,0.10632237881165814,0.0,0.0,0.10632237881165814,False,Blocked,0.146875
7bcae1d1-291c-498f-9d59-f8451f440802,3895340,Arthur Augusto de Matos Soares,Bayer Leverkusen,2,84,46,68-90+,3,+2+,"[108.8, 59.5]",10.36887684005396,22.487552112224222,1,16.50960960187993,0.08863464394227967,6,7,0.8571428571428571,False,6,7,0.8571428571428571,False,0.3758414679298686,0.3758414679298686,0.3758414679298686,0,5,1,0.0,0.982547490913071,-0.982547490913071,0.08863464394227967,0.08708775739316202,0.982547490913071,0.0015468865491176514,False,Off T,0.010973065
059486c5-891d-40fd-9463-4f835874429d,3895340,Josip Stanišić,Bayer Leverkusen,2,85,50,68-90+,3,+2+,"[103.3, 53.1]",17.091608793317302,21.224985276791127,1,18.291534273849663,0.09828667042693232,4,9,0.4444444444444444,False,4,9,0.4444444444444444,False,0.3227000463158635,0.3227000463158635,0.3227000463158635,0,3,1,0.0,0.982547490913071,-0.982547490913071,0.09828667042693232,0.09657134686603414,0.982547490913071,0.0017153235608981798,False,Goal,0.043656476
331e552a-bf38-4977-b87c-2bbb1b281c62,3895340,Jonathan Tah,Bayer Leverkusen,2,90,44,68-90+,4,+2+,"[91.9, 44.5]",15.810708686394946,28.45803928593816,3,3.4906602566096767,0.015127596137106522,10,10,1.0,False,10,10,1.0,False,0.2083856689890668,0.2083856689890668,0.2083856689890668,0,9,2,0.26677722811967464,0.9916024213716238,-0.7248251932519492,0.015127596137106522,0.047570540694754755,0.9916024213716238,-0.032442944557648234,False,Off T,0.025919521
972eb987-0c5a-4c1e-92eb-be61658b0ba1,3895348,Victor Okoh Boniface,Bayer Leverkusen,1,11,13,0-23,0,0,"[111.9, 43.2]",47.274088768727026,8.709190547921198,0,inf,0.4982091830666363,2,5,0.4,False,2,4,0.5,False,0.4982092284563383,0.4982092284563383,0.4982092284563383,0,1,1,0.0,0.982547490913071,-0.982547490913071,0.4982091830666363,0.48951422736951217,0.982547490913071,0.00869495569712414,False,Goal,0.74691355
2d471cca-8bdc-4204-aa82-59d0fae5bd21,3895348,Victor Okoh Boniface,Bayer Leverkusen,1,15,3,0-23,1,+1,"[106.4, 41.0]",32.625365028311414,13.636715146984622,1,10.393800340495599,0.17738696467911796,2,7,0.2857142857142857,False,2,7,0.2857142857142857,False,0.1773869852729096,0.1773869852729096,0.1773869852729096,0,1,1,0.0,0.982547490913071,-0.982547490913071,0.17738696467911796,0.17429113730053122,0.982547490913071,0.0030958273785867407,False,Wayward,0.060549814
2196b3ef-b7f7-421d-b71e-8f15b9cd1fa9,3895348,Jonas Hofmann,Bayer Leverkusen,1,24,10,23-45+,1,+1,"[101.9, 55.4]",14.781329663854546,23.76489006917557,1,21.222697362007427,0.08045647282076741,4,8,0.5,False,4,8,0.5,False,0.17618498571260507,0.17618498571260507,0.17618498571260507,0,3,1,0.0,0.982547490913071,-0.982547490913071,0.08045647282076741,0.07905230658144158,0.982547490913071,0.0014041662393258353,False,Saved,0.029768612
a29371aa-73b8-4391-a2b6-5d35039cae0c,3895348,Jeremie Frimpong,Bayer Leverkusen,1,46,29,23-45+,2,+2+,"[102.9, 45.2]",24.26659549536357,17.873164241398328,2,2.8229973095710306,0.06256517231462573,4,4,1.0,False,4,4,1.0,False,0.1517043056384514,0.1517043056384514,0.1517043056384514,0,3,1,0.0,0.982547490913071,-0.982547490913071,0.06256517231462573,0.061473255902549595,0.982547490913071,0.0010919164120761354,False,Blocked,0.081525005
4880c409-6ee0-4a5f-93d2-97cb9a00bbcd,3895348,Jonas Hofmann,Bayer Leverkusen,2,47,2,45-68,2,+2+,"[103.4, 44.9]",25.09438364710899,17.3080905937079,2,3.557208650155691,0.067401030837407,4,5,0.8,False,3,4,0.75,False,0.41458307175736,0.12940230974406192,0.12940230974406192,1,2,2,0.36183239861030614,0.9912739172349996,-0.6294415186246934,0.067401030837407,0.128273134479253,0.9912739172349996,-0.060872103641846004,False,Saved,0.07502105
2170a298-e3d5-4f41-a2a4-cf97beb1934b,3895348,Amine Adli,Bayer Leverkusen,2,54,19,45-68,2,+2+,"[114.1, 52.8]",14.489266997096056,14.09432509913121,1,11.080442093737961,0.17141879028129772,4,8,0.5,False,4,8,0.5,False,0.57780440018325,0.57780440018325,0.57780440018325,0,3,1,0.0,0.982547490913071,-0.982547490913071,0.17141879028129772,0.16842710291716997,0.982547490913071,0.0029916873641277486,False,Saved,0.058906764
99ea0fdd-96bd-4078-b8a2-c44466e8eea6,3895348,Patrik Schick,Bayer Leverkusen,2,64,37,45-68,1,+1,"[114.6, 32.6]",32.45809012334006,9.160785992479033,2,1.136719673331705,0.10179924128085664,5,8,0.625,False,4,7,0.5714285714285714,False,0.36237888707775123,0.149700010992068,0.149700010992068,1,3,1,0.0,0.982547490913071,-0.982547490913071,0.10179924128085664,0.10002263832664195,0.982547490913071,0.0017766029542146955,False,Blocked,0.061452772
8d69492c-d4ff-4d14-97d2-4c00ebad6ada,3895348,Patrik Schick,Bayer Leverkusen,2,65,35,45-68,1,+1,"[111.5, 44.3]",42.29657466647134,9.525754563287887,1,6.957583762842219,0.24182242864015277,2,7,0.2857142857142857,False,2,7,0.2857142857142857,False,0.2418224343048705,0.2418224343048705,0.2418224343048705,0,1,1,0.0,0.0,0.0,0.24182242864015277,0.0,0.0,0.24182242864015277,False,Off T,0.16914494
32a9efdb-5333-4be1-86a7-a03c1bf28c40,3895348,Jonas Hofmann,Bayer Leverkusen,2,68,7,68-90+,1,+1,"[106.0, 29.1]",20.547008958548567,17.742885898297377,1,13.747457265070974,0.12892464899246958,5,8,0.625,False,5,8,0.625,False,0.3591521972593948,0.3591521972593948,0.3591521972593948,0,4,1,0.0,0.0,0.0,0.12892464899246958,0.0,0.0,0.12892464899246958,False,Blocked,0.0637409
4ed55466-f1dc-420a-8e59-5e9c6624113d,3895348,Robert Andrich,Bayer Leverkusen,2,71,15,68-90+,1,+1,"[99.8, 33.9]",20.629879946126174,21.1009478460092,1,17.948763195767505,0.09922537651261923,4,9,0.4444444444444444,False,4,9,0.4444444444444444,False,0.14229415686338606,0.14229415686338606,0.14229415686338606,0,3,1,0.0,0.982547490913071,-0.982547490913071,0.09922537651261923,0.0974936705491916,0.982547490913071,0.0017317059634276294,False,Saved,0.05477327
24975a3f-1c57-4475-9149-57d99cd2be53,3895348,Florian Wirtz,Bayer Leverkusen,2,71,20,68-90+,1,+1,"[104.1, 48.6]",22.259575841940503,18.07678068683692,2,2.5160280663342163,0.06049931759574535,6,6,1.0,False,6,6,1.0,False,0.23900956751728555,0.23900956751728555,0.23900956751728555,0,5,1,0.0,0.982547490913071,-0.982547490913071,0.06049931759574535,0.059443452836542565,0.982547490913071,0.0010558647592027876,False,Blocked,0.061963774
f16d5f02-3eb9-4e19-8816-8bbab748f358,3895348,Granit Xhaka,Bayer Leverkusen,2,72,50,68-90+,1,+1,"[104.4, 45.2]",26.131000544938598,16.44384383287557,4,5.62700100059849,0.022672708871502294,6,7,0.8571428571428571,False,6,7,0.8571428571428571,False,0.28546898367777773,0.28546898367777773,0.28546898367777773,0,5,2,0.10873768216881208,0.991329598400133,-0.8825919162313209,0.022672708871502294,0.1451072719758609,0.991329598400133,-0.1224345631043586,False,Saved,0.060702946
4cb3184a-f70b-4c7c-aad7-e105370c2c3c,3895348,Florian Wirtz,Bayer Leverkusen,2,87,31,68-90+,1,+1,"[107.9, 43.0]",34.77436531815835,12.466354719804817,1,9.369030886859695,0.1939796101705663,2,5,0.4,False,2,4,0.5,False,0.19397963186542008,0.19397963186542008,0.19397963186542008,0,1,1,0.0,0.982547490913071,-0.982547490913071,0.1939796101705663,0.1905942005776097,0.982547490913071,0.0033854095929566064,False,Saved,0.107969604
b080ad0f-dba1-4cad-a0a5-3a80d004e136,3895348,Granit Xhaka,Bayer Leverkusen,2,89,21,68-90+,1,+1,"[95.5, 44.1]",18.060659246111463,24.84069242191127,3,13.257433708820884,0.021984290571957752,8,9,0.8888888888888888,False,6,7,0.8571428571428571,False,0.2676949498007739,0.11684654830825338,0.11684654830825338,2,5,1,0.0,0.982547490913071,-0.982547490913071,0.021984290571957752,0.021600609952972975,0.982547490913071,0.00038368061898477746,False,Blocked,0.032017022
dc8782f0-fbfc-41b6-947c-59fd533c0c65,3895286,Jonas Hofmann,Bayer Leverkusen,1,5,24,0-23,0,0,"[93.5, 38.9]",17.138798736714172,26.5228203628498,1,22.569984102162604,0.06459952105793548,4,7,0.5714285714285714,False,3,6,0.5,False,0.10975685714359056,0.0912300091604938,0.0912300091604938,1,2,1,0.0,0.982547490913071,-0.982547490913071,0.06459952105793548,0.06347209763917935,0.982547490913071,0.0011274234187561294,False,Blocked,0.040825125
ddc83fa0-fb65-4d37-8d38-e59b9dfb7d21,3895286,Granit Xhaka,Bayer Leverkusen,1,10,35,0-23,0,0,"[100.4, 37.0]",22.57454557905371,19.828262657126565,1,17.12792792592284,0.10974292608195155,5,11,0.45454545454545453,False,4,10,0.4,False,0.1734580809248712,0.1734580809248712,0.1734580809248712,1,3,1,0.0,0.982547490913071,-0.982547490913071,0.10974292608195155,0.10782764945569792,0.982547490913071,0.0019152766262536258,False,Saved,0.12005351
c2f395d9-3c92-4154-a54d-66e551eb8171,3895286,Jonas Hofmann,Bayer Leverkusen,1,19,13,0-23,0,0,"[109.4, 58.6]",10.852853387862206,21.40840956259946,1,16.87086090145034,0.09667675537371541,4,10,0.4,False,4,10,0.4,False,0.20770434278033886,0.20770434278033886,0.20770434278033886,0,3,1,0.0,0.982547490913071,-0.982547490913071,0.09667675537371541,0.09498951895908082,0.982547490913071,0.0016872364146345853,False,Blocked,0.009383234
b22a05bb-7bca-4d40-b51c-63dec8015de7,3895286,Granit Xhaka,Bayer Leverkusen,1,35,16,23-45+,-1,-1,"[95.9, 52.0]",15.21660368808268,26.922295593058177,1,22.392337783889758,0.0625588915768308,5,10,0.5,False,5,10,0.5,False,0.11797835481884061,0.11797835481884061,0.11797835481884061,0,4,1,0.0,0.982547490913071,-0.982547490913071,0.0625588915768308,0.061467088602808986,0.982547490913071,0.0010918029740218105,False,Blocked,0.018815912
e00bdae8-f038-4591-abb4-cb5475b59639,3895286,Robert Andrich,Bayer Leverkusen,1,46,35,23-45+,-1,-1,"[117.1, 31.7]",20.729978301666822,8.79204185613331,1,5.51305244621726,0.25260748554605955,4,11,0.36363636363636365,False,4,11,0.36363636363636365,False,0.29715535684070443,0.29715535684070443,0.29715535684070443,0,3,1,0.0,0.982547490913071,-0.982547490913071,0.25260748554605955,0.24819885459728278,0.982547490913071,0.004408630948776776,False,Off T,0.094437055
ffc38f11-baa3-4c0f-a295-9d1ba06218a8,3895286,Jonas Hofmann,Bayer Leverkusen,2,49,26,45-68,-1,-1,"[97.5, 52.8]",15.386450791611365,25.886096654381863,2,9.422416499751384,0.03639442457022207,8,11,0.7272727272727273,False,8,11,0.7272727272727273,False,0.17018474233787925,0.17018474233787925,0.17018474233787925,0,7,1,0.0,0.0,0.0,0.03639442457022207,0.0,0.0,0.03639442457022207,False,Blocked,0.026392784
9f87daa3-46c6-4c28-989d-3118a5696f2e,3895286,Piero Martín Hincapié Reyna,Bayer Leverkusen,2,51,36,45-68,-1,-1,"[106.2, 36.9]",30.95688900489641,14.143903280212289,0,inf,0.3225451145614542,3,9,0.3333333333333333,False,3,8,0.375,False,0.340124907527544,0.340124907527544,0.340124907527544,0,2,1,0.4464929202358373,0.9912909087118602,-0.5447979884760229,0.3225451145614542,0.328278658680716,0.9912909087118602,-0.005733544119261802,False,Saved,0.057205044
ead90328-cf19-4c93-862e-477bba4ecfeb,3895286,Florian Wirtz,Bayer Leverkusen,2,53,46,45-68,-1,-1,"[112.3, 52.8]",16.56236037954602,14.937536610833794,1,9.54700185119899,0.1593103807883568,4,7,0.5714285714285714,False,4,7,0.5714285714285714,False,0.5151798679807909,0.5151798679807909,0.5151798679807909,0,3,1,0.0,0.982547490913071,-0.982547490913071,0.1593103807883568,0.15653004128710576,0.982547490913071,0.0027803395012510335,False,Saved,0.036589272
b28c5ef8-249c-4de7-9b27-46095fac61e0,3895286,Jonathan Tah,Bayer Leverkusen,2,54,38,45-68,-1,-1,"[111.4, 45.8]",36.90990865855321,10.373041983911946,0,inf,0.4361175949927992,2,10,0.2,False,2,10,0.2,False,0.43611765401364055,0.43611765401364055,0.43611765401364055,0,1,1,0.0,0.982547490913071,-0.982547490913071,0.4361175949927992,0.42850630669399736,0.982547490913071,0.0076112882988018105,False,Off T,0.06923281
45875581-d54b-435c-a4c2-ed98908163de,3895286,Alejandro Grimaldo García,Bayer Leverkusen,2,57,39,45-68,-1,-1,"[94.0, 26.1]",13.700622566676664,29.482367611845557,2,8.512000506612734,0.027171629384580225,9,10,0.9,False,8,9,0.8888888888888888,False,0.3124301054955535,0.2707411986929061,0.2707411986929061,1,7,1,0.0,0.0,0.0,0.027171629384580225,0.0,0.0,0.027171629384580225,False,Saved,0.022225993
802a3444-d774-4df6-9d30-4252646f7c5a,3895286,Amine Adli,Bayer Leverkusen,2,63,3,45-68,-1,-1,"[104.6, 53.5]",16.98248763364335,20.479501947068933,2,2.288233164108953,0.04913579357296833,8,11,0.7272727272727273,False,8,11,0.7272727272727273,False,0.24898298607416963,0.24898298607416963,0.24898298607416963,0,7,1,0.0,0.982547490913071,-0.982547490913071,0.04913579357296833,0.04827825078539594,0.982547490913071,0.000857542787572392,False,Blocked,0.033214908
98e4b110-93f1-4384-9419-ae1179cd7e83,3895286,Alejandro Grimaldo García,Bayer Leverkusen,2,64,37,45-68,-1,-1,"[93.4, 28.8]",14.59917515251203,28.86173937932362,3,10.337299447997546,0.01580175963238303,9,10,0.9,False,9,10,0.9,False,0.14537107926414441,0.14537107926414441,0.14537107926414441,0,8,1,0.0,0.982547490913071,-0.982547490913071,0.01580175963238303,0.015525980584743559,0.982547490913071,0.0002757790476394708,False,Blocked,0.044617523
203fa3c1-0671-4214-a546-d95489164a58,3895286,Alejandro Grimaldo García,Bayer Leverkusen,2,69,35,68-90+,-1,-1,"[91.5, 27.6]",13.495596418284688,31.080701407786794,2,17.720742715964096,0.024501314006434814,8,9,0.8888888888888888,False,6,7,0.8571428571428571,False,0.29142071819114973,0.10585282573104474,0.10585282573104474,2,5,1,0.0,0.0,0.0,0.024501314006434814,0.0,0.0,0.024501314006434814,False,Saved,0.020587955
c372969f-941d-48c3-9d22-131aa2540e33,3895286,Patrik Schick,Bayer Leverkusen,2,75,13,68-90+,-1,-1,"[110.8, 35.1]",38.46318917935984,10.42353107157071,2,2.317944605789057,0.11009086997321872,6,11,0.5454545454545454,False,5,10,0.5,False,0.5178537779997918,0.3651786374464789,0.3651786374464789,1,4,2,0.0012628082585670608,0.9912736619171679,-0.9900108536586009,0.11009086997321872,0.10952801066647659,0.9912736619171679,0.0005628593067421306,False,Saved,0.06357389
3f0a202d-43cc-421c-a97a-99d463fdfb94,3895286,Amine Adli,Bayer Leverkusen,2,75,15,68-90+,-1,-1,"[115.4, 30.1]",19.630953318603368,10.916501271011693,2,4.544845748354,0.11517162295594507,6,11,0.5454545454545454,False,5,10,0.5,False,0.6019414242262584,0.5935402101594286,0.5935402101594286,1,4,2,0.018158017351966982,0.9912737513506841,-0.9731157339987171,0.11517162295594507,0.1195388518062032,0.9912737513506841,-0.004367228850258129,False,Saved,0.09254166
d556aae7-7647-4c27-8aa4-f5ccbd034b09,3895286,Robert Andrich,Bayer Leverkusen,2,75,46,68-90+,-1,-1,"[103.8, 45.6]",25.010118524896033,17.140595088852667,1,13.210861535426849,0.13512895648622195,5,11,0.45454545454545453,False,5,11,0.45454545454545453,False,0.39340471982118164,0.39340471982118164,0.39340471982118164,0,4,1,0.0,0.982547490913071,-0.982547490913071,0.13512895648622195,0.13277065204114719,0.982547490913071,0.0023583044450747603,False,Off T,0.060281254
6f5928b5-bad3-4014-98d6-006ba88865ae,3895286,Patrik Schick,Bayer Leverkusen,2,81,12,68-90+,-1,-1,"[113.9, 26.9]",14.202524284921001,14.45060552364502,1,8.545113354306926,0.16482700304344475,4,6,0.6666666666666666,False,4,6,0.6666666666666666,False,0.45624985385212397,0.45624985385212397,0.45624985385212397,0,3,1,0.0,0.982547490913071,-0.982547490913071,0.16482700304344475,0.1619503619216798,0.982547490913071,0.0028766411217649446,False,Off T,0.047049444
1fcd33a5-438c-48ea-9403-94882983b76d,3895286,Patrik Schick,Bayer Leverkusen,2,82,0,68-90+,-1,-1,"[110.4, 35.5]",38.54075226021965,10.60235822824337,1,6.626900609696796,0.22123081728478622,4,11,0.36363636363636365,False,3,10,0.3,False,0.5284686021657454,0.37167822720319554,0.37167822720319554,1,2,1,0.0,0.982547490913071,-0.982547490913071,0.22123081728478622,0.21736980554017804,0.982547490913071,0.003861011744608178,False,Wayward,0.08243443
9565503f-ea3e-4924-94d6-4921a4135e28,3895286,Borja Iglesias Quintas,Bayer Leverkusen,2,86,52,68-90+,-1,-1,"[105.4, 37.7]",29.982047708569628,14.780054127099799,2,7.312959351777481,0.08741383191698882,5,9,0.5555555555555556,False,5,9,0.5555555555555556,False,0.2519653304078932,0.2519653304078932,0.2519653304078932,0,4,1,0.0,0.982547490913071,-0.982547490913071,0.08741383191698882,0.08588825131644855,0.982547490913071,0.001525580600540269,False,Post,0.13514416
326beb2b-4f8c-4cab-b607-7a96334c31a9,3895286,Alejandro Grimaldo García,Bayer Leverkusen,2,88,48,68-90+,0,0,"[98.9, 31.9]",18.836261548510308,22.601327394646532,2,11.276683736132222,0.04766406053857725,8,11,0.7272727272727273,False,7,10,0.7,False,0.45907309933253926,0.4051987683192361,0.4051987683192361,1,6,1,0.0,0.982547490913071,-0.982547490913071,0.04766406053857725,0.04683220772041522,0.982547490913071,0.0008318528181620322,False,Off T,0.041741293
d79d031b-54ec-4e6e-bd2a-83dbd6dd838b,3895220,Nathan Tella,Bayer Leverkusen,1,17,46,0-23,0,0,"[108.1, 56.8]",13.138685229559256,20.58761763779384,2,2.6498803769693215,0.04988875654970772,5,6,0.8333333333333334,False,5,6,0.8333333333333334,False,0.3085987042774247,0.3085987042774247,0.3085987042774247,0,4,1,0.0,0.982547490913071,-0.982547490913071,0.04988875654970772,0.04901807267827323,0.982547490913071,0.0008706838714344911,False,Blocked,0.027469864
7598f02d-2a2b-4a56-b649-2f4d142616ab,3895220,Robert Andrich,Bayer Leverkusen,1,24,15,23-45+,0,0,"[101.3, 55.5]",14.609332105215465,24.288680491125902,2,4.100212247521128,0.03913843256672112,7,9,0.7777777777777778,False,7,9,0.7777777777777778,False,0.16739008805485212,0.16739008805485212,0.16739008805485212,0,6,1,0.0,0.982547490913071,-0.982547490913071,0.03913843256672112,0.03845537365644035,0.982547490913071,0.0006830589102807746,False,Blocked,0.02738129
2c1d7ae5-7b3c-49c8-9b24-086c1d623a20,3895220,Piero Martín Hincapié Reyna,Bayer Leverkusen,1,31,35,23-45+,0,0,"[95.4, 32.9]",17.103484384142792,25.60410123398202,1,21.201632869389492,0.06944678034977943,7,11,0.6363636363636364,False,7,11,0.6363636363636364,False,0.14473840473155447,0.14473840473155447,0.14473840473155447,0,6,1,0.0,0.982547490913071,-0.982547490913071,0.06944678034977943,0.06823476997861866,0.982547490913071,0.0012120103711607683,False,Saved,0.043250825
dad539ba-e148-461c-984c-c2c06a3c07ab,3895220,Nathan Tella,Bayer Leverkusen,1,32,6,23-45+,0,0,"[112.8, 45.2]",42.49063526014827,8.881441324469812,1,4.115157006415595,0.2447013128134108,4,9,0.4444444444444444,False,4,9,0.4444444444444444,False,0.47489210039549956,0.47489210039549956,0.47489210039549956,0,3,1,0.0,0.982547490913071,-0.982547490913071,0.2447013128134108,0.24043068711381674,0.982547490913071,0.0042706256995940495,False,Goal,0.11852788
10f729fd-dcd5-4aa5-858a-79b9332ae499,3895220,Josip Stanišić,Bayer Leverkusen,1,42,25,23-45+,1,+1,"[113.0, 30.6]",24.77035015209522,11.720068259186887,2,7.701941163425901,0.11196819514614362,8,10,0.8,False,7,9,0.7777777777777778,False,0.46624013195650793,0.3115565351065081,0.3115565351065081,1,6,1,0.0,0.0,0.0,0.11196819514614362,0.0,0.0,0.11196819514614362,False,Blocked,0.052361153
56656dde-9b48-409f-bf1d-c7ca17d1e4fe,3895220,Adam Hložek,Bayer Leverkusen,1,42,27,23-45+,1,+1,"[103.4, 34.5]",24.618731273412365,17.487424052730002,3,8.556155725692204,0.03893958675398335,8,10,0.8,False,5,7,0.7142857142857143,False,0.343750360464297,0.2091795696725789,0.2091795696725789,3,4,1,0.0,0.982547490913071,-0.982547490913071,0.03893958675398335,0.03825999740137929,0.982547490913071,0.0006795893526040653,False,Off T,0.0524147
6bf60a52-7b42-4377-b1b0-64c76dac8130,3895220,Borja Iglesias Quintas,Bayer Leverkusen,2,62,52,45-68,2,+2+,"[96.9, 39.8]",19.646461454712597,23.100865784641055,2,7.876403208393286,0.045100864483850304,6,8,0.75,False,6,8,0.75,False,0.1698158052084891,0.1698158052084891,0.1698158052084891,0,5,1,0.0,0.982547490913071,-0.982547490913071,0.045100864483850304,0.04431374616225908,0.982547490913071,0.0007871183215912222,False,Blocked,0.04449064
306af0a0-2adc-41f4-94a0-4550fd1c3fba,3895220,Josip Stanišić,Bayer Leverkusen,2,64,7,45-68,2,+2+,"[97.0, 49.8]",16.81034394422212,25.00079998720041,2,9.71847260511623,0.03911603749362896,7,10,0.7,False,5,8,0.625,False,0.17736710040180018,0.14472707584811448,0.14472707584811448,2,4,1,0.0,0.0,0.0,0.03911603749362896,0.0,0.0,0.03911603749362896,False,Blocked,0.030646805
8c35f1bd-dabd-482f-96d5-8f656b974641,3895220,Nathan Tella,Bayer Leverkusen,2,65,44,45-68,2,+2+,"[81.5, 49.6]",11.179709390885888,39.67883566840136,1,19.736483556316998,0.02249248808693021,6,7,0.8571428571428571,False,4,5,0.8,False,0.2689533016377109,0.16506489768391275,0.16506489768391275,2,3,1,0.0,0.982547490913071,-0.982547490913071,0.02249248808693021,0.022099938377522048,0.982547490913071,0.00039254970940816314,False,Off T,0.005163977
31ebec76-844e-4489-bd55-22ba6baa309e,3895220,Adam Hložek,Bayer Leverkusen,2,75,40,68-90+,2,+2+,"[103.3, 35.0]",24.894418080718317,17.432441022415652,1,12.584043454154308,0.13181161070218578,4,4,1.0,False,4,4,1.0,False,0.24067880536519684,0.24067880536519684,0.24067880536519684,0,3,1,0.0,0.982547490913071,-0.982547490913071,0.13181161070218578,0.12951119668364774,0.982547490913071,0.002300414018538033,False,Blocked,0.098569624
6d54ba6a-93fa-4bc3-9e28-78c9478f1022,3895250,Edmond Fayçal Tapsoba,Bayer Leverkusen,1,29,12,23-45+,0,0,"[101.2, 32.9]",21.19523582496657,20.09601950635996,2,0.5202180360273804,0.027970918699443476,7,7,1.0,False,7,7,1.0,False,0.17272069819331895,0.17272069819331895,0.17272069819331895,0,6,1,0.0,0.982547490913071,-0.982547490913071,0.027970918699443476,0.027482863054217408,0.982547490913071,0.00048805564522606815,False,Blocked,0.043493688
b5e4dcaf-2007-4435-9c52-8d97f8ad39e4,3895250,Florian Wirtz,Bayer Leverkusen,1,40,49,23-45+,0,0,"[110.3, 32.6]",30.28994503113773,12.20040982918197,2,5.376799657334436,0.10535428322208751,5,11,0.45454545454545453,False,5,11,0.45454545454545453,False,0.3207466360468314,0.3207466360468314,0.3207466360468314,0,4,1,0.0,0.982547490913071,-0.982547490913071,0.10535428322208751,0.10351559617417166,0.982547490913071,0.0018386870479158435,False,Off T,0.045675185
ab68d191-79ab-438b-a6e0-cfbb3bfa4474,3895250,Alejandro Grimaldo García,Bayer Leverkusen,1,42,55,23-45+,0,0,"[92.0, 45.2]",15.735014025124244,28.478764018124103,6,9.897393917485,0.002688650724421831,10,11,0.9090909090909091,False,10,11,0.9090909090909091,False,0.36349220147689837,0.36349220147689837,0.36349220147689837,0,9,1,0.01864732602002106,0.9894184712405635,-0.9707711452205424,0.002688650724421831,0.012531099886775664,0.9894184712405635,-0.009842449162353833,False,Saved Off Target,0.04672569
d0be8f04-8249-45de-95ab-bd5eded22cd7,3895250,Florian Wirtz,Bayer Leverkusen,2,52,42,45-68,0,0,"[105.9, 24.1]",14.517382305120353,21.2513528981098,2,9.386904094827708,0.05272208767033985,6,9,0.6666666666666666,False,6,9,0.6666666666666666,False,0.3827595323844716,0.3827595323844716,0.3827595323844716,0,5,1,0.0,0.982547490913071,-0.982547490913071,0.05272208767033985,0.05180196004393934,0.982547490913071,0.0009201276264005076,False,Blocked,0.035352517
6316afa5-dea9-4f61-ad10-6b0b79fb079b,3895250,Robert Andrich,Bayer Leverkusen,2,67,3,45-68,0,0,"[87.1, 28.2]",12.314778897008248,34.9521100936696,2,7.145236262514577,0.017384953966602484,9,11,0.8181818181818182,False,9,11,0.8181818181818182,False,0.2462066147081705,0.2462066147081705,0.2462066147081705,0,8,1,0.21192219827563685,0.9925610880490671,-0.7806388897734302,0.017384953966602484,0.02104404637315964,0.9925610880490671,-0.003659092406557155,False,Goal,0.0062867645
46bc3015-e2de-4dba-8de2-e8b49de20c99,3895266,Josip Stanišić,Bayer Leverkusen,1,16,5,0-23,0,0,"[99.3, 55.5]",14.23558185678128,25.860007733950894,1,23.38116506708057,0.06815924958934616,5,8,0.625,False,5,8,0.625,False,0.15026229823737097,0.15026229823737097,0.15026229823737097,0,4,1,0.0,0.982547490913071,-0.982547490913071,0.06815924958934616,0.06696971263712391,0.982547490913071,0.0011895369522222504,False,Saved,0.026901074
ec85fe91-d865-4a21-a6a2-f990d1ee9fca,3895266,Exequiel Alejandro Palacios,Bayer Leverkusen,1,40,11,23-45+,1,+1,"[90.4, 48.4]",14.274704402767254,30.768815381811493,2,13.40666050345313,0.024938533369942496,9,10,0.9,False,7,8,0.875,False,0.13740157617987434,0.13423656002083176,0.13423656002083176,2,6,1,0.0,0.982547490913071,-0.982547490913071,0.024938533369942496,0.024503295387590326,0.982547490913071,0.00043523798235216987,False,Off T,0.021381944
4f33d4ba-8fee-4ba0-ac0b-2c7fb688004f,3895266,Florian Wirtz,Bayer Leverkusen,2,50,28,45-68,1,+1,"[89.3, 30.0]",13.455742571540053,32.28761372415125,4,9.189891906734694,0.006561505659077168,10,10,1.0,False,9,9,1.0,False,0.1311078303791435,0.09627093931741337,0.09627093931741337,1,8,2,0.004731170016454733,0.9913620465106265,-0.9866308764941718,0.006561505659077168,0.015633096178181354,0.9913620465106265,-0.009071590519104186,False,Blocked,0.02511887
d0de91a1-0989-4463-b5c5-d5ee5842198b,3895266,Granit Xhaka,Bayer Leverkusen,2,69,16,68-90+,1,+1,"[93.8, 51.8]",14.51343141467219,28.734648075102644,2,12.060739238771353,0.029248198149527886,7,10,0.7,False,7,10,0.7,False,0.1488863452186664,0.1488863452186664,0.1488863452186664,0,6,1,0.0,0.982547490913071,-0.982547490913071,0.029248198149527886,0.028737750585178107,0.982547490913071,0.0005104475643497794,False,Saved,0.021693934
d1cfd667-0785-4e25-9324-5897223d021c,3895266,Alejandro Grimaldo García,Bayer Leverkusen,2,70,6,68-90+,1,+1,"[95.4, 59.6]",11.430783684221963,31.45345767956203,1,29.50392229867198,0.04372504915902165,6,9,0.6666666666666666,False,6,9,0.6666666666666666,False,0.16845033217021776,0.16845033217021776,0.16845033217021776,0,5,1,0.0,0.982547490913071,-0.982547490913071,0.04372504915902165,0.04296194466833684,0.982547490913071,0.0007631044906848128,False,Off T,0.008269166
80ed61dc-792c-4432-94c4-17e14d9b6af7,3895266,Jonathan Tah,Bayer Leverkusen,2,77,45,68-90+,1,+1,"[108.4, 48.8]",25.33612228710813,14.56021977856103,1,12.183457979265532,0.16568796578056907,4,8,0.5,False,3,7,0.42857142857142855,False,0.30520095134156694,0.2700795405457161,0.2700795405457161,1,2,1,0.0,0.982547490913071,-0.982547490913071,0.16568796578056907,0.1627963161420751,0.982547490913071,0.002891649638493976,False,Saved,0.034758765
b1f1a7c4-1fe5-4e3b-b707-5225ba587c8a,3895275,Jonathan Tah,Bayer Leverkusen,1,7,47,0-23,1,+1,"[90.5, 46.3]",14.788668027360206,30.165211751287277,1,10.957275069182852,0.04737207463419711,7,10,0.7,False,7,10,0.7,False,0.19333284283697952,0.19333284283697952,0.19333284283697952,0,6,1,0.0,0.0,0.0,0.04737207463419711,0.0,0.0,0.04737207463419711,False,Off T,0.025179192
5b4d4b05-f9c1-46a2-bc2d-f8ca2fe92e0e,3895275,Patrik Schick,Bayer Leverkusen,1,39,51,23-45+,0,0,"[110.8, 29.9]",23.330155819851814,13.66199107011859,0,inf,0.3352230038104413,4,7,0.5714285714285714,False,3,6,0.5,False,0.4867178753653954,0.4867178753653954,0.4867178753653954,1,2,1,0.0,0.982547490913071,-0.982547490913071,0.3352230038104413,0.3293725680096786,0.982547490913071,0.0058504358007626656,False,Saved,0.34640375
019e5bc7-ba5c-4df0-82e1-cc75e4afc92f,3895275,Adam Hložek,Bayer Leverkusen,1,39,53,23-45+,0,0,"[111.4, 36.5]",44.41885994726713,9.284934033152842,1,4.441710770213359,0.23862783567196497,5,7,0.7142857142857143,False,4,6,0.6666666666666666,False,0.4802522559077638,0.4802522559077638,0.4802522559077638,1,3,2,0.001331439598932893,0.9912737395135235,-0.9899422999145906,0.23862783567196497,0.4760614496234947,0.9912737395135235,-0.23743361395152976,False,Goal,0.6657846
c49a2fd5-b6e1-4a66-b0bb-030823e2395e,3895275,Alejandro Grimaldo García,Bayer Leverkusen,2,57,24,45-68,2,+2+,"[108.3, 27.2]",18.197373913913356,17.341568556506072,1,14.725318092280887,0.13338846965258305,3,8,0.375,False,3,8,0.375,False,0.1495696882506359,0.1495696882506359,0.1495696882506359,0,2,1,0.0,0.982547490913071,-0.982547490913071,0.13338846965258305,0.13106053306468735,0.982547490913071,0.002327936587895707,False,Off T,0.05587428
b639189a-d3da-4316-ba3a-a408ff911d73,3895275,Adam Hložek,Bayer Leverkusen,2,74,23,68-90+,2,+2+,"[109.9, 43.6]",39.2285099850692,10.722406446316047,0,inf,0.4240972377593099,4,9,0.4444444444444444,False,3,8,0.375,False,0.4878754708627368,0.4241755229047085,0.4241755229047085,1,2,1,0.0,0.982547490913071,-0.982547490913071,0.4240972377593099,0.4166957418551962,0.982547490913071,0.0074014959041137085,False,Wayward,0.2216173
8504fc44-1916-4c83-8c82-0588d155fa48,3895275,Florian Wirtz,Bayer Leverkusen,2,81,51,68-90+,1,+1,"[114.0, 39.1]",66.56125841474808,6.067124524847005,1,3.8344181178715573,0.30431611455922875,3,9,0.3333333333333333,False,2,8,0.25,False,0.573060383559381,0.3043161163760069,0.3043161163760069,1,1,1,0.0,0.982547490913071,-0.982547490913071,0.30431611455922875,0.2990050365896557,0.982547490913071,0.00531107796957303,False,Post,0.43475327
ea2f37eb-921a-43a6-aa2b-9c84efe982ed,3895275,Granit Xhaka,Bayer Leverkusen,2,86,0,68-90+,1,+1,"[100.3, 28.5]",17.35337777012945,22.810962276940447,2,12.755545522518245,0.04706451815780045,6,8,0.75,False,6,8,0.75,False,0.2060947218979868,0.2060947218979868,0.2060947218979868,0,5,1,0.0,0.982547490913071,-0.982547490913071,0.04706451815780045,0.046243133673995976,0.982547490913071,0.000821384483804477,False,Saved,0.03647135
70eff410-4678-4b29-8615-7667ab8a2c20,3895275,Alejandro Grimaldo García,Bayer Leverkusen,2,89,46,68-90+,1,+1,"[109.6, 44.0]",37.56859202882746,11.142710621747302,3,0.8258302666045104,0.04176160586562734,4,4,1.0,False,3,3,1.0,False,0.6233135146728676,0.6233135146728676,0.6233135146728676,1,2,1,0.0,0.982547490913071,-0.982547490913071,0.04176160586562734,0.04103279052493121,0.982547490913071,0.0007288153406961317,False,Blocked,0.05880406
e873a238-e39c-4e5b-bee7-cbd04d4e5cd7,3895180,Victor Okoh Boniface,Bayer Leverkusen,1,13,46,0-23,0,0,"[103.4, 28.9]",19.13394313627095,19.969226324522438,3,2.49036432213795,0.028491280798615244,7,7,1.0,False,7,7,1.0,False,0.23425191970069023,0.23425191970069023,0.23425191970069023,0,6,1,0.0,0.982547490913071,-0.982547490913071,0.028491280798615244,0.027994037146178402,0.982547490913071,0.000497243652436842,False,Goal,0.052349553
541890a9-808d-4d07-b9b4-950aaf802c90,3895180,Alejandro Grimaldo García,Bayer Leverkusen,1,33,57,23-45+,1,+1,"[95.5, 44.2]",18.037368000950202,24.857393266390584,5,9.373635675835255,0.006530548527504119,10,11,0.9090909090909091,False,10,11,0.9090909090909091,False,0.16342456607312233,0.16342456607312233,0.16342456607312233,0,9,2,0.0004000421481529237,0.9844566681652069,-0.984056626017054,0.006530548527504119,0.019354294478351367,0.9844566681652069,-0.012823745950847247,False,Post,0.07529922
3ae695a8-991a-4f2f-83aa-ea0763b2515b,3895180,Florian Wirtz,Bayer Leverkusen,2,49,44,45-68,1,+1,"[108.0, 33.9]",30.15995573097355,13.461426373159718,1,8.904696798038024,0.17873800145643706,3,6,0.5,False,3,6,0.5,False,0.21365717699973658,0.21365717699973658,0.21365717699973658,0,2,1,0.0,0.982547490913071,-0.982547490913071,0.17873800145643706,0.1756185840599225,0.982547490913071,0.0031194173965145566,False,Off T,0.081502266
41302cc0-8445-4a66-84e4-f304b1a7460a,3895180,Patrik Schick,Bayer Leverkusen,2,72,32,68-90+,3,+2+,"[109.3, 46.1]",32.24386188571261,12.316655390161733,1,9.567203313480592,0.19649035505273785,2,4,0.5,False,2,3,0.6666666666666666,False,0.19649040567811782,0.19649040567811782,0.19649040567811782,0,1,1,0.0,0.982547490913071,-0.982547490913071,0.19649035505273785,0.1930611550875261,0.982547490913071,0.0034291999652117378,False,Saved,0.08704005
541cfc39-9059-45d9-af39-d3525ccdbbf9,3895180,Edmond Fayçal Tapsoba,Bayer Leverkusen,2,89,45,68-90+,3,+2+,"[115.7, 34.7]",48.36439311942405,6.824954212300618,1,1.7092605816401552,0.25157461398470043,4,7,0.5714285714285714,False,4,7,0.5714285714285714,False,0.5753647288836714,0.5753647288836714,0.5753647288836714,0,3,1,0.0,0.982547490913071,-0.982547490913071,0.25157461398470043,0.24718400828473058,0.982547490913071,0.004390605699969852,False,Off T,0.21981987
bc5cf701-66a0-4bbf-a349-b178a8999ebb,3895134,Florian Wirtz,Bayer Leverkusen,1,8,14,0-23,0,0,"[112.9, 34.8]",42.74809154863384,8.800568163476717,1,5.688617238225274,0.2530011333204421,3,7,0.42857142857142855,False,2,6,0.3333333333333333,False,0.45634206766515517,0.25300114567072624,0.25300114567072624,1,1,1,0.0,0.982547490913071,-0.982547490913071,0.2530011333204421,0.24858564087690443,0.982547490913071,0.004415492443537672,False,Goal,0.4335934
44e48928-bcd2-425d-bcd2-88b4b3e10764,3895134,Victor Okoh Boniface,Bayer Leverkusen,1,9,34,0-23,1,+1,"[98.4, 40.3]",20.979128151048958,21.602083232873625,0,inf,0.17760973093402138,3,6,0.5,False,2,5,0.4,False,0.23515958638313741,0.17760975276335414,0.17760975276335414,1,1,1,0.0,0.982547490913071,-0.982547490913071,0.17760973093402138,0.1745100169393245,0.982547490913071,0.0030997139946968844,False,Saved,0.07854628
89aae71e-0195-4011-b31e-746a31a8e5f1,3895134,Jonas Hofmann,Bayer Leverkusen,1,24,50,23-45+,1,+1,"[100.8, 45.0]",22.133373666162374,19.84036289990685,2,13.202583483737385,0.05975358245311636,5,7,0.7142857142857143,False,3,5,0.6,False,0.6385035900000662,0.19712265103710885,0.19712265103710885,2,2,1,0.0,0.982547490913071,-0.982547490913071,0.05975358245311636,0.05871074597497151,0.982547490913071,0.0010428364781448554,False,Off T,0.08007127
e247a33d-7255-4f8f-b6d1-48f2b49cb559,3895134,Jeremie Frimpong,Bayer Leverkusen,1,35,46,23-45+,1,+1,"[114.8, 51.5]",16.18908729701849,12.621014222319854,1,7.5273031464616995,0.1896033501679316,4,5,0.8,False,4,5,0.8,False,0.30327284643938823,0.30327284643938823,0.30327284643938823,0,3,1,0.0,0.982547490913071,-0.982547490913071,0.1896033501679316,0.1862943133857544,0.982547490913071,0.0033090367821771993,False,Off T,0.10737679
e296dfd5-410a-4bd0-a68c-c8355fc52579,3895134,Jonas Hofmann,Bayer Leverkusen,1,44,54,23-45+,1,+1,"[102.0, 47.8]",21.326329209413554,19.617339269126177,2,11.3364957541789,0.06052665614420365,4,6,0.6666666666666666,False,4,6,0.6666666666666666,False,0.2602139945898724,0.2602139945898724,0.2602139945898724,0,3,1,0.0,0.0,0.0,0.06052665614420365,0.0,0.0,0.06052665614420365,False,Blocked,0.041514
43672ac5-0101-457e-a459-fd4511a635ba,3895134,Alejandro Grimaldo García,Bayer Leverkusen,2,69,18,68-90+,0,0,"[103.0, 33.4]",23.249249898778636,18.236227680087786,2,7.9827355042714405,0.0666029538131487,6,7,0.8571428571428571,False,5,6,0.8333333333333334,False,0.19143889551874918,0.10789042886199816,0.10789042886199816,1,4,1,0.0,0.982547490913071,-0.982547490913071,0.0666029538131487,0.06544056790694501,0.982547490913071,0.0011623859062036834,False,Goal,0.067309774
1d46cf14-436d-4645-b4c2-ac1ee76f3aed,3895121,Exequiel Alejandro Palacios,Bayer Leverkusen,1,18,52,0-23,0,0,"[100.3, 29.2]",17.872873377127426,22.46619682990426,3,3.938238966687292,0.024751628695500565,8,10,0.8,False,7,9,0.7777777777777778,False,0.3094445132197977,0.10291514090163172,0.10291514090163172,1,6,1,0.0,0.982547490913071,-0.982547490913071,0.024751628695500565,0.02431965465860639,0.982547490913071,0.0004319740368941734,False,Off T,0.039436143
f8fe0785-2ca0-41e9-b2b6-000ccd504061,3895121,Victor Okoh Boniface,Bayer Leverkusen,1,20,35,0-23,0,0,"[113.9, 42.5]",60.63332830571349,6.592419889539799,1,4.843442297980873,0.2982033977132945,2,9,0.2222222222222222,False,2,9,0.2222222222222222,False,0.2982034245505116,0.2982034245505116,0.2982034245505116,0,1,1,0.0,0.982547490913071,-0.982547490913071,0.2982033977132945,0.29299902657379046,0.982547490913071,0.00520437113950406,False,Off T,0.14380059
e9d3a1c6-d630-4f3d-b52f-6a3dc3fb97f8,3895121,Victor Okoh Boniface,Bayer Leverkusen,1,26,59,23-45+,0,0,"[102.9, 35.5]",24.75603127843296,17.682194433949643,1,13.804357204695497,0.12956767946860737,3,7,0.42857142857142855,False,3,7,0.42857142857142855,False,0.14063156665722237,0.14063156665722237,0.14063156665722237,0,2,1,0.0,0.982547490913071,-0.982547490913071,0.12956767946860737,0.12730641298952494,0.982547490913071,0.0022612664790824244,False,Blocked,0.12416381
e877d7f3-6505-4d08-b4d5-f82ab8c3ec6d,3895121,Jonas Hofmann,Bayer Leverkusen,1,34,15,23-45+,0,0,"[108.4, 45.1]",32.69655055471142,12.671621837791715,2,1.5011893234019542,0.08372772231012474,3,5,0.6,False,3,5,0.6,False,0.19769180186689822,0.19769180186689822,0.19769180186689822,0,2,1,0.49259698685729847,0.9912737290024383,-0.4986767421451398,0.08372772231012474,0.17480408761164146,0.9912737290024383,-0.09107636530151672,False,Blocked,0.107531756
e99d627f-e66e-4177-9c42-3b426364602c,3895121,Jeremie Frimpong,Bayer Leverkusen,1,39,17,23-45+,1,+1,"[107.4, 57.0]",13.141069757715373,21.160340261914502,2,4.929153983224353,0.05109967972655093,5,6,0.8333333333333334,False,5,6,0.8333333333333334,False,0.18831112328899194,0.18831112328899194,0.18831112328899194,0,4,1,0.0,0.982547490913071,-0.982547490913071,0.05109967972655093,0.05020786505992986,0.982547490913071,0.0008918146666210755,False,Blocked,0.023462128
836423cc-0eda-4db1-a100-07e1790c1bcb,3895121,Edmond Fayçal Tapsoba,Bayer Leverkusen,1,44,54,23-45+,1,+1,"[116.2, 37.3]",79.32573290502856,4.661544808322665,1,1.8757552491544,0.30538835353961025,4,10,0.4,False,4,10,0.4,False,0.6301320214464493,0.6301320214464493,0.6301320214464493,0,3,1,0.0,0.982547490913071,-0.982547490913071,0.30538835353961025,0.30005859750235125,0.982547490913071,0.0053297560372589925,False,Off T,0.1891779
b618df8a-6b06-457d-af36-28fae7ca9c46,3895121,Florian Wirtz,Bayer Leverkusen,2,49,22,45-68,1,+1,"[103.3, 29.2]",19.392799219442868,19.887936041731432,1,18.60248288376275,0.10942264810529126,3,5,0.6,False,3,5,0.6,False,0.13926501292470725,0.13926501292470725,0.13926501292470725,0,2,1,0.0,0.982547490913071,-0.982547490913071,0.10942264810529126,0.10751297357793221,0.982547490913071,0.0019096745273590454,False,Saved,0.09521932
a5a83f87-2ee0-4ac1-9fa8-ac8ec64356d1,3895121,Victor Okoh Boniface,Bayer Leverkusen,2,58,54,45-68,1,+1,"[57.7, 33.2]",7.26139496373476,62.670008776128306,0,inf,0.006646926563235819,2,7,0.2857142857142857,False,2,7,0.2857142857142857,False,0.006646927010556773,0.006646927010556773,0.006646927010556773,0,1,1,0.0,0.982547490913071,-0.982547490913071,0.006646926563235819,0.006530921456504878,0.982547490913071,0.00011600510673094155,False,Off T,0.0049094576
b2d5366c-4dee-4904-930e-a75104a88eab,3895107,Victor Okoh Boniface,Bayer Leverkusen,1,11,36,0-23,0,0,"[102.9, 37.7]",25.902276093213406,17.25398504693915,1,14.075978691636857,0.1341581419943758,4,7,0.5714285714285714,False,2,5,0.4,False,0.19463140342664734,0.13415815886531907,0.13415815886531907,2,1,1,0.0,0.982547490913071,-0.982547490913071,0.1341581419943758,0.13181676237863643,0.982547490913071,0.0023413796157393807,False,Blocked,0.061079353
6926b425-5a2d-484b-a4d5-85f4e6298216,3895107,Jonas Hofmann,Bayer Leverkusen,1,14,56,0-23,0,0,"[100.0, 46.8]",20.399435898957208,21.124393482417428,2,6.622392108706524,0.0523212535083913,4,5,0.8,False,4,5,0.8,False,0.17582655630532856,0.17582655630532856,0.17582655630532856,0,3,1,0.0,0.0,0.0,0.0523212535083913,0.0,0.0,0.0523212535083913,False,Blocked,0.055555455
2de00683-0883-4d97-892e-a2500b03e67a,3895107,Alejandro Grimaldo García,Bayer Leverkusen,1,26,14,23-45+,1,+1,"[105.9, 36.7]",30.214118515836038,14.481022063376598,2,4.559862511133466,0.08662180474387711,5,8,0.625,False,5,8,0.625,False,0.21678433801945013,0.21678433801945013,0.21678433801945013,0,4,1,0.0,0.982547490913071,-0.982547490913071,0.08662180474387711,0.08511004542419794,0.982547490913071,0.0015117593196791734,False,Blocked,0.10844014
db44dcba-6ceb-4173-af6c-d18a1883a2eb,3895107,Alejandro Grimaldo García,Bayer Leverkusen,1,34,50,23-45+,2,+2+,"[106.3, 65.9]",7.411927819751549,29.300170647967228,1,14.733642547858022,0.0512437098401582,8,10,0.8,False,8,10,0.8,False,0.3045570389642696,0.3045570389642696,0.3045570389642696,0,7,1,0.0,0.982547490913071,-0.982547490913071,0.0512437098401582,0.05034937884579082,0.982547490913071,0.0008943309943673788,False,Saved,0.0076719634
30bc9a92-63a7-4dea-86b1-5fd2cd200584,3895107,Florian Wirtz,Bayer Leverkusen,1,35,26,23-45+,2,+2+,"[102.9, 40.3]",26.324174427767627,17.102631376487064,3,9.956951487427533,0.04042190456909334,8,9,0.8888888888888888,False,7,8,0.875,False,0.26925260458136924,0.26925260458136924,0.26925260458136924,1,6,1,0.0,0.982547490913071,-0.982547490913071,0.04042190456909334,0.039716445558104316,0.982547490913071,0.0007054590109890277,False,Off T,0.03361518
ea579ea8-c5c3-43cb-86b1-b254b3d6e3fb,3895107,Jeremie Frimpong,Bayer Leverkusen,2,53,34,45-68,2,+2+,"[107.3, 45.1]",30.672667071403897,13.685759021698434,1,5.56913323264102,0.17089854817799516,3,5,0.6,False,2,4,0.5,False,0.23950112213474137,0.17089858716970255,0.17089858716970255,1,1,1,0.0,0.982547490913071,-0.982547490913071,0.17089854817799516,0.16791597802417998,0.982547490913071,0.0029825701538151728,False,Saved,0.38250083
858312e1-fe6f-4281-914e-4fb03ba0374f,3895107,Victor Okoh Boniface,Bayer Leverkusen,2,66,31,45-68,2,+2+,"[114.9, 34.2]",43.067128220284154,7.723341245859845,0,inf,0.5390929361412016,2,3,0.6666666666666666,False,2,3,0.6666666666666666,False,0.539093004305737,0.539093004305737,0.539093004305737,0,1,1,0.0,0.982547490913071,-0.982547490913071,0.5390929361412016,0.5296844787493913,0.982547490913071,0.009408457391810288,False,Goal,0.37799448
5d05bf0a-7b81-496f-8f02-725cdc90f3e9,3895107,Victor Okoh Boniface,Bayer Leverkusen,2,67,53,45-68,3,+2+,"[107.0, 45.3]",29.86875430495574,14.038874598770372,1,8.716570002805852,0.1705034789385728,3,6,0.5,False,3,6,0.5,False,0.19683623939969727,0.19683623939969727,0.19683623939969727,0,2,1,0.0,0.0,0.0,0.1705034789385728,0.0,0.0,0.1705034789385728,False,Saved,0.28238183
97093c18-29f0-422a-b0f3-bbbc3aadaa6a,3895107,Nathan Tella,Bayer Leverkusen,2,83,53,68-90+,3,+2+,"[98.6, 54.7]",14.582942329484077,25.9624729176556,3,4.606474874067634,0.0189902017762488,5,8,0.625,False,5,8,0.625,False,0.09253793923176,0.09253793923176,0.09253793923176,0,4,1,0.05341935703254341,0.9912740993824987,-0.9378547423499553,0.0189902017762488,0.03042569094842263,0.9912740993824987,-0.01143548917217383,False,Blocked,0.026818357
5667d74e-c1f0-4282-91a4-5f89c6db16e2,3895074,Alejandro Grimaldo García,Bayer Leverkusen,1,23,54,23-45+,-1,-1,"[94.6, 42.2]",17.770900550191737,25.49509756796393,5,9.625647908112548,0.006212676672887367,9,10,0.9,False,9,10,0.9,False,0.1531485979108742,0.1531485979108742,0.1531485979108742,0,8,1,0.193605262143573,0.9914514591442121,-0.7978461970006391,0.006212676672887367,0.017081739073548135,0.9914514591442121,-0.010869062400660767,False,Goal,0.06606824
e580ccbc-f422-455f-8282-476165725146,3895074,Victor Okoh Boniface,Bayer Leverkusen,1,31,38,23-45+,0,0,"[111.0, 28.8]",20.710193261089202,14.368020044529448,2,1.2948139165571273,0.07006258934024175,5,6,0.8333333333333334,False,5,6,0.8333333333333334,False,0.5180763610939617,0.5180763610939617,0.5180763610939617,0,4,1,0.0,0.0,0.0,0.07006258934024175,0.0,0.0,0.07006258934024175,False,Off T,0.12689573
85e396a8-118d-44af-a36a-c585a7caacb8,3895074,Alejandro Grimaldo García,Bayer Leverkusen,2,80,10,68-90+,0,0,"[101.6, 29.0]",18.358961826680446,21.43735058256967,3,4.65802485012194,0.027300197181771964,5,6,0.8333333333333334,False,4,5,0.8,False,0.21682164936547094,0.18754469632087212,0.18754469632087212,1,3,1,0.18712892122537284,0.9913364738007046,-0.8042075525753317,0.027300197181771964,0.09382616690696292,0.9913364738007046,-0.06652596972519095,False,Blocked,0.03284856
e60bd19e-3e61-4b34-82f6-77046e0a643f,3895074,Victor Okoh Boniface,Bayer Leverkusen,2,87,10,68-90+,-1,-1,"[108.8, 35.2]",34.07160980739419,12.185236969382256,2,9.256872352958416,0.10882326912728703,5,6,0.8333333333333334,False,3,4,0.75,False,0.4779793237370325,0.11630897487427043,0.11630897487427043,2,2,1,0.0,0.982547490913071,-0.982547490913071,0.10882326912728703,0.10692405502872475,0.982547490913071,0.0018992140985622796,False,Off T,0.24694893
14f4ee20-90ef-4221-a07d-24b00db16885,3895139,Victor Okoh Boniface,Bayer Leverkusen,1,8,44,0-23,0,0,"[93.9, 35.2]",16.8766500612875,26.537709019431194,1,22.64430744584466,0.06452637621116881,3,7,0.42857142857142855,False,3,7,0.42857142857142855,False,0.08104974294751621,0.08104974294751621,0.08104974294751621,0,2,1,0.0,0.982547490913071,-0.982547490913071,0.06452637621116881,0.06340023727428663,0.982547490913071,0.0011261389368821817,False,Wayward,0.038663615
b25cbbfb-18c1-4626-80be-243bae5dd40c,3895139,Jonathan Tah,Bayer Leverkusen,1,15,4,0-23,0,0,"[113.5, 47.7]",31.295532393347248,10.076705810928493,2,1.6800563266094695,0.1060098016826251,6,9,0.6666666666666666,False,6,8,0.75,False,0.5820118339802307,0.5820118339802307,0.5820118339802307,0,5,1,0.0,0.0,0.0,0.1060098016826251,0.0,0.0,0.1060098016826251,False,Blocked,0.054101896
26249219-1aaa-403d-9971-85039ac34c21,3895139,Alejandro Grimaldo García,Bayer Leverkusen,1,22,24,0-23,0,0,"[101.9, 22.7]",13.33458011900371,25.03797116381437,2,8.427157854600496,0.038754698427914146,6,8,0.75,False,5,7,0.7142857142857143,False,0.446391053982099,0.3716153539665908,0.3716153539665908,1,4,1,0.0,0.982547490913071,-0.982547490913071,0.038754698427914146,0.038078336311984734,0.982547490913071,0.0006763621159294117,False,Goal,0.02085993
be933b6b-1652-4653-9ad8-a0df5b72be37,3895139,Jeremie Frimpong,Bayer Leverkusen,1,25,32,23-45+,1,+1,"[112.5, 45.8]",39.07721535974761,9.48103369891701,1,6.278221436921595,0.24118403470267585,3,5,0.6,False,3,5,0.6,False,0.24840773958972587,0.24840773958972587,0.24840773958972587,0,2,1,0.0,0.0,0.0,0.24118403470267585,0.0,0.0,0.24118403470267585,False,Saved,0.36149883
a3e2798c-f550-4f03-a9f1-791ef44d42e6,3895139,Victor Okoh Boniface,Bayer Leverkusen,1,29,33,23-45+,1,+1,"[112.8, 37.1]",52.46747934610534,7.762087348130014,1,5.520536062708135,0.27432994464726546,2,5,0.4,False,2,5,0.4,False,0.27432998741930165,0.27432998741930165,0.27432998741930165,0,1,1,0.0,0.982547490913071,-0.982547490913071,0.27432994464726546,0.26954224082104916,0.982547490913071,0.004787703826216294,False,Saved,0.1880658
0002e561-40cf-401a-a298-61f1cce6a57c,3895139,Florian Wirtz,Bayer Leverkusen,1,44,11,23-45+,1,+1,"[103.9, 37.4]",27.26032321230407,16.30858669535775,1,13.827851737521115,0.14462457083002553,3,5,0.6,False,3,5,0.6,False,0.17729542049676383,0.17729542049676383,0.17729542049676383,0,2,1,0.0,0.982547490913071,-0.982547490913071,0.14462457083002553,0.14210052856543962,0.982547490913071,0.002524042264585913,False,Saved,0.15075712
14f03914-07c6-4c95-b877-970da010ce39,3895139,Florian Wirtz,Bayer Leverkusen,2,65,44,45-68,2,+2+,"[97.3, 30.9]",17.32655835915125,24.456083087853624,1,21.557319429756372,0.0761506373734301,4,6,0.6666666666666666,False,4,6,0.6666666666666666,False,0.13184196583148677,0.13184196583148677,0.13184196583148677,0,3,1,0.0,0.982547490913071,-0.982547490913071,0.0761506373734301,0.07482163361468797,0.982547490913071,0.0013290037587421338,False,Saved,0.028427424
7ee1b993-b077-4b24-a347-eccea5858827,3895139,Nathan Tella,Bayer Leverkusen,2,82,34,68-90+,3,+2+,"[108.4, 54.8]",15.369939750778016,18.80425483766905,1,11.280792210945679,0.11767850701158113,4,6,0.6666666666666666,False,4,6,0.6666666666666666,False,0.2992897803973084,0.2992897803973084,0.2992897803973084,0,3,1,0.0,0.982547490913071,-0.982547490913071,0.11767850701158113,0.11562473548587722,0.982547490913071,0.002053771525703907,False,Goal,0.06197454
bb89db40-cc3f-4041-bb40-f2dd98ec5ef4,3895086,Victor Okoh Boniface,Bayer Leverkusen,1,5,4,0-23,0,0,"[110.0, 39.7]",43.572178520017395,10.004498987955369,3,1.9602713926352886,0.06054228107385754,8,10,0.8,False,8,10,0.8,False,0.3080035795474607,0.3080035795474607,0.3080035795474607,0,7,1,0.0,0.0,0.0,0.06054228107385754,0.0,0.0,0.06054228107385754,False,Blocked,0.0978509
db3c376e-5207-4397-9d26-ed33a83fa345,3895086,Florian Wirtz,Bayer Leverkusen,1,34,2,23-45+,1,+1,"[98.3, 48.8]",18.061846636624786,23.41644721130855,1,17.297207671911778,0.08237766812272977,3,7,0.42857142857142855,False,2,6,0.3333333333333333,False,0.09630440868494226,0.08237768830642232,0.08237768830642232,1,1,1,0.0,0.982547490913071,-0.982547490913071,0.08237766812272977,0.08093999095269429,0.982547490913071,0.001437677170035484,False,Blocked,0.073264666
0ef3a93b-18c2-4b26-8ff5-6adf8579c4b1,3895086,Jeremie Frimpong,Bayer Leverkusen,1,44,47,23-45+,1,+1,"[110.3, 42.7]",42.267007983780786,10.068763578513504,1,6.9061461254048755,0.23144326537535248,3,8,0.375,False,3,7,0.42857142857142855,False,0.6092064545367388,0.6092064545367388,0.6092064545367388,0,2,1,0.0,0.982547490913071,-0.982547490913071,0.23144326537535248,0.22740404440505343,0.982547490913071,0.004039220970299046,False,Wayward,0.11592275
47f57094-415a-48b6-81c9-327493fcb4a5,3895086,Alejandro Grimaldo García,Bayer Leverkusen,2,72,0,68-90+,1,+1,"[107.5, 37.9]",34.655178492134354,12.675172582651488,3,6.753497360886768,0.05651538494882197,6,6,1.0,False,5,5,1.0,False,0.42101193318149327,0.32196924698303886,0.32196924698303886,1,4,1,0.0,0.982547490913071,-0.982547490913071,0.05651538494882197,0.05552905082839558,0.982547490913071,0.0009863341204263895,False,Saved,0.10766188
3d197463-15e7-4534-941b-998d61b05b41,3895086,Victor Okoh Boniface,Bayer Leverkusen,2,76,15,68-90+,2,+2+,"[99.0, 42.1]",21.367150843710693,21.10473880435387,2,4.476250802013665,0.05090777573506776,4,5,0.8,False,4,5,0.8,False,0.09985920471740552,0.09985920471740552,0.09985920471740552,0,3,1,0.0,0.982547490913071,-0.982547490913071,0.05090777573506776,0.05001930752620515,0.982547490913071,0.0008884682088626111,False,Post,0.0521231
ada34db0-2814-449f-9d43-3e47f9452fba,3895320,Patrik Schick,Bayer Leverkusen,1,19,14,0-23,0,0,"[98.9, 38.1]",21.305806598095405,21.18537231204587,2,6.799539451132337,0.05214863363070902,5,8,0.625,False,4,7,0.5714285714285714,False,0.3048087465509776,0.10660436420996253,0.10660436420996253,1,3,1,0.0,0.982547490913071,-0.982547490913071,0.05214863363070902,0.05123851425427953,0.982547490913071,0.0009101193764294926,False,Blocked,0.07205808
114ea3d5-b95a-4069-b461-c8eef8f45645,3895320,Patrik Schick,Bayer Leverkusen,1,23,42,23-45+,0,0,"[95.3, 49.4]",16.148110023152533,26.42820463065927,1,20.482566105781093,0.06497288996622635,2,5,0.4,False,2,5,0.4,False,0.06497290183140948,0.06497290183140948,0.06497290183140948,0,1,1,0.0,0.982547490913071,-0.982547490913071,0.06497288996622635,0.06383896167179266,0.982547490913071,0.001133928294433692,False,Wayward,0.027360361
ec11ccd2-e976-4b5e-be7b-958599a7a146,3895320,Robert Andrich,Bayer Leverkusen,1,44,18,23-45+,0,0,"[91.8, 55.3]",12.551196424896066,32.08317315977333,1,28.216968874501266,0.04155116498794708,5,11,0.45454545454545453,False,5,11,0.45454545454545453,False,0.1027029003376053,0.1027029003376053,0.1027029003376053,0,4,1,0.0,0.982547490913071,-0.982547490913071,0.04155116498794708,0.04082600278988864,0.982547490913071,0.0007251621980584391,False,Saved,0.011808117
1c715553-ddc6-47ca-8cd3-b47a22b98998,3895320,Amine Adli,Bayer Leverkusen,2,60,57,45-68,-2,-2+,"[103.4, 27.9]",18.113840287514165,20.54190838262112,2,3.424357471823166,0.05181047628323041,6,9,0.6666666666666666,False,4,7,0.5714285714285714,False,0.3528221893238426,0.3528221893238426,0.3528221893238426,2,3,1,0.0,0.982547490913071,-0.982547490913071,0.05181047628323041,0.05090625550356654,0.982547490913071,0.0009042207796638724,False,Goal,0.060058244
815b0d8f-5e2f-4186-975e-1d6b3034e4ce,3895320,Robert Andrich,Bayer Leverkusen,2,95,59,68-90+,-1,-1,"[110.4, 39.9]",45.235968732500496,9.600520819205586,4,4.923621978148628,0.038802031673897695,6,11,0.5454545454545454,False,5,10,0.5,False,0.5726808152229421,0.1634303174946389,0.1634303174946389,1,4,1,0.0,0.982547490913071,-0.982547490913071,0.038802031673897695,0.03812484270656638,0.982547490913071,0.0006771889673313145,False,Goal,0.2119004
cb5393d7-7266-47d9-8f01-6f5b2e29f18b,3895309,Jeremie Frimpong,Bayer Leverkusen,1,0,17,0-23,0,0,"[113.9, 58.3]",7.803216739771616,19.28989372702711,1,13.966452312383025,0.11396868562106881,4,6,0.6666666666666666,False,4,6,0.6666666666666666,False,0.2532648687076553,0.2532648687076553,0.2532648687076553,0,3,1,0.0,0.982547490913071,-0.982547490913071,0.11396868562106881,0.11197965661581677,0.982547490913071,0.001989029005252038,False,Off T,0.0075281602
ae41d0bf-149b-47ec-9d30-59ffe0585f84,3895309,Jonas Hofmann,Bayer Leverkusen,1,13,13,0-23,0,0,"[93.9, 51.0]",14.873161146634349,28.323311953230323,2,2.742603246525023,0.0270055793939908,6,6,1.0,False,6,6,1.0,False,0.11848854176426599,0.11848854176426599,0.11848854176426599,0,5,1,0.0,0.982547490913071,-0.982547490913071,0.0270055793939908,0.02653426519287063,0.982547490913071,0.0004713142011201696,False,Off T,0.017508581
6d6b9bdf-4012-44eb-a865-f50a0756ac6a,3895309,Nathan Tella,Bayer Leverkusen,1,20,26,0-23,0,0,"[112.1, 34.3]",38.695214261950426,9.741663102366049,2,1.4927977713783847,0.10568563609085259,6,9,0.6666666666666666,False,5,8,0.625,False,0.5149996083554688,0.5149996083554688,0.5149996083554688,1,4,1,0.0,0.982547490913071,-0.982547490913071,0.10568563609085259,0.10384117432954075,0.982547490913071,0.0018444617613118386,False,Wayward,0.06545268
cd1b1b5f-4444-4fba-8a0e-0990fdda83a7,3895309,Nathan Tella,Bayer Leverkusen,2,53,36,45-68,0,0,"[95.4, 26.0]",14.071265333682813,28.304769916040648,1,25.194315674494845,0.05612027124723873,3,8,0.375,False,3,8,0.375,False,0.25475393557387865,0.25475393557387865,0.25475393557387865,0,2,1,0.0,0.982547490913071,-0.982547490913071,0.05612027124723873,0.05514083750695851,0.982547490913071,0.0009794337402802208,False,Off T,0.031657387
e6985eba-993d-4164-ad9e-5cee358f8916,3895309,Alejandro Grimaldo García,Bayer Leverkusen,2,56,25,45-68,0,0,"[113.5, 65.7]",4.330177245950203,26.509243670840558,2,10.934593919672526,0.034828451938406384,8,9,0.8888888888888888,False,8,9,0.8888888888888888,False,0.35144319684180314,0.35144319684180314,0.35144319684180314,0,7,1,0.0,0.982547490913071,-0.982547490913071,0.034828451938406384,0.034220615825196324,0.982547490913071,0.0006078361132100599,False,Saved,0.008364713
bf52cf72-7765-4da6-8ac0-38d2fa7b68ee,3895309,Nathan Tella,Bayer Leverkusen,2,67,47,45-68,0,0,"[115.3, 36.8]",66.52428352972343,5.6859475903318035,2,2.8207453335762596,0.16584821124576343,4,5,0.8,False,4,5,0.8,False,0.17547750642274465,0.17547750642274465,0.17547750642274465,0,3,1,0.0,0.982547490913071,-0.982547490913071,0.16584821124576343,0.16295376086769506,0.982547490913071,0.002894450378068375,False,Saved,0.66548026
df860089-0e1c-4262-9f27-c30e8511f4a0,3895258,Jonas Hofmann,Bayer Leverkusen,1,2,59,0-23,0,0,"[102.9, 43.8]",25.189738210415303,17.51713446885648,2,9.024171209555641,0.0709559400198014,6,7,0.8571428571428571,False,5,6,0.8333333333333334,False,0.26606032487107045,0.26606032487107045,0.26606032487107045,1,4,1,0.0,0.982547490913071,-0.982547490913071,0.0709559400198014,0.06971758950027128,0.982547490913071,0.0012383505195301264,False,Off T,0.09465459
7d827fcc-5473-49e5-ad82-3ce7b969c17b,3895258,Alejandro Grimaldo García,Bayer Leverkusen,1,21,36,0-23,0,0,"[93.0, 32.7]",15.741956272928343,27.969447616998085,5,11.24659456604078,0.005127576589990133,10,11,0.9090909090909091,False,10,11,0.9090909090909091,False,0.16256203743754988,0.16256203743754988,0.16256203743754988,0,9,2,0.2006779475864099,0.9893640563924906,-0.7886861088060807,0.005127576589990133,0.04868846545114185,0.9893640563924906,-0.04356088886115172,False,Off T,0.053792328
69077479-a638-4838-b54c-8e918a5350ad,3895258,Jeremie Frimpong,Bayer Leverkusen,1,24,33,23-45+,0,0,"[104.4, 50.2]",20.635580557825392,18.638669480410876,1,15.648107567181713,0.12043371566097447,3,8,0.375,False,3,8,0.375,False,0.22464245178155903,0.22464245178155903,0.22464245178155903,0,2,1,0.0,0.982547490913071,-0.982547490913071,0.12043371566097447,0.11833185312565167,0.982547490913071,0.002101862535322796,False,Blocked,0.04683825
3c231f08-f99b-48c6-b5bd-684f31a4ee14,3895258,Alejandro Grimaldo García,Bayer Leverkusen,1,30,58,23-45+,0,0,"[99.6, 21.4]",12.338079607803259,27.606520968785624,3,11.256067056915573,0.01752620536825411,10,11,0.9090909090909091,False,10,11,0.9090909090909091,False,0.23979183995103442,0.23979183995103442,0.23979183995103442,0,9,1,0.00021830138221223816,0.9912737485533348,-0.9910554471711226,0.01752620536825411,0.028881870356155876,0.9912737485533348,-0.011355664987901765,False,Off T,0.012014611
3aa1c41c-d7d7-4fa5-9071-3492d7801027,3895258,Florian Wirtz,Bayer Leverkusen,1,40,48,23-45+,1,+1,"[113.0, 24.7]",11.841512688722268,16.825278600962303,1,11.802859800204052,0.13808133550940038,3,8,0.375,False,3,8,0.375,False,0.14146452717158417,0.14146452717158417,0.14146452717158417,0,2,1,0.0,0.0,0.0,0.13808133550940038,0.0,0.0,0.13808133550940038,False,Saved,0.018504012
5c583506-8bd9-4dcb-a300-90df976b806a,3895258,Alejandro Grimaldo García,Bayer Leverkusen,2,53,34,45-68,1,+1,"[107.8, 37.3]",34.85706133210383,12.495199078045939,1,11.738470394281032,0.19520755218812877,3,9,0.3333333333333333,False,3,9,0.3333333333333333,False,0.20155327790147742,0.20155327790147742,0.20155327790147742,0,2,1,0.0,0.982547490913071,-0.982547490913071,0.19520755218812877,0.19180073229857295,0.982547490913071,0.0034068198895558233,False,Wayward,0.0325437
bb4c3ea2-0278-4be9-b803-262116e98b43,3895258,Alejandro Grimaldo García,Bayer Leverkusen,2,54,36,45-68,1,+1,"[93.9, 50.1]",15.224403614763608,27.986067962470177,4,7.709686786121235,0.009179631478115829,10,10,1.0,False,10,10,1.0,False,0.23285606065710154,0.23285606065710154,0.23285606065710154,0,9,1,0.0,0.982547490913071,-0.982547490913071,0.009179631478115829,0.009019425183782518,0.982547490913071,0.00016020629433331074,False,Blocked,0.022162419
434417ed-5698-4a29-9936-358cc3b66708,3895258,Patrik Schick,Bayer Leverkusen,2,56,24,45-68,1,+1,"[111.9, 34.5]",39.056565396793836,9.790812019439446,1,9.27687137122641,0.24017608275919516,3,10,0.3,False,2,9,0.2222222222222222,False,0.3524507996248862,0.2401761057541949,0.2401761057541949,1,1,1,0.0,0.982547490913071,-0.982547490913071,0.24017608275919516,0.2359844300860566,0.982547490913071,0.004191652673138563,False,Wayward,0.05361262
6fe5f4b6-f7c3-44c1-b4bd-95ed3f7b55c1,3895258,Nathan Tella,Bayer Leverkusen,2,75,25,68-90+,2,+2+,"[99.8, 35.8]",21.526963931724865,20.63201395889408,2,6.707650605569701,0.05446513455425359,8,9,0.8888888888888888,False,7,8,0.875,False,0.26958221693632245,0.1336503933301853,0.1336503933301853,1,6,1,0.0,0.982547490913071,-0.982547490913071,0.05446513455425359,0.0535145921435254,0.982547490913071,0.0009505424107281932,False,Blocked,0.056193374
409661d0-a947-4255-a640-1776ac1ede23,3895258,Alejandro Grimaldo García,Bayer Leverkusen,2,83,7,68-90+,2,+2+,"[108.9, 23.6]",13.282281608036326,19.80328255618244,1,16.878177292628468,0.10992446333703189,4,10,0.4,False,4,10,0.4,False,0.2855441236165184,0.2855441236165184,0.2855441236165184,0,3,1,0.0,0.982547490913071,-0.982547490913071,0.10992446333703189,0.10800601558592489,0.982547490913071,0.0019184477511069997,False,Off T,0.040050685
360afde3-2360-417f-b287-f7019b84680b,3895244,Robert Andrich,Bayer Leverkusen,1,8,5,0-23,0,0,"[98.4, 46.3]",19.416189738543764,22.499999999999993,3,3.8134847615166585,0.024602900422107287,7,8,0.875,False,6,7,0.8571428571428571,False,0.21990079419244696,0.20949383980292977,0.20949383980292977,1,5,1,0.0,0.982547490913071,-0.982547490913071,0.024602900422107287,0.024173520202410117,0.982547490913071,0.0004293802196971702,False,Blocked,0.04071183
a7463583-f8f4-412f-88d2-c7c834a4105d,3895244,Jeremie Frimpong,Bayer Leverkusen,1,14,47,0-23,0,0,"[93.8, 45.3]",16.702329466598613,26.730693967796647,2,14.596541570702533,0.03453233080245215,9,11,0.8181818181818182,False,9,11,0.8181818181818182,False,0.1833750275949878,0.1833750275949878,0.1833750275949878,0,8,1,0.0,0.982547490913071,-0.982547490913071,0.03453233080245215,0.03392966331486595,0.982547490913071,0.0006026674875862018,False,Blocked,0.02349934
aa0325e3-4158-4f49-8025-7ea3464a7c15,3895244,Robert Andrich,Bayer Leverkusen,1,21,35,0-23,0,0,"[110.3, 43.7]",40.21452324187067,10.381714694596461,1,9.48136878828592,0.22929975054934568,5,8,0.625,False,3,6,0.5,False,0.5394145106618801,0.26143944137182307,0.26143944137182307,2,2,1,0.0,0.982547490913071,-0.982547490913071,0.22929975054934568,0.22529793911367163,0.982547490913071,0.004001811435674046,False,Wayward,0.05730636
61796fa6-51f2-4327-9a4a-8ce3061138fb,3895244,Piero Martín Hincapié Reyna,Bayer Leverkusen,1,33,27,23-45+,0,0,"[105.6, 37.7]",30.362299057516406,14.582523787054152,1,12.104654838118824,0.16535724211294844,5,10,0.5,False,4,9,0.4444444444444444,False,0.29576087129763634,0.29576087129763634,0.29576087129763634,1,3,1,0.48405241510250974,0.9913486996411284,-0.5072962845386186,0.16535724211294844,0.16541770095889816,0.9913486996411284,-6.04588459497124e-05,False,Wayward,0.023191312
ad530050-f93b-472f-bb7f-893084f82c0b,3895244,Patrik Schick,Bayer Leverkusen,1,45,12,23-45+,0,0,"[117.8, 48.1]",17.91250938596329,8.39344982709732,1,6.220640268639305,0.262953505192498,2,9,0.2222222222222222,False,2,9,0.2222222222222222,False,0.26295354675247096,0.26295354675247096,0.26295354675247096,0,1,1,0.0,0.982547490913071,-0.982547490913071,0.262953505192498,0.25836434758833327,0.982547490913071,0.004589157604164729,False,Blocked,0.04577166
73ad5c99-6b0b-4885-b952-7fc60573d9b7,3895244,Jeremie Frimpong,Bayer Leverkusen,2,50,0,45-68,1,+1,"[94.0, 38.7]",17.450363122571954,26.03247971285102,1,23.10209786406903,0.06721137184373799,6,9,0.6666666666666666,False,5,8,0.625,False,0.14206787416067518,0.1134317052735066,0.1134317052735066,1,4,1,0.0,0.0,0.0,0.06721137184373799,0.0,0.0,0.06721137184373799,False,Off T,0.036521208
1995f196-873a-41a9-82cb-4d02f9820485,3895244,Amine Adli,Bayer Leverkusen,2,55,20,45-68,1,+1,"[104.4, 49.1]",21.917881626184567,18.06017718628474,1,13.995930039718498,0.12575824419770318,2,6,0.3333333333333333,False,2,6,0.3333333333333333,False,0.125758264655126,0.125758264655126,0.125758264655126,0,1,1,0.0,0.982547490913071,-0.982547490913071,0.12575824419770318,0.12356346739847598,0.982547490913071,0.002194776799227194,False,Off T,0.12802543
3b0f8177-43ab-4849-88a7-3a32b82e13f2,3895244,Jeremie Frimpong,Bayer Leverkusen,2,60,18,45-68,1,+1,"[112.4, 54.3]",13.869144948072657,16.194134740701642,1,12.809635723663673,0.145619638539506,4,7,0.5714285714285714,False,4,7,0.5714285714285714,False,0.5445341040575544,0.5445341040575544,0.5445341040575544,0,3,1,0.0,0.982547490913071,-0.982547490913071,0.145619638539506,0.14307822587590044,0.982547490913071,0.0025414126636055523,False,Off T,0.0645191
56a9f9f7-e9be-476d-bbff-f585f20f6a71,3895244,Florian Wirtz,Bayer Leverkusen,2,76,55,68-90+,1,+1,"[111.8, 52.2]",18.152705886651166,14.699659860010371,1,12.15320374417994,0.1638365620588661,5,8,0.625,False,5,8,0.625,False,0.2614822392352246,0.2614822392352246,0.2614822392352246,0,4,1,0.0,0.982547490913071,-0.982547490913071,0.1638365620588661,0.160977216178673,0.982547490913071,0.002859345880193098,False,Post,0.14015244
0f521099-6066-4bcc-9c17-86c9e8df453e,3895244,Amine Adli,Bayer Leverkusen,2,80,46,68-90+,1,+1,"[108.9, 36.4]",36.46266486480486,11.66919020326603,0,inf,0.39316134029354155,2,5,0.4,False,2,5,0.4,False,0.3931614007520603,0.3931614007520603,0.3931614007520603,0,1,1,0.0,0.982547490913071,-0.982547490913071,0.39316134029354155,0.38629974783280524,0.982547490913071,0.00686159246073631,False,Goal,0.6213816
b1eb5bd8-29a5-4595-8851-7fab15cd4580,3895232,Josip Stanišić,Bayer Leverkusen,1,17,35,0-23,0,0,"[112.9, 49.7]",23.84654768407904,12.020815280171307,0,inf,0.38225581473920356,2,7,0.2857142857142857,False,2,6,0.3333333333333333,False,0.38225582347319126,0.38225582347319126,0.38225582347319126,0,1,1,0.0,0.982547490913071,-0.982547490913071,0.38225581473920356,0.3755845002404939,0.982547490913071,0.006671314498709668,False,Goal,0.32476836
347c50d3-0976-4531-935e-1603068c7171,3895232,Nathan Tella,Bayer Leverkusen,1,22,6,0-23,1,+1,"[108.0, 51.8]",19.759691970668776,16.82973558912914,1,12.531378594883058,0.13830433179526427,3,4,0.75,False,3,4,0.75,False,0.1483366035612439,0.1483366035612439,0.1483366035612439,0,2,1,0.0,0.0,0.0,0.13830433179526427,0.0,0.0,0.13830433179526427,False,Saved,0.08542998
0b4667fc-257b-4538-b85b-ab5f9f8c1643,3895232,Granit Xhaka,Bayer Leverkusen,1,36,12,23-45+,1,+1,"[93.8, 43.8]",17.01615464299385,26.47413832403238,6,14.751316019838857,0.00319858328503121,9,10,0.9,False,9,10,0.9,False,0.23337478354329383,0.23337478354329383,0.23337478354329383,0,8,1,0.0,0.982547490913071,-0.982547490913071,0.00319858328503121,0.0031427607501088653,0.982547490913071,5.582253492234478e-05,False,Wayward,0.02057064
6f4e27cf-73d8-42da-934e-affa6c5679c9,3895232,Amine Adli,Bayer Leverkusen,1,36,15,23-45+,1,+1,"[109.2, 41.8]",39.75127672265429,10.948972554536793,1,7.110566860824892,0.21606583851616593,4,9,0.4444444444444444,False,4,9,0.4444444444444444,False,0.3632479367296002,0.3632479367296002,0.3632479367296002,0,3,1,0.3711437532970031,0.9912977816116599,-0.6201540283146568,0.21606583851616593,0.23371789094865256,0.9912977816116599,-0.01765205243248663,False,Saved,0.0526198
42d1a571-12fb-402e-a71f-c97406e1e607,3895232,Nathan Tella,Bayer Leverkusen,2,58,31,45-68,2,+2+,"[105.4, 59.2]",11.663917781689806,24.120530674095875,1,20.024738915353886,0.07811151876878997,4,7,0.5714285714285714,False,4,7,0.5714285714285714,False,0.2429832024732998,0.2429832024732998,0.2429832024732998,0,3,1,0.0,0.982547490913071,-0.982547490913071,0.07811151876878997,0.07674827869311568,0.982547490913071,0.001363240075674288,False,Saved,0.01002003
66d26935-f0c5-4574-af05-2223f780e8b5,3895232,Jeremie Frimpong,Bayer Leverkusen,2,72,55,68-90+,2,+2+,"[110.4, 51.5]",20.229063560052904,14.980320423809362,1,10.824949969626388,0.15955329002149304,4,7,0.5714285714285714,False,4,7,0.5714285714285714,False,0.4330981061160176,0.4330981061160176,0.4330981061160176,0,3,1,0.0,0.982547490913071,-0.982547490913071,0.15955329002149304,0.15676869645360852,0.982547490913071,0.002784593567884519,False,Off T,0.05841828
a38faed5-995c-4dbb-9216-76345fef3cc1,3895232,Jeremie Frimpong,Bayer Leverkusen,2,87,32,68-90+,2,+2+,"[106.9, 52.8]",18.162793896117172,18.31529415543195,2,2.3563119039421228,0.05871967991356218,3,3,1.0,False,3,3,1.0,False,0.2449902836343198,0.2449902836343198,0.2449902836343198,0,2,1,0.0,0.982547490913071,-0.982547490913071,0.05871967991356218,0.05769487464696377,0.982547490913071,0.0010248052665984136,False,Saved to Post,0.045614313
57cf2298-1d5f-4ddc-b495-a7c5a1293725,3895232,Jeremie Frimpong,Bayer Leverkusen,2,94,38,68-90+,2,+2+,"[88.6, 74.7]",6.590997322046242,46.79797004144518,0,inf,0.0236631189985354,4,5,0.8,False,4,5,0.8,False,0.03495837235609474,0.03495837235609474,0.03495837235609474,0,3,1,0.0,0.982547490913071,-0.982547490913071,0.0236631189985354,0.02325014050377037,0.982547490913071,0.0004129784947650289,False,Goal,0.009305765
6807107f-cda7-4197-b8a2-bfa3fa3e14fa,3895210,Patrik Schick,Bayer Leverkusen,1,7,4,0-23,0,0,"[99.9, 48.0]",19.58272795107272,21.633538776631063,2,4.066619560182533,0.04836180656929525,5,9,0.5555555555555556,False,4,8,0.5,False,0.2273115108740974,0.15355677333342235,0.15355677333342235,1,3,1,0.0,0.982547490913071,-0.982547490913071,0.04836180656929525,0.04751777541685672,0.982547490913071,0.0008440311524385291,False,Blocked,0.051984634
a0f8cecf-9282-4671-b2d7-caa400ebbc95,3895210,Florian Wirtz,Bayer Leverkusen,1,18,14,0-23,0,0,"[94.9, 51.7]",14.971302521285763,27.69295939404093,1,23.813081834640276,0.058881151892816105,3,8,0.375,False,3,8,0.375,False,0.20893356351936065,0.20893356351936065,0.20893356351936065,0,2,1,0.0,0.982547490913071,-0.982547490913071,0.058881151892816105,0.0578535329179589,0.982547490913071,0.0010276189748572029,False,Off T,0.024915434
87919f54-9bbd-4166-8b87-69671048ff7c,3895210,Florian Wirtz,Bayer Leverkusen,1,22,59,0-23,0,0,"[109.9, 41.5]",42.47338566268718,10.210778618695045,1,6.6235971323470215,0.22826399756131927,4,6,0.6666666666666666,False,3,5,0.6,False,0.427468764523422,0.2340636287280759,0.2340636287280759,1,2,1,0.0,0.982547490913071,-0.982547490913071,0.22826399756131927,0.22428024209160743,0.982547490913071,0.0039837554697118305,False,Saved,0.44135413
52a6660d-96ce-42bf-97bc-b6eb01ccd5e4,3895210,Florian Wirtz,Bayer Leverkusen,1,24,24,23-45+,0,0,"[95.3, 52.9]",14.56504182747845,27.86574958618555,2,8.323498411839955,0.03089018809204421,6,6,1.0,False,6,6,1.0,False,0.09892460855054491,0.09892460855054491,0.09892460855054491,0,5,1,0.0,0.982547490913071,-0.982547490913071,0.03089018809204421,0.030351081327990047,0.982547490913071,0.0005391067640541647,False,Blocked,0.023665518
50082789-7bb3-4919-aeaa-38b0f575fa52,3895210,Jonas Hofmann,Bayer Leverkusen,1,45,25,23-45+,0,0,"[101.5, 35.7]",23.23428531563443,18.99315666233499,1,17.62105292064501,0.11740184548373632,5,10,0.5,False,5,10,0.5,False,0.16050097599485036,0.16050097599485036,0.16050097599485036,0,4,1,0.0,0.0,0.0,0.11740184548373632,0.0,0.0,0.11740184548373632,False,Saved,0.056421287
ac9967b4-f720-4a0c-9505-abd47ae6ae13,3895210,Granit Xhaka,Bayer Leverkusen,2,64,41,45-68,0,0,"[88.9, 47.9]",13.790992911841913,32.08769234457348,3,4.674706333211093,0.011648448778487171,8,9,0.8888888888888888,False,7,8,0.875,False,0.08277293657656952,0.06908720065585763,0.06908720065585763,1,6,1,0.0,0.982547490913071,-0.982547490913071,0.011648448778487171,0.01144515491548065,0.982547490913071,0.00020329386300652064,False,Blocked,0.019440634
13b84dff-8265-494a-8cb7-ed3d14a17f00,3895210,Jonas Hofmann,Bayer Leverkusen,2,68,6,68-90+,0,0,"[108.3, 48.9]",25.06860021397225,14.700340132119395,1,10.417244326317173,0.1629315538812754,3,6,0.5,False,3,6,0.5,False,0.5175847673197561,0.5175847673197561,0.5175847673197561,0,2,1,0.0,0.982547490913071,-0.982547490913071,0.1629315538812754,0.1600880077260345,0.982547490913071,0.002843546155240906,False,Blocked,0.05091942
d75a9f04-2133-444b-8f8f-a08ceb25a858,3895210,Nathan Tella,Bayer Leverkusen,2,68,30,68-90+,0,0,"[104.9, 25.1]",15.553383963983498,21.213674834879498,1,18.174258253548732,0.0983617629737672,4,9,0.4444444444444444,False,3,8,0.375,False,0.3848686626473531,0.3848686626473531,0.3848686626473531,1,2,1,0.0,0.982547490913071,-0.982547490913071,0.0983617629737672,0.09664511371751991,0.982547490913071,0.001716649256247288,False,Blocked,0.02932745
0d31867c-3cd9-48fe-8549-1be0a48ede76,3895210,Alejandro Grimaldo García,Bayer Leverkusen,2,71,34,68-90+,0,0,"[94.0, 27.0]",14.085019658907115,29.068883707497267,2,4.934937753215996,0.0271449184179973,8,11,0.7272727272727273,False,8,11,0.7272727272727273,False,0.18156220939920714,0.18156220939920714,0.18156220939920714,0,7,1,0.18321174277112262,0.9836945470022374,-0.8004828042311147,0.0271449184179973,0.03045037110489208,0.9836945470022374,-0.003305452686894781,False,Blocked,0.023267351
8e5a686b-1115-4ba2-9d63-04cb38e685c9,3895202,Granit Xhaka,Bayer Leverkusen,1,5,54,0-23,0,0,"[93.8, 46.1]",16.4988477586542,26.900743484149285,3,3.253704726637855,0.016992278156368654,7,7,1.0,False,7,7,1.0,False,0.13882044743346664,0.13882044743346664,0.13882044743346664,0,6,1,0.0,0.982547490913071,-0.982547490913071,0.016992278156368654,0.01669572261351889,0.982547490913071,0.0002965555428497621,False,Off T,0.029031394
acbfb3a8-6469-4ab0-b391-c1308e661799,3895202,Florian Wirtz,Bayer Leverkusen,1,9,58,0-23,-1,-1,"[100.3, 28.1]",17.055691327970596,23.015212360523638,2,5.977680158533303,0.04468432188391282,7,8,0.875,False,6,7,0.8571428571428571,False,0.2852328969125356,0.2852328969125356,0.2852328969125356,1,5,1,0.0,0.982547490913071,-0.982547490913071,0.04468432188391282,0.04390447690452067,0.982547490913071,0.0007798449793921455,False,Blocked,0.047096375
f26e400c-f1e4-4293-a3cd-ad4705a38e8f,3895202,Exequiel Alejandro Palacios,Bayer Leverkusen,1,26,2,23-45+,-1,-1,"[97.5, 39.7]",20.157793378214773,22.50199991111901,2,6.1978429666120896,0.04666790659736458,7,11,0.6363636363636364,False,7,11,0.6363636363636364,False,0.19693851765959947,0.19693851765959947,0.19693851765959947,0,6,1,0.0,0.0,0.0,0.04666790659736458,0.0,0.0,0.04666790659736458,False,Off T,0.045703232
34b7332c-6c9a-418d-8b9d-8e7051e4eb1c,3895202,Nathan Tella,Bayer Leverkusen,2,46,16,45-68,-1,-1,"[116.0, 44.1]",62.28649279451517,5.728001396647876,0,inf,0.6323956123702605,2,7,0.2857142857142857,False,2,7,0.2857142857142857,False,0.6323956676262839,0.6323956676262839,0.6323956676262839,0,1,1,0.0,0.982547490913071,-0.982547490913071,0.6323956123702605,0.6213587764905016,0.982547490913071,0.0110368358797589,False,Goal,0.7886074
026b70bb-f466-414f-ab42-ea78913ed33f,3895202,Patrik Schick,Bayer Leverkusen,2,52,32,45-68,0,0,"[111.2, 26.8]",16.631417486191477,15.86442561204155,2,0.777077103951317,0.05059495133308845,4,6,0.6666666666666666,False,4,6,0.6666666666666666,False,0.19825705098161484,0.19825705098161484,0.19825705098161484,0,3,1,0.0,0.982547490913071,-0.982547490913071,0.05059495133308845,0.04971201436737159,0.982547490913071,0.0008829369657168615,False,Off T,0.08268725
cfc2c881-aa53-456f-b264-f07e54c71e50,3895202,Jonathan Tah,Bayer Leverkusen,2,62,52,45-68,-1,-1,"[116.6, 43.5]",73.97951502223117,4.879549159502345,2,2.1271872755755608,0.16890722583374843,6,8,0.75,False,6,8,0.75,False,0.7741625552998251,0.7741625552998251,0.7741625552998251,0,5,2,0.0008094700991480019,0.9912737262170697,-0.9904642561179217,0.16890722583374843,0.3063006191625587,0.9912737262170697,-0.13739339332881026,False,Goal,0.18319073
d24074ce-8755-464b-a571-1410e818c108,3895202,Florian Wirtz,Bayer Leverkusen,2,67,23,45-68,0,0,"[100.8, 32.0]",20.237094276062848,20.8,3,4.896483894255517,0.028848673321362876,7,9,0.7777777777777778,False,7,9,0.7777777777777778,False,0.18428024507047144,0.18428024507047144,0.18428024507047144,0,6,1,0.0,0.982547490913071,-0.982547490913071,0.028848673321362876,0.02834519665897403,0.982547490913071,0.0005034766623888444,False,Off T,0.053576183
47548962-cb46-43f1-b770-c92667223c10,3895202,Piero Martín Hincapié Reyna,Bayer Leverkusen,2,82,31,68-90+,0,0,"[105.9, 25.3]",15.789716708169081,20.36909423612154,2,4.813000674812839,0.05433233312631317,8,8,1.0,False,6,6,1.0,False,0.2316842533775483,0.2131469216436286,0.2131469216436286,2,5,1,0.0,0.982547490913071,-0.982547490913071,0.05433233312631317,0.05338409926309744,0.982547490913071,0.0009482338632157347,False,Saved,0.03944763
7b7e1a10-7f5f-4d26-b918-a562d4264294,3895194,Alejandro Grimaldo García,Bayer Leverkusen,1,27,1,23-45+,0,0,"[93.4, 31.5]",15.56801333991144,27.925078334715547,3,4.932464191218444,0.016324281206250818,8,8,1.0,False,7,7,1.0,False,0.16289276821546272,0.16289276821546272,0.16289276821546272,1,6,2,0.2812443955733861,0.9915830815074507,-0.7103386859340646,0.016324281206250818,0.04980590766857817,0.9915830815074507,-0.03348162646232735,False,Post,0.02559302
bad58b17-fb47-40b0-ad9e-f04f7d971e32,3895194,Jonas Hofmann,Bayer Leverkusen,1,31,40,23-45+,0,0,"[105.4, 39.2]",30.561657468759712,14.621901381147385,1,10.806020375006813,0.16418383841491294,4,5,0.8,False,3,4,0.75,False,0.24319929394174206,0.24319929394174206,0.24319929394174206,1,2,1,0.0,0.982547490913071,-0.982547490913071,0.16418383841491294,0.161318437813678,0.982547490913071,0.002865400601234941,False,Blocked,0.12362787
dd1bd9b5-ad51-48ec-97e2-27727f544625,3895194,Granit Xhaka,Bayer Leverkusen,1,31,43,23-45+,0,0,"[95.3, 41.4]",18.341175126760735,24.7396442981705,2,12.15143311771104,0.04027237730102814,6,6,1.0,False,5,5,1.0,False,0.22327506069717132,0.16481029169599165,0.16481029169599165,1,4,1,0.0,0.982547490913071,-0.982547490913071,0.04027237730102814,0.03956953234521742,0.982547490913071,0.0007028449558107164,False,Off T,0.033858515
7fc54483-0625-42fa-8a49-37383ace9c9f,3895194,Patrik Schick,Bayer Leverkusen,1,33,57,23-45+,0,0,"[108.8, 40.6]",39.21544750196319,11.216059914247966,1,8.245415912744292,0.21314201527577242,3,8,0.375,False,3,8,0.375,False,0.3840077592445124,0.3840077592445124,0.3840077592445124,0,2,1,0.0,0.982547490913071,-0.982547490913071,0.21314201527577242,0.20942220122802824,0.982547490913071,0.0037198140477441854,False,Saved,0.11429135
90b6bc5e-e4b7-4b30-a33c-c5611d3809d9,3895194,Exequiel Alejandro Palacios,Bayer Leverkusen,1,42,4,23-45+,0,0,"[89.8, 46.5]",14.43941106247332,30.891584614583955,3,7.8433657743719065,0.013268993473852022,10,10,1.0,False,10,10,1.0,False,0.16283777799412977,0.16283777799412977,0.16283777799412977,0,9,1,0.0,0.982547490913071,-0.982547490913071,0.013268993473852022,0.013037419109721983,0.982547490913071,0.00023157436413003864,False,Off T,0.019969188
275da5de-6ced-4def-a639-fdea406c8308,3895194,Exequiel Alejandro Palacios,Bayer Leverkusen,2,49,57,45-68,0,0,"[95.3, 26.7]",14.375315315339355,28.053163814443465,1,25.186587831300706,0.057261053920477686,9,12,0.75,False,9,12,0.75,False,0.20714188720540197,0.20714188720540197,0.20714188720540197,0,8,1,0.0,0.982547490913071,-0.982547490913071,0.057261053920477686,0.056261718471210975,0.982547490913071,0.0009993354492667111,False,Off T,0.020382116
eccb00bb-acf3-4788-a4cb-57d617fd57f4,3895194,Granit Xhaka,Bayer Leverkusen,2,53,27,45-68,0,0,"[103.4, 44.2]",25.59798492703517,17.12308383440319,2,5.268185121055358,0.07095040388395518,6,8,0.75,False,5,7,0.7142857142857143,False,0.2261133902258198,0.2261133902258198,0.2261133902258198,1,4,1,0.0,0.982547490913071,-0.982547490913071,0.07095040388395518,0.06971214725339436,0.982547490913071,0.001238256630560819,False,Off T,0.037826136
f87cf155-1404-4e36-add7-a2165c38b209,3895194,Piero Martín Hincapié Reyna,Bayer Leverkusen,2,56,19,45-68,0,0,"[94.9, 28.5]",15.060172595319216,27.609056485146315,2,7.982893978588159,0.031466504108938906,7,9,0.7777777777777778,False,7,9,0.7777777777777778,False,0.13975519963967198,0.13975519963967198,0.13975519963967198,0,6,1,0.0,0.982547490913071,-0.982547490913071,0.031466504108938906,0.03091733782763586,0.982547490913071,0.0005491662813030471,False,Blocked,0.027110409
ba78d598-fa40-4f9a-b5fa-5d60a6cf9663,3895194,Patrik Schick,Bayer Leverkusen,2,64,5,45-68,0,0,"[99.6, 44.9]",21.04429939965168,20.980228788075696,2,2.0657397972479807,0.04632592531093815,6,8,0.75,False,5,7,0.7142857142857143,False,0.162242255090269,0.162242255090269,0.162242255090269,1,4,1,0.0,0.982547490913071,-0.982547490913071,0.04632592531093815,0.045517422617517594,0.982547490913071,0.0008085026934205528,False,Blocked,0.0394539
c6cfad25-1b20-41e4-b1e8-f4e04e00f917,3895194,Jeremie Frimpong,Bayer Leverkusen,2,64,7,45-68,0,0,"[110.4, 51.1]",21.06735447988093,14.675489770362008,1,9.372083344178392,0.16255820992200978,5,7,0.7142857142857143,False,5,7,0.7142857142857143,False,0.20190748796332983,0.20190748796332983,0.20190748796332983,0,4,1,0.0,0.982547490913071,-0.982547490913071,0.16255820992200978,0.15972118723311,0.982547490913071,0.002837022688899793,False,Off T,0.047103617
9dd32137-bc45-4746-be89-cde55a2ba02a,3895194,Florian Wirtz,Bayer Leverkusen,2,68,21,68-90+,0,0,"[113.3, 29.1]",19.945721428289936,12.794530081249565,1,9.338715699568686,0.1889269496066324,3,9,0.3333333333333333,False,3,9,0.3333333333333333,False,0.22074186135483728,0.22074186135483728,0.22074186135483728,0,2,1,0.0,0.982547490913071,-0.982547490913071,0.1889269496066324,0.18562972718132686,0.982547490913071,0.0032972224253055293,False,Post,0.112848714
d5c2a615-ca75-4be8-ac0c-2242345456a1,3895194,Patrik Schick,Bayer Leverkusen,2,70,49,68-90+,0,0,"[107.5, 37.2]",34.02978117550781,12.809761902549164,1,9.24019154624754,0.18861071479816993,3,6,0.5,False,3,6,0.5,False,0.46555535596536846,0.46555535596536846,0.46555535596536846,0,2,1,0.0,0.0,0.0,0.18861071479816993,0.0,0.0,0.18861071479816993,False,Blocked,0.12957473
b41aeef4-5600-4587-9c86-b9b4deda1e14,3895194,Alejandro Grimaldo García,Bayer Leverkusen,2,75,29,68-90+,0,0,"[111.8, 36.7]",46.5561533378713,8.839117603018982,1,5.830355968451499,0.25265361123572266,3,9,0.3333333333333333,False,3,9,0.3333333333333333,False,0.39432848985943764,0.39432848985943764,0.39432848985943764,0,2,1,0.0,0.982547490913071,-0.982547490913071,0.25265361123572266,0.24824422448257044,0.982547490913071,0.004409386753152222,False,Blocked,0.06683657
d98fec59-0de2-4cc0-8664-50c218404e83,3895194,Jeremie Frimpong,Bayer Leverkusen,2,81,24,68-90+,0,0,"[106.3, 52.3]",18.744124375203082,18.41140950606444,1,14.204739145041003,0.12232517924307533,4,7,0.5714285714285714,False,4,7,0.5714285714285714,False,0.387888241635204,0.387888241635204,0.387888241635204,0,3,1,0.0,0.982547490913071,-0.982547490913071,0.12232517924307533,0.12019032402431253,0.982547490913071,0.0021348552187628045,False,Off T,0.04399584
d52d42f9-4699-4562-b4d5-a0007613f9c8,3895194,Jonas Hofmann,Bayer Leverkusen,2,87,58,68-90+,0,0,"[96.9, 31.4]",17.34823390824161,24.648935068274245,3,7.674830420974871,0.021839539339070232,8,9,0.8888888888888888,False,7,8,0.875,False,0.14524929421700458,0.13605993776450173,0.13605993776450173,1,6,1,0.0,0.982547490913071,-0.982547490913071,0.021839539339070232,0.021458386632914283,0.982547490913071,0.00038115270615594887,False,Saved,0.03425886
edf76979-b202-4ab7-9f07-2fc046885c2d,3895194,Exequiel Alejandro Palacios,Bayer Leverkusen,2,93,49,68-90+,0,0,"[110.9, 35.6]",40.192514300421976,10.107917688624097,2,3.307103596453392,0.11888660076603845,5,9,0.5555555555555556,False,4,8,0.5,False,0.5573517215716274,0.5573517215716274,0.5573517215716274,1,3,1,0.0,0.982547490913071,-0.982547490913071,0.11888660076603845,0.1168117369820124,0.982547490913071,0.0020748637840260487,False,Goal,0.097868256
27037aa8-470a-4626-8f97-026d8c84b185,3895182,Florian Wirtz,Bayer Leverkusen,1,10,44,0-23,0,0,"[108.5, 31.2]",25.407054376720268,14.480676779764128,0,inf,0.3139711606419824,4,6,0.6666666666666666,False,4,6,0.6666666666666666,False,0.460807757408045,0.460807757408045,0.460807757408045,0,3,1,0.0,0.0,0.0,0.3139711606419824,0.0,0.0,0.3139711606419824,False,Blocked,0.10643516
cc3427d0-a618-49a5-84bf-b9b2c79c4d6c,3895182,Jeremie Frimpong,Bayer Leverkusen,1,33,44,23-45+,2,+2+,"[104.4, 51.4]",19.252611076803824,19.321490625725538,1,12.475505581094987,0.11329252607906584,4,6,0.6666666666666666,False,4,6,0.6666666666666666,False,0.23655613153619087,0.23655613153619087,0.23655613153619087,0,3,1,0.0,0.982547490913071,-0.982547490913071,0.11329252607906584,0.1113152901184686,0.982547490913071,0.0019772359605972484,False,Saved,0.10313727
38e5bc9c-78c1-417a-81a2-42479d4569e6,3895182,Piero Martín Hincapié Reyna,Bayer Leverkusen,1,34,29,23-45+,2,+2+,"[115.5, 38.4]",79.28812283555561,4.775981574503822,0,inf,0.6824414617301218,2,9,0.2222222222222222,False,2,8,0.25,False,0.6824414896383731,0.6824414896383731,0.6824414896383731,0,1,1,0.0,0.982547490913071,-0.982547490913071,0.6824414617301218,0.6705311733391621,0.982547490913071,0.011910288390959645,False,Blocked,0.15088059
5fbe5edf-bfaa-4257-ad5a-220d8a9bb8da,3895182,Patrik Schick,Bayer Leverkusen,1,40,10,23-45+,2,+2+,"[105.2, 39.9]",30.246786683210107,14.80033783398203,2,1.6303828443517916,0.07212401756651846,4,8,0.5,False,3,7,0.42857142857142855,False,0.3081488538344797,0.106737182710518,0.106737182710518,1,2,1,0.0,0.982547490913071,-0.982547490913071,0.07212401756651846,0.07086528441918452,0.982547490913071,0.0012587331473339347,False,Off T,0.13148005
17f17d10-0361-43dd-95e8-62d119453f99,3895182,Jonas Hofmann,Bayer Leverkusen,1,41,47,23-45+,2,+2+,"[100.0, 44.1]",21.761470953283297,20.415925156602626,2,5.590639827551096,0.05475852723650868,5,5,1.0,False,5,5,1.0,False,0.2562188823489571,0.2562188823489571,0.2562188823489571,0,4,1,0.0,0.982547490913071,-0.982547490913071,0.05475852723650868,0.05380285468693295,0.982547490913071,0.0009556725495757298,False,Saved,0.077682205
db9ae937-6b5c-4f90-8b47-fdf4f27786d5,3895182,Alejandro Grimaldo García,Bayer Leverkusen,1,42,32,23-45+,2,+2+,"[110.9, 38.9]",46.94410391354617,9.166242414424785,1,7.559587536921348,0.2500205078909764,2,6,0.3333333333333333,False,2,6,0.3333333333333333,False,0.25002053920941725,0.25002053920941725,0.25002053920941725,0,1,1,0.0,0.982547490913071,-0.982547490913071,0.2500205078909764,0.24565705347694602,0.982547490913071,0.004363454414030382,False,Off T,0.4563931
8ae9d212-2ada-45b7-8a2b-7e626cc15bbc,3895182,Jonas Hofmann,Bayer Leverkusen,2,59,20,45-68,3,+2+,"[103.8, 44.1]",26.211378017831525,16.710774967068406,2,5.016634458075126,0.07305105282088473,5,8,0.625,False,4,7,0.5714285714285714,False,0.2809020343261235,0.2809020343261235,0.2809020343261235,1,3,1,0.0,0.982547490913071,-0.982547490913071,0.07305105282088473,0.07177614390985455,0.982547490913071,0.0012749089110301731,False,Blocked,0.056596298
dfc23d71-49a7-40a0-bd2c-44840b3dc103,3895182,Victor Okoh Boniface,Bayer Leverkusen,2,68,12,68-90+,3,+2+,"[110.1, 51.1]",21.10296282186992,14.873466307488652,1,6.988718028020125,0.1576918592419379,3,4,0.75,False,3,4,0.75,False,0.16077162421880115,0.16077162421880115,0.16077162421880115,0,2,1,0.0,0.982547490913071,-0.982547490913071,0.1576918592419379,0.15493974175848604,0.982547490913071,0.0027521174834518602,False,Goal,0.34414628
88776c4f-596f-4ee0-83fd-097d0e4f83ce,3895182,Edmond Fayçal Tapsoba,Bayer Leverkusen,2,81,8,68-90+,4,+2+,"[109.9, 37.9]",41.784216161433456,10.316006979447033,4,4.726776543027958,0.03651964933472745,5,8,0.625,False,5,8,0.625,False,0.3663678106032661,0.3663678106032661,0.3663678106032661,0,4,1,0.0,0.982547490913071,-0.982547490913071,0.03651964933472745,0.035882293874101176,0.982547490913071,0.0006373554606262724,False,Saved,0.12813282
d759adec-4c7c-468f-815f-08067d531ca2,3895182,Jeremie Frimpong,Bayer Leverkusen,2,93,11,68-90+,4,+2+,"[104.8, 47.8]",23.78651068121851,17.084495895401773,2,8.641887311565496,0.07331090879442825,4,5,0.8,False,4,5,0.8,False,0.20052903177456124,0.20052903177456124,0.20052903177456124,0,3,1,0.0,0.982547490913071,-0.982547490913071,0.07331090879442825,0.07203146593255523,0.982547490913071,0.001279442861873023,False,Saved,0.10220095
f57f63cd-7c41-4327-a0fb-0e38f49cae30,3895167,Victor Okoh Boniface,Bayer Leverkusen,1,23,51,23-45+,0,0,"[107.1, 42.1]",33.68665126747903,13.069812546475184,2,0.6413111046588152,0.0567382186138395,6,8,0.75,False,6,8,0.75,False,0.16802941162578677,0.16802941162578677,0.16802941162578677,0,5,1,0.0,0.982547490913071,-0.982547490913071,0.0567382186138395,0.05574803021479167,0.982547490913071,0.0009901883990478325,False,Saved,0.17982207
a4edc69f-f0f7-430c-a367-51a72a525730,3895167,Amine Adli,Bayer Leverkusen,1,29,17,23-45+,0,0,"[111.3, 38.8]",48.707013758840574,8.782368700982673,2,2.7543052853463745,0.12901628014499156,6,10,0.6,False,6,10,0.6,False,0.3002306675074995,0.3002306675074995,0.3002306675074995,0,5,2,0.0002725501066596081,0.9912737209495439,-0.9910011708428843,0.12901628014499156,0.128556644246379,0.9912737209495439,0.00045963589861255927,False,Off T,0.062382694
85e565bb-80fc-4a56-b3b1-b8ea24a6d904,3895167,Victor Okoh Boniface,Bayer Leverkusen,2,52,0,45-68,0,0,"[110.9, 38.9]",46.94410391354617,9.166242414424785,1,7.595944807181022,0.2500838367973947,2,8,0.25,False,2,7,0.2857142857142857,False,0.2500838680841444,0.2500838680841444,0.2500838680841444,0,1,1,0.0,0.982547490913071,-0.982547490913071,0.2500838367973947,0.24571927710391153,0.982547490913071,0.004364559693483178,False,Saved,0.093883015
23427aaa-0911-45a8-8b0a-15e835616257,3895167,Victor Okoh Boniface,Bayer Leverkusen,2,60,1,45-68,0,0,"[111.8, 26.1]",15.021826945681811,16.138463371709214,1,11.422339343342282,0.1457159404329751,3,5,0.6,False,3,5,0.6,False,0.5347228375562938,0.5347228375562938,0.5347228375562938,0,2,1,0.0,0.982547490913071,-0.982547490913071,0.1457159404329751,0.14317285235054167,0.982547490913071,0.00254308808243342,False,Blocked,0.051992577
8e4846a9-c97e-42b7-b219-023fec7d93d2,3895167,Alejandro Grimaldo García,Bayer Leverkusen,2,60,9,45-68,0,0,"[94.4, 27.8]",14.565228069439367,28.358420266298324,2,10.68591127201224,0.030013557392051395,6,8,0.75,False,4,6,0.6666666666666666,False,0.20864132108272349,0.13517499543734462,0.13517499543734462,2,3,1,0.0,0.982547490913071,-0.982547490913071,0.030013557392051395,0.029489747874326917,0.982547490913071,0.000523809517724478,False,Blocked,0.021429176
9da39a45-ab5c-4835-969e-e2f9fcf5678b,3895167,Jeremie Frimpong,Bayer Leverkusen,2,72,8,68-90+,0,0,"[103.7, 51.3]",19.062094140934438,19.833809518093084,3,1.3873561089971629,0.02534882376462541,7,8,0.875,False,5,6,0.8333333333333334,False,0.592147240610401,0.19885958705084097,0.19885958705084097,2,4,1,0.0,0.982547490913071,-0.982547490913071,0.02534882376462541,0.02490643017271359,0.982547490913071,0.0004423935919118209,False,Saved,0.044807762
6027b96c-f6af-4db5-a43f-374ef60d6c2e,3895167,Jonathan Tah,Bayer Leverkusen,2,87,1,68-90+,0,0,"[104.8, 39.4]",29.44607941904262,15.211837495845138,2,6.056098852202821,0.08349269635969012,4,9,0.4444444444444444,False,4,9,0.4444444444444444,False,0.21680096566011464,0.21680096566011464,0.21680096566011464,0,3,1,0.0,0.982547490913071,-0.982547490913071,0.08349269635969012,0.0820355567470411,0.982547490913071,0.001457139612649011,False,Off T,0.06837945
970bb83f-ebe2-48ac-9d61-75afcb2026a5,3895167,Patrik Schick,Bayer Leverkusen,2,88,45,68-90+,0,0,"[111.4, 47.3]",31.733764245983046,11.28051417267847,1,8.299250522864517,0.21211254828933668,3,6,0.5,False,3,5,0.6,False,0.30109388345347615,0.30109388345347615,0.30109388345347615,0,2,1,0.0,0.982547490913071,-0.982547490913071,0.21211254828933668,0.2084106777058213,0.982547490913071,0.003701870583515371,False,Blocked,0.043944217
fb3e4261-26e0-45e3-8f54-a7ce7661e65e,3895167,Jonathan Tah,Bayer Leverkusen,2,89,19,68-90+,0,0,"[113.8, 31.9]",29.39327000355053,10.200490184299971,1,8.31450554840231,0.2312749750140565,3,9,0.3333333333333333,False,3,8,0.375,False,0.3350422761049452,0.3350422761049452,0.3350422761049452,0,2,1,0.0,0.982547490913071,-0.982547490913071,0.2312749750140565,0.22723867271186263,0.982547490913071,0.004036302302193873,False,Saved,0.05857957
e3498422-e3ce-4ac5-99fc-30aa04d876b4,3895158,Granit Xhaka,Bayer Leverkusen,1,13,34,0-23,-1,-1,"[95.5, 52.8]",14.681529586874941,27.642177917088947,2,14.006160818859023,0.03206683070762408,7,9,0.7777777777777778,False,7,9,0.7777777777777778,False,0.11755498244771379,0.11755498244771379,0.11755498244771379,0,6,1,0.0,0.0,0.0,0.03206683070762408,0.0,0.0,0.03206683070762408,False,Saved,0.021554975
df5eca50-7090-494a-8484-64ea250c5cb4,3895158,Granit Xhaka,Bayer Leverkusen,1,20,6,0-23,-1,-1,"[95.8, 48.2]",16.908323104569167,25.55151658904027,3,11.008866787425545,0.020641417252306928,7,8,0.875,False,6,7,0.8571428571428571,False,0.3902657174761496,0.2252843580972556,0.2252843580972556,1,5,1,0.0,0.982547490913071,-0.982547490913071,0.020641417252306928,0.020281176844182666,0.982547490913071,0.00036024040812426134,False,Off T,0.022244284
2860fc95-0c6b-42b9-ad7e-053c421c3068,3895158,Granit Xhaka,Bayer Leverkusen,1,48,37,23-45+,-1,-1,"[102.8, 40.3]",26.1764914282047,17.20261608011991,2,12.264450609300502,0.07362108052283872,4,9,0.4444444444444444,False,4,9,0.4444444444444444,False,0.415062062013746,0.415062062013746,0.415062062013746,0,3,1,0.0,0.982547490913071,-0.982547490913071,0.07362108052283872,0.07233622512128815,0.982547490913071,0.001284855401550572,False,Off T,0.08714992
f05b6edb-4ca7-4cfa-842e-77754f338b1c,3895158,Jeremie Frimpong,Bayer Leverkusen,2,47,38,45-68,-1,-1,"[94.9, 42.3]",17.964614668434155,25.20515820224106,4,8.596321417117029,0.011528371584545413,11,11,1.0,False,10,10,1.0,False,0.2991721444126417,0.2619499638758405,0.2619499638758405,1,9,1,0.0,0.982547490913071,-0.982547490913071,0.011528371584545413,0.011327173924238928,0.982547490913071,0.00020119766030648502,False,Blocked,0.03686006
e8b4d9d9-3036-4861-bee0-dc695f90af8f,3895158,Jonas Hofmann,Bayer Leverkusen,2,60,13,45-68,-1,-1,"[99.8, 49.5]",18.52435819322061,22.322410264126948,3,10.67437357348798,0.02669535373596821,9,10,0.9,False,9,10,0.9,False,0.215930185628732,0.215930185628732,0.215930185628732,0,8,2,0.2625711798965942,0.992669617313313,-0.7300984374167189,0.02669535373596821,0.04225034101989144,0.992669617313313,-0.015554987283923228,False,Blocked,0.028571086
b9024265-7499-4cb0-9e3f-2ba196c09be1,3895158,Alejandro Grimaldo García,Bayer Leverkusen,2,62,20,45-68,-1,-1,"[94.3, 54.9]",13.348090515913821,29.706901555025897,1,28.10277256686011,0.0502479466552075,8,11,0.7272727272727273,False,7,10,0.7,False,0.2556274905959798,0.2556274905959798,0.2556274905959798,1,6,1,0.0,0.982547490913071,-0.982547490913071,0.0502479466552075,0.04937100126765304,0.982547490913071,0.0008769453875544578,False,Off T,0.020517882
78722261-ff71-4e47-82e7-70f3ff152946,3895158,Granit Xhaka,Bayer Leverkusen,2,72,56,68-90+,-1,-1,"[99.3, 43.5]",21.30009296117759,20.993808611111994,1,16.35835915553157,0.09986290145411274,6,7,0.8571428571428571,False,6,7,0.8571428571428571,False,0.3450631046996392,0.3450631046996392,0.3450631046996392,0,5,1,0.0,0.982547490913071,-0.982547490913071,0.09986290145411274,0.0981200664443238,0.982547490913071,0.0017428350097889317,False,Off T,0.08205067
6a8e26a0-c5c2-4c5c-912c-2d314f9b5a39,3895158,Florian Wirtz,Bayer Leverkusen,2,77,51,68-90+,-1,-1,"[102.9, 50.2]",19.777275332780906,19.911052207254137,2,6.312103548401428,0.05748366300869714,8,11,0.7272727272727273,False,8,11,0.7272727272727273,False,0.23918547613050192,0.23918547613050192,0.23918547613050192,0,7,1,0.0,0.982547490913071,-0.982547490913071,0.05748366300869714,0.056480432619015475,0.982547490913071,0.0010032303896816627,False,Off T,0.041199785
c0ffe323-fd27-4ae3-9adb-2cecfa487eca,3895153,Victor Okoh Boniface,Bayer Leverkusen,1,16,44,0-23,1,+1,"[109.5, 38.7]",41.20367792968614,10.580170130957253,1,7.986470814652175,0.2239128621372401,3,6,0.5,False,3,6,0.5,False,0.23520787878062638,0.23520787878062638,0.23520787878062638,0,2,1,0.0,0.0,0.0,0.2239128621372401,0.0,0.0,0.2239128621372401,False,Blocked,0.27685362
37f1ef70-3ccc-4b47-83e6-97a1b96968e4,3895153,Victor Okoh Boniface,Bayer Leverkusen,2,55,21,45-68,2,+2+,"[103.3, 47.2]",23.000777604884757,18.185983613761454,2,5.333786913914102,0.06522761797485677,4,7,0.5714285714285714,False,4,7,0.5714285714285714,False,0.16445837249163534,0.16445837249163534,0.16445837249163534,0,3,1,0.0,0.982547490913071,-0.982547490913071,0.06522761797485677,0.06408924294198569,0.982547490913071,0.0011383750328710779,False,Off T,0.109911814
1b88ef62-a526-4845-95e9-69eca2a98021,3895153,Victor Okoh Boniface,Bayer Leverkusen,2,68,31,68-90+,2,+2+,"[109.9, 27.7]",18.80356802799497,15.915401345866208,1,11.391287078239165,0.1483254156245169,4,5,0.8,False,4,5,0.8,False,0.2236118595808297,0.2236118595808297,0.2236118595808297,0,3,1,0.0,0.982547490913071,-0.982547490913071,0.1483254156245169,0.1457367824417924,0.982547490913071,0.002588633182724509,False,Blocked,0.05372837
070d6d04-646d-465d-a6d0-a9dcedf441d8,3895153,Alejandro Grimaldo García,Bayer Leverkusen,2,75,3,68-90+,2,+2+,"[113.8, 28.9]",18.805885384259305,12.714165328483032,0,inf,0.3616301674437968,3,7,0.42857142857142855,False,3,7,0.42857142857142855,False,0.5855482063960009,0.5855482063960009,0.5855482063960009,0,2,1,0.0,0.982547490913071,-0.982547490913071,0.3616301674437968,0.3553188464956804,0.982547490913071,0.006311320948116372,False,Goal,0.051634267
8b5960c9-32a2-44ad-a08f-b1c37e2aa365,3895153,Jonas Hofmann,Bayer Leverkusen,2,86,59,68-90+,3,+2+,"[105.9, 52.6]",18.275278006073172,18.909521411183306,2,4.033181110352221,0.06008836743390098,6,7,0.8571428571428571,False,5,6,0.8333333333333334,False,0.30448483733036413,0.30448483733036413,0.30448483733036413,1,4,1,0.0,0.982547490913071,-0.982547490913071,0.06008836743390098,0.05903968171620587,0.982547490913071,0.0010486857176951123,False,Saved,0.04950974
5574850e-2480-4ccf-891e-d112e848ded4,3895153,Nadiem Amiri,Bayer Leverkusen,2,91,22,68-90+,3,+2+,"[108.3, 30.8]",24.484897877287032,14.88388390172404,1,8.388341502927904,0.15907238275999094,2,5,0.4,False,2,5,0.4,False,0.1590724056200018,0.1590724056200018,0.1590724056200018,0,1,1,0.0,0.982547490913071,-0.982547490913071,0.15907238275999094,0.15629619301543907,0.982547490913071,0.002776189744551877,False,Blocked,0.07680104
e773b1a9-8875-41ef-8799-2404acba0bb0,3895113,Amine Adli,Bayer Leverkusen,1,26,38,23-45+,1,+1,"[102.7, 27.7]",17.665033715894104,21.22686976452251,2,1.1488671921247569,0.03891721301946916,6,8,0.75,False,4,6,0.6666666666666666,False,0.2677972562120664,0.21746862036715117,0.21746862036715117,2,3,1,0.0,0.982547490913071,-0.982547490913071,0.03891721301946916,0.03823802888495931,0.982547490913071,0.000679184134509854,False,Saved,0.04211412
f4c7c89d-26a5-4b3e-9a59-b97c17301343,3895113,Victor Okoh Boniface,Bayer Leverkusen,1,30,17,23-45+,1,+1,"[100.9, 31.3]",19.79648658086193,20.988091861815352,2,3.917857440950075,0.050734761693645804,3,4,0.75,False,3,4,0.75,False,0.07727823818105185,0.07727823818105185,0.07727823818105185,0,2,1,0.0,0.982547490913071,-0.982547490913071,0.050734761693645804,0.04984931541963131,0.982547490913071,0.0008854462740144967,False,Off T,0.04637706
eb3bdb0f-c8c1-472c-9297-4f624735f22d,3895095,Alejandro Grimaldo García,Bayer Leverkusen,1,9,9,0-23,0,0,"[91.6, 42.0]",15.957585843723484,28.470335438838795,5,9.606153811324049,0.004896342360552232,9,11,0.8181818181818182,False,9,11,0.8181818181818182,False,0.2771542087079743,0.2771542087079743,0.2771542087079743,0,8,1,0.00493791301427593,0.9920302548784187,-0.9870923418641427,0.004896342360552232,0.08343846199765273,0.9920302548784187,-0.0785421196371005,False,Off T,0.046349965
3a26ee43-c3f1-42d7-a8f6-bfd82f695910,3895095,Alejandro Grimaldo García,Bayer Leverkusen,2,58,44,45-68,1,+1,"[98.8, 34.5]",20.090579544261594,21.901826407859232,5,10.886645472382188,0.008321702843148546,8,9,0.8888888888888888,False,8,9,0.8888888888888888,False,0.23134705195151892,0.23134705195151892,0.23134705195151892,0,7,1,0.0,0.982547490913071,-0.982547490913071,0.008321702843148546,0.008176470098070203,0.982547490913071,0.00014523274507834312,False,Goal,0.08269043
ddadd240-6377-490e-a404-b37b67a30fd4,3895067,Alejandro Grimaldo García,Bayer Leverkusen,1,1,52,0-23,0,0,"[106.3, 36.1]",30.38777941806382,14.244297104455525,1,11.8919623928584,0.16979220169361411,4,8,0.5,False,4,8,0.5,False,0.1737069895194623,0.1737069895194623,0.1737069895194623,0,3,1,0.0,0.982547490913071,-0.982547490913071,0.16979220169361411,0.16682893411741795,0.982547490913071,0.0029632675761961658,False,Blocked,0.024206681
a30d89a2-2b69-4712-932b-e215bcbca259,3895067,Alejandro Grimaldo García,Bayer Leverkusen,1,15,36,0-23,0,0,"[105.6, 37.2]",30.041363926279118,14.669696656713803,2,3.560215641080637,0.08324822451316595,3,7,0.42857142857142855,False,3,7,0.42857142857142855,False,0.1824294653861371,0.1824294653861371,0.1824294653861371,0,2,1,0.11409025012776908,0.9913110052147646,-0.8772207550869955,0.08324822451316595,0.1724438259577225,0.9913110052147646,-0.08919560144455656,False,Blocked,0.17397805
c9e956a8-01d9-457c-b769-8edb6a175cf2,3895067,Florian Wirtz,Bayer Leverkusen,1,18,39,0-23,0,0,"[100.8, 41.9]",23.323671216557383,19.293781381574743,1,15.578832295034355,0.11427146654692476,4,11,0.36363636363636365,False,3,10,0.3,False,0.2954139284465877,0.13816203204925046,0.13816203204925046,1,2,1,0.0,0.982547490913071,-0.982547490913071,0.11427146654692476,0.11227716813433795,0.982547490913071,0.0019942984125868035,False,Blocked,0.0518035
89cac510-30de-4a23-9d36-f4d8e64ec46d,3895067,Jeremie Frimpong,Bayer Leverkusen,1,18,42,0-23,0,0,"[99.3, 46.4]",20.062200170315116,21.666794871415572,1,17.454858933472426,0.09477403071919392,4,10,0.4,False,4,10,0.4,False,0.14435459811283996,0.14435459811283996,0.14435459811283996,0,3,1,0.0,0.982547490913071,-0.982547490913071,0.09477403071919392,0.09312000414278887,0.982547490913071,0.0016540265764050516,False,Saved,0.050490666
ff742b91-ad13-4bb6-a6ac-9039843f3d2e,3895067,Victor Okoh Boniface,Bayer Leverkusen,1,20,18,0-23,0,0,"[113.8, 48.4]",28.07248693585296,10.44030650891055,1,2.4253283824205507,0.2018661064364876,3,5,0.6,False,3,5,0.6,False,0.24123280297645477,0.24123280297645477,0.24123280297645477,0,2,1,0.16348845998005723,0.9912744878011733,-0.8277860278211161,0.2018661064364876,0.21753458742169876,0.9912744878011733,-0.015668480985211147,False,Goal,0.2702139
3e79b7f1-d85d-478c-adf5-e15f0217a044,3895067,Victor Okoh Boniface,Bayer Leverkusen,1,31,42,23-45+,0,0,"[103.3, 43.0]",26.16835668933427,16.967321532876074,1,11.46705960810826,0.13638571767254357,5,5,1.0,False,4,4,1.0,False,0.3821631732809131,0.17302929007267037,0.17302929007267037,1,3,1,0.0,0.982547490913071,-0.982547490913071,0.13638571767254357,0.13400547566842713,0.982547490913071,0.002380242004116434,False,Blocked,0.14783305
da8142d4-8b0f-4160-be3a-ab943784b41c,3895067,Granit Xhaka,Bayer Leverkusen,1,33,26,23-45+,0,0,"[95.3, 36.1]",17.968219891236732,25.00599928017275,2,8.107115505009427,0.0387812143465614,8,9,0.8888888888888888,False,8,9,0.8888888888888888,False,0.23020785000712332,0.23020785000712332,0.23020785000712332,0,7,1,0.0,0.982547490913071,-0.982547490913071,0.0387812143465614,0.03810439265299064,0.982547490913071,0.0006768216935707574,False,Saved,0.04052658
5db47ee0-323d-4899-b47b-547ba70d5abc,3895067,Alejandro Grimaldo García,Bayer Leverkusen,1,41,55,23-45+,0,0,"[99.6, 40.6]",22.169435709342185,20.408821622033944,5,9.594641468276452,0.00933116256419053,10,11,0.9090909090909091,False,10,11,0.9090909090909091,False,0.2118035824380439,0.2118035824380439,0.2118035824380439,0,9,1,0.0009545959005162752,0.9915568535202647,-0.9906022576197484,0.00933116256419053,0.025203498922304647,0.9915568535202647,-0.015872336358114116,False,Blocked,0.096232794
22ebd8d3-f37d-4bd2-9e80-80aeb566227f,3895067,Exequiel Alejandro Palacios,Bayer Leverkusen,2,48,8,45-68,0,0,"[103.5, 41.8]",26.96199091636769,16.597891432347666,4,5.2376657738720835,0.02227698463968144,7,7,1.0,False,7,7,1.0,False,0.3647309196005045,0.3647309196005045,0.3647309196005045,0,6,1,0.0,0.0,0.0,0.02227698463968144,0.0,0.0,0.02227698463968144,False,Goal,0.06972993
3cee8863-208b-4422-8c54-f688fbf98b8e,3895067,Victor Okoh Boniface,Bayer Leverkusen,2,71,48,68-90+,3,+2+,"[112.4, 35.1]",42.75133282807605,9.042676594902634,1,7.079155667366861,0.2515991729897586,2,8,0.25,False,2,7,0.2857142857142857,False,0.2515991817160351,0.2515991817160351,0.2515991817160351,0,1,1,0.0,0.982547490913071,-0.982547490913071,0.2515991729897586,0.24720814471087213,0.982547490913071,0.004391028278886461,False,Off T,0.07369121
a8928e40-d501-44cb-b327-3a75044baed9,3895067,Noah Mbamba,Bayer Leverkusen,2,81,6,68-90+,3,+2+,"[95.8, 41.0]",18.74044002928584,24.220652344641753,1,16.462391132049262,0.07715414351007568,4,5,0.8,False,4,5,0.8,False,0.1721603583614389,0.1721603583614389,0.1721603583614389,0,3,1,0.0,0.982547490913071,-0.982547490913071,0.07715414351007568,0.07580762827022086,0.982547490913071,0.001346515239854823,False,Blocked,0.04667749
1ca8d41b-9d7e-4ce1-81c1-8faa57b3d828,3895067,Jonas Hofmann,Bayer Leverkusen,2,90,36,68-90+,4,+2+,"[108.3, 50.4]",22.227104844389874,15.654072952429985,0,inf,0.28583920795920476,3,8,0.375,False,3,8,0.375,False,0.4113946598845936,0.4113946598845936,0.4113946598845936,0,2,1,0.0,0.982547490913071,-0.982547490913071,0.28583920795920476,0.28085062505580416,0.982547490913071,0.004988582903400596,False,Off T,0.41148746
52adeea9-da77-4a26-91ce-a6802ca8d9a4,3895060,Jeremie Frimpong,Bayer Leverkusen,1,30,49,23-45+,1,+1,"[108.3, 53.4]",17.303519384189237,17.789041570584967,2,2.7162102110763984,0.06263773839121177,6,8,0.75,False,6,8,0.75,False,0.16336879167147103,0.16336879167147103,0.16336879167147103,0,5,1,0.0,0.982547490913071,-0.982547490913071,0.06263773839121177,0.06154455434462381,0.982547490913071,0.0010931840465879597,False,Saved,0.03741663
8fd7eb39-3e99-4ca3-a26c-53cf0a9dc310,3895060,Florian Wirtz,Bayer Leverkusen,1,32,52,23-45+,1,+1,"[103.9, 25.2]",15.5698095562555,21.868927728629032,2,11.65052016295562,0.05059778647048453,8,11,0.7272727272727273,False,7,10,0.7,False,0.2805481560710059,0.12274295106707393,0.12274295106707393,1,6,1,0.0,0.982547490913071,-0.982547490913071,0.05059778647048453,0.04971473443181606,0.982547490913071,0.0008830520386684734,False,Saved,0.03490053
036aab1b-c275-4d03-b0b7-07b80094acef,3895060,Victor Okoh Boniface,Bayer Leverkusen,1,34,53,23-45+,1,+1,"[102.7, 35.3]",24.380311372380486,17.927074496414633,2,1.6088098038460281,0.0559779751939619,6,8,0.75,False,5,7,0.7142857142857143,False,0.23056660319494038,0.134058036874794,0.134058036874794,1,4,1,0.0,0.982547490913071,-0.982547490913071,0.0559779751939619,0.05500103187849353,0.982547490913071,0.0009769433154683746,False,Blocked,0.065433435
1139940d-789e-461e-983e-036dddae7e81,3895060,Granit Xhaka,Bayer Leverkusen,1,40,27,23-45+,1,+1,"[101.1, 49.8]",19.075262569236596,21.28966885604377,3,7.486570869487901,0.02853560968076365,6,9,0.6666666666666666,False,4,7,0.5714285714285714,False,0.2221702427737446,0.14041614483503173,0.14041614483503173,2,3,1,0.3503693451538529,0.9946888995457452,-0.6443195543918924,0.02853560968076365,0.02845760260245291,0.9946888995457452,7.80070783107413e-05,False,Blocked,0.044252444
55ead603-af88-4f99-89d1-11b1c3ae177b,3895060,Victor Okoh Boniface,Bayer Leverkusen,1,42,38,23-45+,1,+1,"[109.4, 43.0]",38.82918096575567,11.016351483136324,0,inf,0.4142406811469922,2,6,0.3333333333333333,False,2,5,0.4,False,0.4142407298023764,0.4142407298023764,0.4142407298023764,0,1,1,0.0,0.982547490913071,-0.982547490913071,0.4142406811469922,0.4070111897013243,0.982547490913071,0.007229491445667868,False,Wayward,0.20104417
62817480-1c22-419f-a348-6a7aa4757f95,3895060,Victor Okoh Boniface,Bayer Leverkusen,1,45,7,23-45+,1,+1,"[103.8, 36.1]",26.350050409835436,16.662832892398583,1,12.540418861697693,0.14016660998763986,4,8,0.5,False,4,8,0.5,False,0.20242567037034692,0.20242567037034692,0.20242567037034692,0,3,1,0.0,0.982547490913071,-0.982547490913071,0.14016660998763986,0.13772037871256798,0.982547490913071,0.002446231275071875,False,Off T,0.0903727
22fddac8-50b0-441c-b551-e3456b0e15c1,3895060,Jonathan Tah,Bayer Leverkusen,1,50,21,23-45+,1,+1,"[110.9, 43.9]",41.59188798743317,9.900505037623075,2,4.538840334065765,0.12490914565098087,6,6,1.0,False,5,5,1.0,False,0.6987577438024873,0.6987577438024873,0.6987577438024873,1,4,1,0.0,0.982547490913071,-0.982547490913071,0.12490914565098087,0.12272917233486563,0.982547490913071,0.002179973316115233,False,Goal,0.16639715
7cd2a8e8-cdf3-4b5a-9c57-453f63dcccb8,3895060,Jonas Hofmann,Bayer Leverkusen,2,51,29,45-68,2,+2+,"[110.3, 49.0]",26.00192669951638,13.232157798333576,1,11.801567817876128,0.18406498109013736,2,7,0.2857142857142857,False,2,7,0.2857142857142857,False,0.18406501292769675,0.18406501292769675,0.18406501292769675,0,1,1,0.0,0.982547490913071,-0.982547490913071,0.18406498109013736,0.18085261661699042,0.982547490913071,0.0032123644731469336,False,Blocked,0.21587738
05f6964d-1776-4c5c-996c-3447802324a3,3895060,Jonas Hofmann,Bayer Leverkusen,2,55,37,45-68,3,+2+,"[100.9, 50.5]",18.410232674911587,21.795871168641085,2,4.615950614961355,0.04829990267930355,6,7,0.8571428571428571,False,6,7,0.8571428571428571,False,0.08456249942103294,0.08456249942103294,0.08456249942103294,0,5,1,0.0,0.982547490913071,-0.982547490913071,0.04829990267930355,0.04745695211844817,0.982547490913071,0.0008429505608553781,False,Saved,0.056350455
f95aaf60-8e75-4bf5-a51f-b0626254f979,3895060,Victor Okoh Boniface,Bayer Leverkusen,2,86,18,68-90+,3,+2+,"[117.0, 28.7]",11.246924948436273,11.69144986731757,0,inf,0.3924618321627962,2,6,0.3333333333333333,False,2,6,0.3333333333333333,False,0.3924618553147459,0.3924618553147459,0.3924618553147459,0,1,1,0.0,0.0,0.0,0.3924618321627962,0.0,0.0,0.3924618321627962,False,Saved,0.029618237
c4646c6d-3ed0-4c4e-bd24-98b8157fce90,3895052,Alejandro Grimaldo García,Bayer Leverkusen,1,33,21,23-45+,1,+1,"[102.4, 33.6]",22.814060854063683,18.727519857151396,1,15.453343662028876,0.11954218535768776,4,8,0.5,False,4,8,0.5,False,0.20314543235556623,0.20314543235556623,0.20314543235556623,0,3,1,0.0,0.982547490913071,-0.982547490913071,0.11954218535768776,0.11745588272270169,0.982547490913071,0.002086302634986076,False,Blocked,0.12706259
64390818-5404-4d83-ab41-07af760ffa7d,3895052,Jonathan Tah,Bayer Leverkusen,1,34,3,23-45+,1,+1,"[112.9, 40.4]",58.674187314141506,7.111258679024404,3,2.2714018071621713,0.07847278530833925,6,8,0.75,False,6,8,0.75,False,0.3403861123726394,0.3403861123726394,0.3403861123726394,0,5,1,0.0,0.982547490913071,-0.982547490913071,0.07847278530833925,0.07710324210731212,0.982547490913071,0.0013695432010271263,False,Goal,0.15772732
4dbe152a-6aa2-46c1-93c2-d1cb3acab04d,3895052,Victor Okoh Boniface,Bayer Leverkusen,1,36,51,23-45+,2,+2+,"[111.6, 37.4]",47.61954879539465,8.79317917479225,1,7.126680003206782,0.2567682246389144,2,7,0.2857142857142857,False,2,7,0.2857142857142857,False,0.3309170466122195,0.3309170466122195,0.3309170466122195,0,1,1,0.4888466309652857,0.9912979594126174,-0.5024513284473318,0.2567682246389144,0.32803739304154317,0.9912979594126174,-0.07126916840262876,False,Saved,0.13226183
c8521aea-0248-4c7c-9036-c103ff5e2416,3895052,Victor Okoh Boniface,Bayer Leverkusen,2,56,34,45-68,1,+1,"[93.9, 43.9]",17.05964170059901,26.389770745499092,2,4.952690958344408,0.03364314915725477,4,6,0.6666666666666666,False,4,6,0.6666666666666666,False,0.07819558013395587,0.07819558013395587,0.07819558013395587,0,3,1,0.0,0.982547490913071,-0.982547490913071,0.03364314915725477,0.03305599448149438,0.982547490913071,0.0005871546757603915,False,Off T,0.042780038
f8cd5da5-6a20-41ad-8794-4397b76a11cf,3895052,Florian Wirtz,Bayer Leverkusen,2,63,20,45-68,1,+1,"[104.8, 45.4]",26.471123753821153,16.13071604114337,1,12.933170086614746,0.14640397755619552,4,5,0.8,False,4,5,0.8,False,0.18437564193142505,0.18437564193142505,0.18437564193142505,0,3,1,0.0,0.982547490913071,-0.982547490913071,0.14640397755619552,0.14384888710227928,0.982547490913071,0.002555090453916248,False,Goal,0.14435048
