shot_id,match_id,player,team,period,minute,second,time_window,score_diff,score_state,location,shot_angle,d_0,n_def,d_m,p_score,shooter_rank,n_shooting_options,shooter_rank_pct,shooter_is_best_option,shooter_rank_valid,n_valid_shooting_options,shooter_rank_valid_pct,shooter_is_best_valid_option,best_teammate_p_score,best_valid_teammate_p_score,best_option_p_score,n_better_invalid_position,n_better_teammates,n_better_options,best_pass_interception_prob,best_pass_retention_prob,best_pass_risk,shooter_value,best_teammate_value,best_teammate_pass_success_prob,decision_value,good_decision,shot_outcome,shot_xg,decision_margin
bbc2c68d-c096-483d-abf4-32c0175a0f55,3895302,Piero Martín Hincapié Reyna,Bayer Leverkusen,1,7,40,0-23,0,0,"[114.6, 33.5]",37.94149933723733,8.450443775329202,1,4.6958239286034384,0.2563484642831413,2,7,0.2857142857142857,False,2,7,0.2857142857142857,False,0.6359601604815853,0.6359601604815853,0.6359601604815853,0,1,0,,,,0.2563484642831413,,,0.2563484642831413,True,Saved,0.14338115,0.0
b2c3d59d-3bef-4f8a-ad86-26b69940c64e,3895302,Jonathan Tah,Bayer Leverkusen,1,13,16,0-23,0,0,"[113.9, 47.4]",32.71501921459893,9.590099061010784,1,6.887135314150652,0.2404393930454133,4,9,0.4444444444444444,False,4,9,0.4444444444444444,False,0.6849927662538362,0.6849927662538362,0.6849927662538362,0,3,0,,,,0.2404393930454133,,,0.2404393930454133,True,Blocked,0.052781336,0.0
bb53b537-1685-4019-9e8f-98f3805828eb,3895302,Granit Xhaka,Bayer Leverkusen,1,16,0,0-23,0,0,"[89.2, 42.5]",14.704956883460524,30.901294471267704,2,12.587977297577192,0.0246277872652196,6,9,0.6666666666666666,False,6,9,0.6666666666666666,False,0.1351341787637207,0.1351341787637207,0.1351341787637207,0,5,0,,,,0.0246277872652196,,,0.0246277872652196,True,Blocked,0.021271583,0.0
0247fb51-7bf7-4be6-82d7-bf63892bdd53,3895302,Jonathan Tah,Bayer Leverkusen,1,16,31,0-23,0,0,"[110.2, 32.6]",30.182384313960156,12.280065146406995,4,6.938613160100885,0.0320629660858692,5,9,0.5555555555555556,False,5,9,0.5555555555555556,False,0.1956464308790506,0.1956464308790506,0.1956464308790506,0,4,0,,,,0.0320629660858692,,,0.0320629660858692,True,Wayward,0.029664174,0.0
5d2bf27b-dd07-4895-8744-1673b235fcec,3895302,Jonathan Tah,Bayer Leverkusen,1,28,21,23-45+,1,+1,"[116.3, 46.0]",41.302506868656565,7.049113419430845,0,inf,0.5689691447070904,3,8,0.375,False,3,8,0.375,False,0.6191688258502787,0.6191688258502787,0.6191688258502787,0,2,1,0.0,0.982547490913071,-0.982547490913071,0.5689691447070904,0.5590392771778957,0.982547490913071,0.0099298675291946,False,Saved,0.10991712,0.00992986752919467
7350b239-c1ab-44b2-9c25-0387553bd338,3895302,Victor Okoh Boniface,Bayer Leverkusen,1,28,23,23-45+,1,+1,"[116.3, 43.3]",73.8349832706924,4.957822102496216,2,3.0076774500559504,0.1773520120875671,5,7,0.7142857142857143,False,5,7,0.7142857142857143,False,0.389598591112972,0.389598591112972,0.389598591112972,0,4,1,0.0,0.982547490913071,-0.982547490913071,0.1773520120875671,0.1742567906465839,0.982547490913071,0.0030952214409831,False,Saved,0.323069,0.0030952214409832035
be78c5ab-d396-4c44-8253-d48373ead6b3,3895302,Jonas Hofmann,Bayer Leverkusen,1,34,51,23-45+,1,+1,"[109.4, 44.9]",35.16448402263182,11.677756633874498,4,4.328920638589126,0.0324965185453411,5,7,0.7142857142857143,False,4,6,0.6666666666666666,False,0.8282807343001074,0.8282807343001074,0.8282807343001074,1,3,1,0.0,0.982547490913071,-0.982547490913071,0.0324965185453411,0.0319293743054441,0.982547490913071,0.0005671442398969,False,Blocked,0.09542403,0.0005671442398970036
8cf6ed6f-59f8-455f-8930-f5b71f06c180,3895302,Amine Adli,Bayer Leverkusen,1,37,40,23-45+,1,+1,"[113.1, 27.5]",16.374678129987867,14.27795503564849,1,8.572641749676686,0.1671445176943218,2,6,0.3333333333333333,False,2,6,0.3333333333333333,False,0.1919564749467585,0.1919564749467585,0.1919564749467585,0,1,0,,,,0.1671445176943218,,,0.1671445176943218,True,Post,0.07415738,0.0
68ccb2b1-d605-4f46-a725-de0ab09acb96,3895302,Edmond Fayçal Tapsoba,Bayer Leverkusen,1,43,36,23-45+,1,+1,"[110.1, 41.6]",43.121950677579214,10.028459502834924,3,3.726035214400268,0.0665614647547813,5,9,0.5555555555555556,False,3,7,0.4285714285714285,False,0.3346093316807166,0.2879987272199246,0.2879987272199246,2,2,0,,,,0.0665614647547813,,,0.0665614647547813,True,Blocked,0.06755266,0.0
df7d8278-f139-4102-9e6e-3c77d3d575c3,3895302,Florian Wirtz,Bayer Leverkusen,2,58,10,45-68,1,+1,"[93.8, 34.8]",16.72607007440634,26.711046404062877,4,3.4100438721916837,0.0095216773263859,8,8,1.0,False,7,7,1.0,False,0.2385621981286899,0.2385621981286899,0.2385621981286899,1,6,1,0.0,0.982547490913071,-0.982547490913071,0.0095216773263859,0.0093555013361849,0.982547490913071,0.000166175990201,False,Off T,0.02420186,0.00016617599020100036
96146263-06f4-4694-8e44-44658af8b8f5,3895302,Granit Xhaka,Bayer Leverkusen,2,59,18,45-68,1,+1,"[93.0, 39.1]",16.835895523874473,27.01499583564654,2,13.675347230104736,0.0336935322572423,6,8,0.75,False,4,6,0.6666666666666666,False,0.3093973001746228,0.1202482120172644,0.1202482120172644,2,3,0,,,,0.0336935322572423,,,0.0336935322572423,True,Goal,0.031472735,0.0
7b3398ab-6dae-42ec-8b11-0cd333d6b085,3895302,Florian Wirtz,Bayer Leverkusen,2,64,10,45-68,2,+2+,"[106.3, 29.6]",21.387217547838706,17.200290695217916,1,13.59798742890212,0.1346011425378176,4,8,0.5,False,4,8,0.5,False,0.3807451517179399,0.3807451517179399,0.3807451517179399,0,3,1,0.0,0.982547490913071,-0.982547490913071,0.1346011425378176,0.1322520422709089,0.982547490913071,0.0023491002669087,False,Blocked,0.07621976,0.00234910026690871
5085715b-09f6-403c-8b67-a546bcfed0ec,3895302,Florian Wirtz,Bayer Leverkusen,2,67,25,45-68,2,+2+,"[93.5, 40.1]",17.167007508735843,26.500188678573597,2,8.661373135492699,0.0345206650236935,6,8,0.75,False,6,8,0.75,False,0.1215153585625719,0.1215153585625719,0.1215153585625719,0,5,0,,,,0.0345206650236935,,,0.0345206650236935,True,Goal,0.042012483,0.0
ec3f4afc-df7d-4a53-98a2-508e21c040eb,3895302,Patrik Schick,Bayer Leverkusen,2,70,17,68-90+,3,+2+,"[112.5, 29.6]",22.01276584898276,12.822246293064252,1,5.544802206618397,0.1830640225868423,3,5,0.6,False,3,5,0.6,False,0.4711392430881205,0.4711392430881205,0.4711392430881205,0,2,1,0.0,0.0,0.0,0.1830640225868423,0.0,0.0,0.1830640225868423,False,Saved,0.109270036,0.1830640225868423
0af7b077-170b-4ca3-a61f-4ecb4aba33d1,3895302,Jeremie Frimpong,Bayer Leverkusen,2,71,31,68-90+,3,+2+,"[108.0, 51.1]",20.914376065083555,16.346559270990333,1,9.320752197382108,0.142183083269809,4,5,0.8,False,4,5,0.8,False,0.2737847521219456,0.2737847521219456,0.2737847521219456,0,3,1,0.0,0.982547490913071,-0.982547490913071,0.142183083269809,0.1397016426114662,0.982547490913071,0.0024814406583428,False,Saved,0.17347074,0.0024814406583427984
d6a308ca-0f8f-44d5-ad64-aa8870e489ce,3895302,Exequiel Alejandro Palacios,Bayer Leverkusen,2,80,22,68-90+,3,+2+,"[101.6, 43.3]",23.818844829212093,18.69358178627093,2,7.049440162258322,0.0637855478243028,5,9,0.5555555555555556,False,5,9,0.5555555555555556,False,0.2176237585547307,0.2176237585547307,0.2176237585547307,0,4,0,,,,0.0637855478243028,,,0.0637855478243028,True,Off T,0.06844198,0.0
4a223f2d-3c3f-4655-b561-9c43a03b0f42,3895302,Florian Wirtz,Bayer Leverkusen,2,82,29,68-90+,3,+2+,"[103.6, 35.0]",25.267795991506013,17.14526173611824,1,6.123486306818709,0.1304267901488593,2,3,0.6666666666666666,False,2,3,0.6666666666666666,False,0.2013650118892135,0.2013650118892135,0.2013650118892135,0,1,0,,,,0.1304267901488593,,,0.1304267901488593,True,Goal,0.43832713,0.0
dcc0c591-7ebd-4e42-8206-04bfefa94f33,3895302,Florian Wirtz,Bayer Leverkusen,2,89,25,68-90+,4,+2+,"[106.4, 48.8]",23.82426058289544,16.198765385053264,1,8.578364663283047,0.1433408146864642,3,5,0.6,False,2,4,0.5,False,0.2289631113637097,0.2289631113637097,0.2289631113637097,1,1,0,,,,0.1433408146864642,,,0.1433408146864642,True,Goal,0.28999847,0.0
452ac1fc-6e97-459f-8819-62bc82078292,3895292,Borja Iglesias Quintas,Bayer Leverkusen,1,2,13,0-23,0,0,"[107.0, 53.4]",17.365795806488233,18.66976164818394,1,13.755520010243172,0.1197127486672474,2,4,0.5,False,2,4,0.5,False,0.1585868798783343,0.1585868798783343,0.1585868798783343,0,1,0,,,,0.1197127486672474,,,0.1197127486672474,True,Off T,0.084877156,0.0
345c34d9-2c2f-4cec-860e-3b3704ebc4f3,3895292,Granit Xhaka,Bayer Leverkusen,1,5,53,0-23,0,0,"[96.5, 39.9]",19.31945258120419,23.50021276499428,2,10.477852401230075,0.0442370421472152,7,8,0.875,False,5,6,0.8333333333333334,False,0.4028980836940647,0.1401476301189544,0.1401476301189544,2,4,1,0.0,0.982547490913071,-0.982547490913071,0.0442370421472152,0.043464994816441,0.982547490913071,0.0007720473307741,False,Blocked,0.0423987,0.0007720473307742046
6627cd42-a35b-4e4e-9fd3-05d3269bca36,3895292,Adam Hložek,Bayer Leverkusen,1,6,30,0-23,0,0,"[88.2, 45.5]",13.932472611967473,32.27212419410907,1,13.022822689509123,0.0402564418176012,5,8,0.625,False,5,8,0.625,False,0.2466395274808612,0.2466395274808612,0.2466395274808612,0,4,0,,,,0.0402564418176012,,,0.0402564418176012,True,Blocked,0.017574478,0.0
3d1c53e1-4b07-4648-806c-2dc0b2ee5347,3895292,Alejandro Grimaldo García,Bayer Leverkusen,1,10,19,0-23,0,0,"[98.5, 49.2]",17.95150777676716,23.38567937862828,5,9.570260966989355,0.007352973470805,8,9,0.8888888888888888,False,7,8,0.875,False,0.2082922102773401,0.1695649530053186,0.1695649530053186,1,6,1,0.0084754251220623,0.9832024090526756,-0.9747269839306132,0.007352973470805,0.038263290296894,0.9832024090526756,-0.0309103168260889,False,Saved,0.075614184,-0.030910316826089003
bcdb8320-5e4f-4c64-910a-f4ff7ace5e8b,3895292,Borja Iglesias Quintas,Bayer Leverkusen,1,14,54,0-23,0,0,"[111.2, 37.8]",46.726566830010654,9.070832376358853,1,6.657553265079538,0.2501364467519883,1,8,0.125,True,1,8,0.125,True,0.250136390593127,0.250136390593127,0.2501364467519883,0,0,0,,,,0.2501364467519883,,,0.2501364467519883,True,Saved,0.11838936,0.0
e8d3770b-03dd-4a04-b39d-36e92279706b,3895292,Alejandro Grimaldo García,Bayer Leverkusen,1,27,4,23-45+,0,0,"[107.5, 39.1]",35.33352136927222,12.532358118087751,2,3.135528687690455,0.0972802936175592,4,5,0.8,False,2,3,0.6666666666666666,False,0.6376476096683255,0.2300785535487418,0.2300785535487418,2,1,0,,,,0.0972802936175592,,,0.0972802936175592,True,Off T,0.11909147,0.0
935e22db-fc36-4f7d-80de-91ae9a498112,3895292,Piero Martín Hincapié Reyna,Bayer Leverkusen,1,37,9,23-45+,0,0,"[109.3, 36.4]",37.52633209542216,11.289375536317324,1,9.334954590781097,0.2130987208437275,4,7,0.5714285714285714,False,4,6,0.6666666666666666,False,0.2461023516287739,0.2461023516287739,0.2461023516287739,0,3,1,0.0,0.982547490913071,-0.982547490913071,0.2130987208437275,0.209379666843727,0.982547490913071,0.0037190540000005,False,Blocked,0.047790155,0.003719054000000499
d27222fa-f94e-4c78-9dcb-481abe654c5e,3895292,Robert Andrich,Bayer Leverkusen,1,42,19,23-45+,0,0,"[94.2, 28.2]",14.662022001167848,28.37040711727627,1,6.809548041007624,0.0534839527273638,6,10,0.6,False,6,10,0.6,False,0.3470102297737366,0.3470102297737366,0.3470102297737366,0,5,0,,,,0.0534839527273638,,,0.0534839527273638,True,Saved,0.024627369,0.0
0b766590-dff1-4670-baae-b960fab33f6d,3895292,Florian Wirtz,Bayer Leverkusen,1,48,28,23-45+,0,0,"[101.5, 44.6]",23.07447080448478,19.063315556324405,5,13.994615072570852,0.0105287289570596,10,10,1.0,False,10,10,1.0,False,0.4376324473978701,0.4376324473978701,0.4376324473978701,0,9,1,0.0,0.982547490913071,-0.982547490913071,0.0105287289570596,0.0103449765184959,0.982547490913071,0.0001837524385636,False,Blocked,0.058214318,0.0001837524385636998
3b2ebed6-0c37-4fb7-aef4-62a03d6244b9,3895292,Robert Andrich,Bayer Leverkusen,1,48,30,23-45+,0,0,"[107.4, 42.0]",34.48266749325331,12.757742747053644,3,9.02469229872179,0.056986421401018,8,10,0.8,False,7,9,0.7777777777777778,False,0.3791411171551015,0.3791411171551015,0.3791411171551015,1,6,1,0.0,0.982547490913071,-0.982547490913071,0.056986421401018,0.055991871694556,0.982547490913071,0.000994549706462,False,Blocked,0.07385045,0.0009945497064619974
4727fe03-748c-4003-932c-08089fce4903,3895292,Piero Martín Hincapié Reyna,Bayer Leverkusen,1,48,31,23-45+,0,0,"[110.4, 39.3]",45.05600758676798,9.625487000666508,2,5.399182264544511,0.1294935439118406,6,10,0.6,False,5,9,0.5555555555555556,False,0.3337939788498712,0.3064500213498787,0.3064500213498787,1,4,1,0.0,0.982547490913071,-0.982547490913071,0.1294935439118406,0.1272335686372137,0.982547490913071,0.0022599752746268,False,Blocked,0.11288635,0.002259975274626902
f5dea30a-5df6-4639-94dd-8319d9c8b256,3895292,Florian Wirtz,Bayer Leverkusen,1,52,15,23-45+,0,0,"[108.0, 40.0]",36.86989764584401,12.0,1,10.981328109839849,0.2026194952302175,1,9,0.1111111111111111,True,1,9,0.1111111111111111,True,0.2026194952302175,0.2026194952302175,0.2026194952302175,0,0,0,,,,0.2026194952302175,,,0.2026194952302175,True,Goal,0.7835,0.0
cc22cb9b-7162-499c-bcbb-ada646e7321e,3895292,Nathan Tella,Bayer Leverkusen,2,51,1,45-68,1,+1,"[110.1, 55.2]",14.197621419711856,18.13973538947027,0,inf,0.234293932249983,3,7,0.4285714285714285,False,3,7,0.4285714285714285,False,0.4347893655670899,0.4347893655670899,0.4347893655670899,0,2,0,,,,0.234293932249983,,,0.234293932249983,True,Blocked,0.04973654,0.0
7b0a71e0-997f-4128-82fe-bc896f6c3b93,3895292,Amine Adli,Bayer Leverkusen,2,58,30,45-68,1,+1,"[113.4, 28.8]",19.03945395983995,12.999999999999996,1,6.9108543853271085,0.1830712306112833,3,6,0.5,False,2,5,0.4,False,0.2129090003165798,0.2129090003165798,0.2129090003165798,1,1,0,,,,0.1830712306112833,,,0.1830712306112833,True,Saved,0.15474533,0.0
020286f7-259d-4f4e-91a6-e1a361609c4a,3895292,Jonathan Tah,Bayer Leverkusen,2,59,33,45-68,1,+1,"[113.8, 33.8]",39.170306065951394,8.768124086713193,1,4.161241857437747,0.247195668084548,2,9,0.2222222222222222,False,2,8,0.25,False,0.2471956899458093,0.2471956899458093,0.2471956899458093,0,1,1,0.0,0.982547490913071,-0.982547490913071,0.247195668084548,0.2428815049207804,0.982547490913071,0.0043141631637676,False,Wayward,0.066974714,0.004314163163767593
020d62c6-44da-4187-b187-80ef2d57b0af,3895292,Nathan Tella,Bayer Leverkusen,2,76,19,68-90+,1,+1,"[102.7, 45.4]",23.89098951710608,18.12318956475377,1,15.569601296049855,0.1254878606005075,1,5,0.2,True,1,5,0.2,True,0.125487827494018,0.125487827494018,0.1254878606005075,0,0,0,,,,0.1254878606005075,,,0.1254878606005075,True,Saved,0.16930944,0.0
c30b8aae-d325-46cd-9027-63daceb5b4c1,3895292,Jeremie Frimpong,Bayer Leverkusen,2,81,22,68-90+,1,+1,"[112.9, 44.3]",47.036093616670016,8.300602387778847,2,1.2039005632358322,0.1112137176059961,4,8,0.5,False,3,7,0.4285714285714285,False,0.6223369343815104,0.1949442504984367,0.1949442504984367,1,2,0,,,,0.1112137176059961,,,0.1112137176059961,True,Wayward,0.12810047,0.0
5332b262-7816-452d-a1fd-7b48af8459ff,3895292,Alejandro Grimaldo García,Bayer Leverkusen,2,90,19,68-90+,1,+1,"[86.9, 41.1]",13.766255676841324,33.118272901828675,1,27.766106635691983,0.0382402028939251,5,6,0.8333333333333334,False,5,6,0.8333333333333334,False,0.1398449134397248,0.1398449134397248,0.1398449134397248,0,4,1,0.0,0.982547490913071,-0.982547490913071,0.0382402028939251,0.0375728201086874,0.982547490913071,0.0006673827852376,False,Saved,0.028277397,0.0006673827852377023
a7a418f1-0d37-4eb5-8eef-90e603714ba9,3895292,Jeremie Frimpong,Bayer Leverkusen,2,93,52,68-90+,1,+1,"[104.0, 49.0]",21.73983424996815,18.35755975068582,2,5.232070648245971,0.064244680840434,2,5,0.4,False,2,5,0.4,False,0.1063692058815752,0.1063692058815752,0.1063692058815752,0,1,0,,,,0.064244680840434,,,0.064244680840434,True,Blocked,0.055857755,0.0
2fda9d56-0749-4c28-8423-7c45bdab5d5c,3895292,Amine Adli,Bayer Leverkusen,2,94,37,68-90+,1,+1,"[109.4, 32.0]",27.870341694721013,13.280060240827218,1,3.842802690311753,0.1709309656669498,3,8,0.375,False,2,7,0.2857142857142857,False,0.3142725690503279,0.3142725690503279,0.3142725690503279,1,1,0,,,,0.1709309656669498,,,0.1709309656669498,True,Saved,0.35172737,0.0
0d2470c8-1544-4fcf-a8b8-a4aa1a6b6371,3895333,Granit Xhaka,Bayer Leverkusen,1,11,39,0-23,0,0,"[96.6, 33.6]",18.10647538914922,24.259431155738177,2,13.519585605699035,0.0419892687993968,6,8,0.75,False,6,8,0.75,False,0.2128264984673749,0.2128264984673749,0.2128264984673749,0,5,0,,,,0.0419892687993968,,,0.0419892687993968,True,Goal,0.032375105,0.0
158520be-290c-420c-a39c-1cb03429d959,3895333,Exequiel Alejandro Palacios,Bayer Leverkusen,1,20,18,0-23,1,+1,"[107.3, 40.4]",34.935139797079074,12.706297651164956,2,3.446985280076491,0.0970482265090411,5,8,0.625,False,5,8,0.625,False,0.4178970562338524,0.4178970562338524,0.4178970562338524,0,4,1,0.0,0.982547490913071,-0.982547490913071,0.0970482265090411,0.095354504651786,0.982547490913071,0.0016937218572551,False,Blocked,0.19429411,0.0016937218572550955
528a780c-3ccd-45a7-8bf9-a951a832c07f,3895333,Jonas Hofmann,Bayer Leverkusen,1,29,55,23-45+,1,+1,"[94.9, 37.7]",17.964614668434155,25.20515820224106,2,4.036303020467561,0.0363154051471923,4,7,0.5714285714285714,False,4,7,0.5714285714285714,False,0.0868305210005063,0.0868305210005063,0.0868305210005063,0,3,1,0.0,0.982547490913071,-0.982547490913071,0.0363154051471923,0.0356816133104417,0.982547490913071,0.0006337918367505,False,Saved,0.040702738,0.000633791836750601
0eb21787-dd7e-4ef7-a943-8a60f85fbb53,3895333,Jonas Hofmann,Bayer Leverkusen,1,41,10,23-45+,0,0,"[101.3, 50.9]",18.294285324623644,21.644860821913365,1,16.749518761944415,0.0948489029436246,3,6,0.5,False,3,6,0.5,False,0.28793863950379,0.28793863950379,0.28793863950379,0,2,1,0.0,0.982547490913071,-0.982547490913071,0.0948489029436246,0.0931935652605421,0.982547490913071,0.0016553376830824,False,Blocked,0.05227081,0.0016553376830825
693cddac-5b0c-469f-8c78-f2add46315b9,3895333,Patrik Schick,Bayer Leverkusen,1,43,32,23-45+,0,0,"[113.7, 43.2]",56.05099686025836,7.066116330771804,1,4.3177012514711,0.284241458673609,2,6,0.3333333333333333,False,2,5,0.4,False,0.6328804569543746,0.6328804569543746,0.6328804569543746,0,1,0,,,,0.284241458673609,,,0.284241458673609,True,Goal,0.19578177,0.0
82853bfd-ad2a-4d3a-9111-d26c50747d18,3895333,Exequiel Alejandro Palacios,Bayer Leverkusen,2,57,1,45-68,1,+1,"[108.2, 40.1]",37.44933147198408,11.800423721205943,1,10.950835042190343,0.2058596212893627,1,2,0.5,True,1,2,0.5,True,0.2058595731714488,0.2058595731714488,0.2058596212893627,0,0,0,,,,0.2058596212893627,,,0.2058596212893627,True,Goal,0.7835,0.0
2d134930-fab3-4cbf-822c-4e87d0fca66b,3895333,Jeremie Frimpong,Bayer Leverkusen,2,76,32,68-90+,2,+2+,"[111.9, 45.8]",37.89641865926884,9.962429422585632,1,3.560461790168909,0.2210559744699329,2,4,0.5,False,1,3,0.3333333333333333,True,0.2210559928238836,0.0892157597953586,0.2210559744699329,1,0,0,,,,0.2210559744699329,,,0.2210559744699329,True,Goal,0.47853372,0.0
42e736cd-e443-43b7-a8e5-aa1bc7ecd199,3895333,Victor Okoh Boniface,Bayer Leverkusen,2,88,24,68-90+,3,+2+,"[108.1, 40.1]",37.15634507564838,11.900420160649796,1,11.189946687012068,0.204378832517759,1,2,0.5,True,1,2,0.5,True,0.2043788087447764,0.2043788087447764,0.204378832517759,0,0,0,,,,0.204378832517759,,,0.204378832517759,True,Goal,0.7835,0.0
29922617-eb58-413f-8c29-e13c78f199f6,3895340,Robert Andrich,Bayer Leverkusen,1,15,56,0-23,0,0,"[94.9, 35.3]",17.51953301884907,25.53624874565565,2,12.075633631599311,0.0377781473694026,9,10,0.9,False,8,9,0.8888888888888888,False,0.186579818582078,0.1480137263342121,0.1480137263342121,1,7,1,0.0,0.982547490913071,-0.982547490913071,0.0377781473694026,0.0371188278037944,0.982547490913071,0.0006593195656081,False,Blocked,0.07194631,0.0006593195656081977
d2360c7b-f93a-43b2-ac0c-67c81e228c60,3895340,Patrik Schick,Bayer Leverkusen,1,22,40,0-23,0,0,"[112.8, 47.0]",34.17356473687005,10.041912168506556,1,6.549824108852422,0.2312112889517948,2,5,0.4,False,1,4,0.25,True,0.2312113239423733,0.1432521837968222,0.2312112889517948,1,0,0,,,,0.2312112889517948,,,0.2312112889517948,True,Off T,0.041582808,0.0
f965804b-15bf-4b4b-963c-179b80ec14fc,3895340,Edmond Fayçal Tapsoba,Bayer Leverkusen,1,28,46,23-45+,0,0,"[94.9, 37.5]",17.938593104037164,25.22419473442115,2,3.2617620967914127,0.0354168111773198,9,10,0.9,False,9,10,0.9,False,0.2852688317244984,0.2852688317244984,0.2852688317244984,0,8,1,0.0,0.982547490913071,-0.982547490913071,0.0354168111773198,0.0347987012361086,0.982547490913071,0.0006181099412111,False,Blocked,0.03004243,0.0006181099412111979
06131845-bb90-4cb5-955f-c8454fa8dc7f,3895340,Granit Xhaka,Bayer Leverkusen,1,29,44,23-45+,0,0,"[98.4, 56.0]",13.74279773915705,26.880476186258303,1,23.56696584154733,0.0628244465290178,8,10,0.8,False,8,10,0.8,False,0.398269154486876,0.398269154486876,0.398269154486876,0,7,1,0.0,0.982547490913071,-0.982547490913071,0.0628244465290178,0.0617280083051938,0.982547490913071,0.001096438223824,False,Post,0.025478274,0.0010964382238239923
f641856a-9f83-4efa-8642-82ba8958b79e,3895340,Victor Okoh Boniface,Bayer Leverkusen,1,35,34,23-45+,0,0,"[110.4, 39.5]",45.14584756704232,9.6130120149722,1,7.739722420259091,0.2415394654536187,2,8,0.25,False,2,8,0.25,False,0.2415394924917586,0.2415394924917586,0.2415394924917586,0,1,1,0.0,0.982547490913071,-0.982547490913071,0.2415394654536187,0.237324022304194,0.982547490913071,0.0042154431494247,False,Off T,0.06597038,0.004215443149424708
2e430d3e-2741-4d49-9e80-8963abb4d73f,3895340,Victor Okoh Boniface,Bayer Leverkusen,1,37,12,23-45+,0,0,"[112.0, 31.0]",26.38711454566761,12.041594578792296,2,1.081392334538689,0.0794028457676698,5,7,0.7142857142857143,False,4,6,0.6666666666666666,False,0.4456497398596085,0.4456497398596085,0.4456497398596085,1,3,0,,,,0.0794028457676698,,,0.0794028457676698,True,Wayward,0.053766534,0.0
a255cf1e-f73e-434f-a910-58360bd4aa60,3895340,Odilon Kossonou,Bayer Leverkusen,1,39,39,23-45+,0,0,"[93.3, 49.6]",15.147232224326636,28.3734030387615,2,6.06875861749047,0.0291359176901791,7,10,0.7,False,7,10,0.7,False,0.14176309425072,0.14176309425072,0.14176309425072,0,6,1,0.0,0.982547490913071,-0.982547490913071,0.0291359176901791,0.0286274295447679,0.982547490913071,0.0005084881454111,False,Off T,0.023349753,0.0005084881454111984
7c2798b0-6986-4566-86ce-0a351c33986c,3895340,Patrik Schick,Bayer Leverkusen,1,40,47,23-45+,0,0,"[107.5, 41.4]",35.1143280478363,12.578155667664475,1,10.058108556437146,0.192815527730758,1,9,0.1111111111111111,True,1,8,0.125,True,0.1928155252547339,0.1928155252547339,0.192815527730758,0,0,0,,,,0.192815527730758,,,0.192815527730758,True,Goal,0.043790568,0.0
bbe92ecc-45d8-4ffc-817b-444112682107,3895340,Victor Okoh Boniface,Bayer Leverkusen,1,46,18,23-45+,1,+1,"[108.0, 40.0]",36.86989764584401,12.0,1,10.732625608245952,0.2024485420236389,1,3,0.3333333333333333,True,1,3,0.3333333333333333,True,0.2024485420236389,0.2024485420236389,0.2024485420236389,0,0,0,,,,0.2024485420236389,,,0.2024485420236389,True,Goal,0.7835,0.0
5bf94991-d33b-4fad-9c75-5acad6f58186,3895340,Granit Xhaka,Bayer Leverkusen,2,48,52,45-68,2,+2+,"[99.5, 29.5]",17.679996886416802,23.03258561256204,4,16.408601927546673,0.0140240115645033,8,10,0.8,False,8,10,0.8,False,0.331486246625169,0.331486246625169,0.331486246625169,0,7,0,,,,0.0140240115645033,,,0.0140240115645033,True,Blocked,0.0272795,0.0
eefe3d33-edae-4a15-ba89-93b9220cf6ad,3895340,Patrik Schick,Bayer Leverkusen,2,49,49,45-68,2,+2+,"[107.5, 27.9]",19.231086770314885,17.397126199461795,1,11.348146745249972,0.1317277294752499,2,5,0.4,False,2,5,0.4,False,0.470777885023703,0.470777885023703,0.470777885023703,0,1,0,,,,0.1317277294752499,,,0.1317277294752499,True,Saved,0.118455246,0.0
ce657a2c-9ba5-402a-adfa-181697e21398,3895340,Patrik Schick,Bayer Leverkusen,2,57,23,45-68,2,+2+,"[94.5, 40.5]",17.823273348208225,25.5049014897137,1,3.9181668843598794,0.0644103673371319,3,9,0.3333333333333333,False,3,9,0.3333333333333333,False,0.0734295875154947,0.0734295875154947,0.0734295875154947,0,2,0,,,,0.0644103673371319,,,0.0644103673371319,True,Blocked,0.03879495,0.0
0c2d4394-e3af-4962-ab84-10019b18cf0a,3895340,Victor Okoh Boniface,Bayer Leverkusen,2,58,30,45-68,2,+2+,"[101.5, 33.8]",22.088500989352347,19.51127878945919,1,12.621345685784917,0.1116267407991544,1,6,0.1666666666666666,True,1,6,0.1666666666666666,True,0.1116267386865357,0.1116267386865357,0.1116267407991544,0,0,0,,,,0.1116267407991544,,,0.1116267407991544,True,Post,0.1731522,0.0
e8090304-80b2-4652-8526-18230ab1e570,3895340,Robert Andrich,Bayer Leverkusen,2,63,31,45-68,2,+2+,"[94.5, 45.5]",17.066368015968898,26.086394921491163,4,11.517218002930024,0.0108711563546581,9,10,0.9,False,9,10,0.9,False,0.2057535776681106,0.2057535776681106,0.2057535776681106,0,8,0,,,,0.0108711563546581,,,0.0108711563546581,True,Off T,0.02513808,0.0
1e542229-14f8-47d2-8518-8d9df91bb648,3895340,Patrik Schick,Bayer Leverkusen,2,66,20,45-68,2,+2+,"[104.8, 42.1]",28.99138700868035,15.34438007871286,1,8.944756514933681,0.1537742989312361,4,6,0.6666666666666666,False,4,6,0.6666666666666666,False,0.2698971008119519,0.2698971008119519,0.2698971008119519,0,3,1,0.0,0.982547490913071,-0.982547490913071,0.1537742989312361,0.1510905881009862,0.982547490913071,0.0026837108302499,False,Off T,0.13727601,0.0026837108302499024
3ec93bf2-b917-41a5-8f35-30cb38030f41,3895340,Granit Xhaka,Bayer Leverkusen,2,70,8,68-90+,2,+2+,"[101.2, 35.2]",22.64694575938081,19.40309253701584,2,10.045341280545143,0.061294396184405,5,9,0.5555555555555556,False,5,9,0.5555555555555556,False,0.2427052166384885,0.2427052166384885,0.2427052166384885,0,4,0,,,,0.061294396184405,,,0.061294396184405,True,Saved,0.09135022,0.0
25786fda-271d-4b59-bef6-8f1deac2c6e2,3895340,Amine Adli,Bayer Leverkusen,2,70,9,68-90+,2,+2+,"[110.8, 44.6]",39.33801555967256,10.285912696499036,0,inf,0.4391681034092693,2,6,0.3333333333333333,False,2,6,0.3333333333333333,False,0.4391682232835208,0.4391682232835208,0.4391682232835208,0,1,1,0.0,0.982547490913071,-0.982547490913071,0.4391681034092693,0.4315036358759747,0.982547490913071,0.0076644675332946,False,Blocked,0.17022909,0.007664467533294639
565ac75c-7e83-4b34-8a21-a8d666bb01fc,3895340,Amine Adli,Bayer Leverkusen,2,74,55,68-90+,2,+2+,"[112.7, 31.0]",26.27564177501217,11.588356225108027,1,8.136828932088623,0.2067535658837112,4,5,0.8,False,4,5,0.8,False,0.3086253391279278,0.3086253391279278,0.3086253391279278,0,3,0,,,,0.2067535658837112,,,0.2067535658837112,True,Saved,0.17184962,0.0
20bba541-c700-43c1-a3f8-7d319a0f1117,3895340,Amine Adli,Bayer Leverkusen,2,75,38,68-90+,2,+2+,"[114.7, 44.2]",54.962658759563,6.762396025078685,1,5.1607653022588185,0.2956734727031229,4,8,0.5,False,4,8,0.5,False,0.5931969847305589,0.5931969847305589,0.5931969847305589,0,3,1,0.4949615281564268,0.9912994563299836,-0.4963379281735568,0.2956734727031229,0.3196510225189204,0.9912994563299836,-0.0239775498157975,False,Goal,0.17732605,-0.023977549815797528
8f96e0d2-d438-4876-8dfd-705f90195bb2,3895340,Jonas Hofmann,Bayer Leverkusen,2,77,14,68-90+,3,+2+,"[101.5, 42.7]",23.92805277816364,18.69598887462228,1,13.701861432328302,0.1194482299367605,3,5,0.6,False,3,5,0.6,False,0.2416577370081891,0.2416577370081891,0.2416577370081891,0,2,0,,,,0.1194482299367605,,,0.1194482299367605,True,Blocked,0.106995605,0.0
a521ce17-5ba0-48bb-9d9d-afd16d56c56d,3895340,Edmond Fayçal Tapsoba,Bayer Leverkusen,2,77,58,68-90+,3,+2+,"[113.0, 44.2]",47.87741141638455,8.163332652783422,2,1.0303625204679214,0.1063223788116581,6,9,0.6666666666666666,False,5,8,0.625,False,0.3548211077636802,0.1806940490504486,0.1806940490504486,1,4,1,0.0,0.0,0.0,0.1063223788116581,0.0,0.0,0.1063223788116581,False,Blocked,0.146875,0.1063223788116581
8ea7b514-e99d-4798-851c-f5d63a9edb28,3895340,Jonas Hofmann,Bayer Leverkusen,2,82,7,68-90+,3,+2+,"[114.7, 36.3]",58.69960938903126,6.463745044476924,1,3.5024097794211206,0.291910892689344,1,7,0.1428571428571428,True,1,7,0.1428571428571428,True,0.2919108529781388,0.2919108529781388,0.291910892689344,0,0,0,,,,0.291910892689344,,,0.291910892689344,True,Saved,0.5318175,0.0
7bcae1d1-291c-498f-9d59-f8451f440802,3895340,Arthur Augusto de Matos Soares,Bayer Leverkusen,2,84,46,68-90+,3,+2+,"[108.8, 59.5]",10.36887684005396,22.487552112224225,1,16.50960960187993,0.0886346439422796,6,7,0.8571428571428571,False,6,7,0.8571428571428571,False,0.3758414679298686,0.3758414679298686,0.3758414679298686,0,5,1,0.0,0.982547490913071,-0.982547490913071,0.0886346439422796,0.087087757393162,0.982547490913071,0.0015468865491176,False,Off T,0.010973065,0.001546886549117596
059486c5-891d-40fd-9463-4f835874429d,3895340,Josip Stanišić,Bayer Leverkusen,2,85,50,68-90+,3,+2+,"[103.3, 53.1]",17.091608793317302,21.224985276791127,1,18.291534273849663,0.0982866704269323,4,9,0.4444444444444444,False,4,9,0.4444444444444444,False,0.3227000463158635,0.3227000463158635,0.3227000463158635,0,3,1,0.0,0.982547490913071,-0.982547490913071,0.0982866704269323,0.0965713468660341,0.982547490913071,0.0017153235608981,False,Goal,0.043656476,0.0017153235608982076
fc692a29-81a6-4eeb-aaa3-d5322a575fd7,3895340,Amine Adli,Bayer Leverkusen,2,87,45,68-90+,4,+2+,"[108.6, 49.3]",24.46441025241897,14.712239802287076,1,8.211167911281864,0.1611059064482153,3,6,0.5,False,3,6,0.5,False,0.4010230666145226,0.4010230666145226,0.4010230666145226,0,2,0,,,,0.1611059064482153,,,0.1611059064482153,True,Saved,0.25447637,0.0
82b24884-2601-40a1-a016-15c876f6ddbc,3895340,Gustavo Adolfo Puerta Molano,Bayer Leverkusen,2,88,17,68-90+,4,+2+,"[90.6, 31.4]",14.306041805400085,30.63200940193118,4,6.083824339160792,0.0073261226716748,9,10,0.9,False,9,10,0.9,False,0.2184495898604959,0.2184495898604959,0.2184495898604959,0,8,0,,,,0.0073261226716748,,,0.0073261226716748,True,Off T,0.020731112,0.0
331e552a-bf38-4977-b87c-2bbb1b281c62,3895340,Jonathan Tah,Bayer Leverkusen,2,90,44,68-90+,4,+2+,"[91.9, 44.5]",15.810708686394946,28.45803928593816,3,3.4906602566096767,0.0151275961371065,10,10,1.0,False,10,10,1.0,False,0.2083856689890668,0.2083856689890668,0.2083856689890668,0,9,2,0.2667772281196746,0.9916024213716238,-0.7248251932519492,0.0151275961371065,0.0475705406947547,0.9916024213716238,-0.0324429445576482,False,Off T,0.025919521,-0.0324429445576482
ae9a38af-5ca6-4bbc-9a85-34d4e9aa0e89,3895340,Alejandro Grimaldo García,Bayer Leverkusen,2,92,7,68-90+,4,+2+,"[111.2, 37.5]",46.124278611984806,9.148223871331526,0,inf,0.4810144779185852,1,5,0.2,True,1,4,0.25,True,0.4810143649535496,0.4810143649535496,0.4810144779185852,0,0,0,,,,0.4810144779185852,,,0.4810144779185852,True,Goal,0.86161053,0.0
1d26f4b1-0022-479a-a209-a8b714cd6f1c,3895340,Amine Adli,Bayer Leverkusen,2,93,31,68-90+,5,+2+,"[87.6, 29.0]",12.651052634852835,34.21637035104688,1,18.987144856967955,0.0347916969788136,2,4,0.5,False,2,4,0.5,False,0.0632151055353899,0.0632151055353899,0.0632151055353899,0,1,0,,,,0.0347916969788136,,,0.0347916969788136,True,Off T,0.028328221,0.0
972eb987-0c5a-4c1e-92eb-be61658b0ba1,3895348,Victor Okoh Boniface,Bayer Leverkusen,1,11,13,0-23,0,0,"[111.9, 43.2]",47.27408876872703,8.709190547921198,0,inf,0.4982091830666363,2,5,0.4,False,2,4,0.5,False,0.4982092284563383,0.4982092284563383,0.4982092284563383,0,1,1,0.0,0.982547490913071,-0.982547490913071,0.4982091830666363,0.4895142273695121,0.982547490913071,0.0086949556971241,False,Goal,0.74691355,0.008694955697124196
2d471cca-8bdc-4204-aa82-59d0fae5bd21,3895348,Victor Okoh Boniface,Bayer Leverkusen,1,15,3,0-23,1,+1,"[106.4, 41.0]",32.625365028311414,13.636715146984622,1,10.3938003404956,0.1773869646791179,2,7,0.2857142857142857,False,2,7,0.2857142857142857,False,0.1773869852729096,0.1773869852729096,0.1773869852729096,0,1,1,0.0,0.982547490913071,-0.982547490913071,0.1773869646791179,0.1742911373005312,0.982547490913071,0.0030958273785867,False,Wayward,0.060549814,0.003095827378586713
2196b3ef-b7f7-421d-b71e-8f15b9cd1fa9,3895348,Jonas Hofmann,Bayer Leverkusen,1,24,10,23-45+,1,+1,"[101.9, 55.4]",14.781329663854546,23.76489006917557,1,21.222697362007427,0.0804564728207674,4,8,0.5,False,4,8,0.5,False,0.176184985712605,0.176184985712605,0.176184985712605,0,3,1,0.0,0.982547490913071,-0.982547490913071,0.0804564728207674,0.0790523065814415,0.982547490913071,0.0014041662393258,False,Saved,0.029768612,0.0014041662393259047
18fe5d98-8cd1-4a43-bd34-f5a73f46d7ac,3895348,Jonathan Tah,Bayer Leverkusen,1,26,41,23-45+,1,+1,"[108.1, 53.2]",17.61423103896311,17.772169254201923,2,5.498984588946008,0.0675751989650031,5,9,0.5555555555555556,False,5,9,0.5555555555555556,False,0.2653030494204563,0.2653030494204563,0.2653030494204563,0,4,0,,,,0.0675751989650031,,,0.0675751989650031,True,Wayward,0.05129539,0.0
30004327-97f1-4663-b1b5-26e6642c267e,3895348,Robert Andrich,Bayer Leverkusen,1,26,43,23-45+,1,+1,"[114.6, 40.2]",73.00917670801377,5.403702434442525,1,2.4564017266942493,0.3026627866287327,1,8,0.125,True,1,8,0.125,True,0.3026627823653727,0.3026627823653727,0.3026627866287327,0,0,0,,,,0.3026627866287327,,,0.3026627866287327,True,Goal,0.3140029,0.0
1a0525aa-6f44-477f-9d03-004323383d18,3895348,Robert Andrich,Bayer Leverkusen,1,42,9,23-45+,2,+2+,"[93.2, 41.3]",16.93946372565354,26.83151132530555,1,24.48136792402468,0.0631110211967958,3,8,0.375,False,2,7,0.2857142857142857,False,0.1766013510215014,0.1522165071263635,0.1522165071263635,1,1,0,,,,0.0631110211967958,,,0.0631110211967958,True,Off T,0.030300789,0.0
a29371aa-73b8-4391-a2b6-5d35039cae0c,3895348,Jeremie Frimpong,Bayer Leverkusen,1,46,29,23-45+,2,+2+,"[102.9, 45.2]",24.26659549536357,17.873164241398328,2,2.8229973095710306,0.0625651723146257,4,4,1.0,False,4,4,1.0,False,0.1517043056384514,0.1517043056384514,0.1517043056384514,0,3,1,0.0,0.982547490913071,-0.982547490913071,0.0625651723146257,0.0614732559025495,0.982547490913071,0.0010919164120761,False,Blocked,0.081525005,0.0010919164120762048
4880c409-6ee0-4a5f-93d2-97cb9a00bbcd,3895348,Jonas Hofmann,Bayer Leverkusen,2,47,2,45-68,2,+2+,"[103.4, 44.9]",25.09438364710899,17.3080905937079,2,3.557208650155691,0.067401030837407,4,5,0.8,False,3,4,0.75,False,0.41458307175736,0.1294023097440619,0.1294023097440619,1,2,2,0.3618323986103061,0.9912739172349996,-0.6294415186246934,0.067401030837407,0.128273134479253,0.9912739172349996,-0.060872103641846,False,Saved,0.07502105,-0.060872103641846004
d24b2b24-be3c-4bbf-be20-c0574500ead9,3895348,Jonas Hofmann,Bayer Leverkusen,2,52,21,45-68,2,+2+,"[89.2, 40.0]",14.799189319774213,30.8,1,29.598920693292904,0.0460736532083004,5,10,0.5,False,5,10,0.5,False,0.1381384564016134,0.1381384564016134,0.1381384564016134,0,4,0,,,,0.0460736532083004,,,0.0460736532083004,True,Off T,0.024325714,0.0
2170a298-e3d5-4f41-a2a4-cf97beb1934b,3895348,Amine Adli,Bayer Leverkusen,2,54,19,45-68,2,+2+,"[114.1, 52.8]",14.489266997096056,14.09432509913121,1,11.08044209373796,0.1714187902812977,4,8,0.5,False,4,8,0.5,False,0.57780440018325,0.57780440018325,0.57780440018325,0,3,1,0.0,0.982547490913071,-0.982547490913071,0.1714187902812977,0.1684271029171699,0.982547490913071,0.0029916873641277,False,Saved,0.058906764,0.002991687364127804
99ea0fdd-96bd-4078-b8a2-c44466e8eea6,3895348,Patrik Schick,Bayer Leverkusen,2,64,37,45-68,1,+1,"[114.6, 32.6]",32.45809012334006,9.160785992479031,2,1.136719673331705,0.1017992412808566,5,8,0.625,False,4,7,0.5714285714285714,False,0.3623788870777512,0.149700010992068,0.149700010992068,1,3,1,0.0,0.982547490913071,-0.982547490913071,0.1017992412808566,0.1000226383266419,0.982547490913071,0.0017766029542146,False,Blocked,0.061452772,0.0017766029542146955
8d69492c-d4ff-4d14-97d2-4c00ebad6ada,3895348,Patrik Schick,Bayer Leverkusen,2,65,35,45-68,1,+1,"[111.5, 44.3]",42.29657466647134,9.525754563287888,1,6.957583762842219,0.2418224286401527,2,7,0.2857142857142857,False,2,7,0.2857142857142857,False,0.2418224343048705,0.2418224343048705,0.2418224343048705,0,1,1,0.0,0.0,0.0,0.2418224286401527,0.0,0.0,0.2418224286401527,False,Off T,0.16914494,0.2418224286401527
32a9efdb-5333-4be1-86a7-a03c1bf28c40,3895348,Jonas Hofmann,Bayer Leverkusen,2,68,7,68-90+,1,+1,"[106.0, 29.1]",20.547008958548567,17.742885898297377,1,13.747457265070974,0.1289246489924695,5,8,0.625,False,5,8,0.625,False,0.3591521972593948,0.3591521972593948,0.3591521972593948,0,4,1,0.0,0.0,0.0,0.1289246489924695,0.0,0.0,0.1289246489924695,False,Blocked,0.0637409,0.1289246489924695
4ed55466-f1dc-420a-8e59-5e9c6624113d,3895348,Robert Andrich,Bayer Leverkusen,2,71,15,68-90+,1,+1,"[99.8, 33.9]",20.629879946126174,21.1009478460092,1,17.948763195767505,0.0992253765126192,4,9,0.4444444444444444,False,4,9,0.4444444444444444,False,0.142294156863386,0.142294156863386,0.142294156863386,0,3,1,0.0,0.982547490913071,-0.982547490913071,0.0992253765126192,0.0974936705491916,0.982547490913071,0.0017317059634276,False,Saved,0.05477327,0.0017317059634276016
24975a3f-1c57-4475-9149-57d99cd2be53,3895348,Florian Wirtz,Bayer Leverkusen,2,71,20,68-90+,1,+1,"[104.1, 48.6]",22.259575841940503,18.07678068683692,2,2.5160280663342163,0.0604993175957453,6,6,1.0,False,6,6,1.0,False,0.2390095675172855,0.2390095675172855,0.2390095675172855,0,5,1,0.0,0.982547490913071,-0.982547490913071,0.0604993175957453,0.0594434528365425,0.982547490913071,0.0010558647592027,False,Blocked,0.061963774,0.0010558647592027945
f16d5f02-3eb9-4e19-8816-8bbab748f358,3895348,Granit Xhaka,Bayer Leverkusen,2,72,50,68-90+,1,+1,"[104.4, 45.2]",26.1310005449386,16.44384383287557,4,5.62700100059849,0.0226727088715022,6,7,0.8571428571428571,False,6,7,0.8571428571428571,False,0.2854689836777777,0.2854689836777777,0.2854689836777777,0,5,2,0.108737682168812,0.991329598400133,-0.8825919162313209,0.0226727088715022,0.1451072719758609,0.991329598400133,-0.1224345631043586,False,Saved,0.060702946,-0.1224345631043587
a5c5a158-167f-4541-a86f-ec5374736ec8,3895348,Florian Wirtz,Bayer Leverkusen,2,83,43,68-90+,1,+1,"[93.5, 30.0]",15.090046098911484,28.324018076537094,1,23.02009054211954,0.0559499592589887,4,9,0.4444444444444444,False,4,9,0.4444444444444444,False,0.084767386793622,0.084767386793622,0.084767386793622,0,3,0,,,,0.0559499592589887,,,0.0559499592589887,True,Off T,0.030079998,0.0
4cb3184a-f70b-4c7c-aad7-e105370c2c3c,3895348,Florian Wirtz,Bayer Leverkusen,2,87,31,68-90+,1,+1,"[107.9, 43.0]",34.77436531815835,12.466354719804816,1,9.369030886859695,0.1939796101705663,2,5,0.4,False,2,4,0.5,False,0.19397963186542,0.19397963186542,0.19397963186542,0,1,1,0.0,0.982547490913071,-0.982547490913071,0.1939796101705663,0.1905942005776097,0.982547490913071,0.0033854095929566,False,Saved,0.107969604,0.0033854095929566064
d2aee838-eab9-477b-aabd-091a3ef2ce12,3895348,Robert Andrich,Bayer Leverkusen,2,88,39,68-90+,1,+1,"[96.6, 43.1]",19.08138204943845,23.604448733236715,1,20.02255332011213,0.0814037961963089,4,9,0.4444444444444444,False,4,9,0.4444444444444444,False,0.1294363229984717,0.1294363229984717,0.1294363229984717,0,3,0,,,,0.0814037961963089,,,0.0814037961963089,True,Blocked,0.05046559,0.0
b080ad0f-dba1-4cad-a0a5-3a80d004e136,3895348,Granit Xhaka,Bayer Leverkusen,2,89,21,68-90+,1,+1,"[95.5, 44.1]",18.060659246111463,24.84069242191127,3,13.257433708820884,0.0219842905719577,8,9,0.8888888888888888,False,6,7,0.8571428571428571,False,0.2676949498007739,0.1168465483082533,0.1168465483082533,2,5,1,0.0,0.982547490913071,-0.982547490913071,0.0219842905719577,0.0216006099529729,0.982547490913071,0.0003836806189847,False,Blocked,0.032017022,0.00038368061898480174
dc8782f0-fbfc-41b6-947c-59fd533c0c65,3895286,Jonas Hofmann,Bayer Leverkusen,1,5,24,0-23,0,0,"[93.5, 38.9]",17.138798736714172,26.5228203628498,1,22.569984102162604,0.0645995210579354,4,7,0.5714285714285714,False,3,6,0.5,False,0.1097568571435905,0.0912300091604938,0.0912300091604938,1,2,1,0.0,0.982547490913071,-0.982547490913071,0.0645995210579354,0.0634720976391793,0.982547490913071,0.0011274234187561,False,Blocked,0.040825125,0.0011274234187561016
ddc83fa0-fb65-4d37-8d38-e59b9dfb7d21,3895286,Granit Xhaka,Bayer Leverkusen,1,10,35,0-23,0,0,"[100.4, 37.0]",22.57454557905371,19.828262657126565,1,17.12792792592284,0.1097429260819515,5,11,0.4545454545454545,False,4,10,0.4,False,0.1734580809248712,0.1734580809248712,0.1734580809248712,1,3,1,0.0,0.982547490913071,-0.982547490913071,0.1097429260819515,0.1078276494556979,0.982547490913071,0.0019152766262536,False,Saved,0.12005351,0.001915276626253612
44f191cc-5862-4181-b9ce-fa5909f30379,3895286,Granit Xhaka,Bayer Leverkusen,1,16,55,0-23,0,0,"[90.7, 39.2]",15.536552627774553,29.310919466983627,2,5.655762173934877,0.02690083669223,8,10,0.8,False,8,10,0.8,False,0.0839908859551486,0.0839908859551486,0.0839908859551486,0,7,0,,,,0.02690083669223,,,0.02690083669223,True,Blocked,0.026810719,0.0
7880f03f-39e3-42d7-8e08-93b528d444f4,3895286,Florian Wirtz,Bayer Leverkusen,1,17,29,0-23,0,0,"[98.0, 30.3]",17.386231399335315,24.04350224073024,1,20.51638948802541,0.0786319803912456,3,8,0.375,False,2,7,0.2857142857142857,False,0.147936641757399,0.1415935256689836,0.1415935256689836,1,1,0,,,,0.0786319803912456,,,0.0786319803912456,True,Off T,0.038797267,0.0
c2f395d9-3c92-4154-a54d-66e551eb8171,3895286,Jonas Hofmann,Bayer Leverkusen,1,19,13,0-23,0,0,"[109.4, 58.6]",10.852853387862206,21.40840956259946,1,16.87086090145034,0.0966767553737154,4,10,0.4,False,4,10,0.4,False,0.2077043427803388,0.2077043427803388,0.2077043427803388,0,3,1,0.0,0.982547490913071,-0.982547490913071,0.0966767553737154,0.0949895189590808,0.982547490913071,0.0016872364146345,False,Blocked,0.009383234,0.0016872364146345992
b22a05bb-7bca-4d40-b51c-63dec8015de7,3895286,Granit Xhaka,Bayer Leverkusen,1,35,16,23-45+,-1,-1,"[95.9, 52.0]",15.21660368808268,26.922295593058177,1,22.39233778388976,0.0625588915768308,5,10,0.5,False,5,10,0.5,False,0.1179783548188406,0.1179783548188406,0.1179783548188406,0,4,1,0.0,0.982547490913071,-0.982547490913071,0.0625588915768308,0.0614670886028089,0.982547490913071,0.0010918029740218,False,Blocked,0.018815912,0.0010918029740218937
ea820bf5-a4f6-4791-9d06-43cb8d82096f,3895286,Jonas Hofmann,Bayer Leverkusen,1,40,48,23-45+,-1,-1,"[109.1, 55.8]",13.89654461635106,19.19505144562004,1,13.494300692677117,0.1147216798343994,4,10,0.4,False,4,10,0.4,False,0.4302233606767032,0.4302233606767032,0.4302233606767032,0,3,0,,,,0.1147216798343994,,,0.1147216798343994,True,Blocked,0.03323577,0.0
2044ddc0-90d9-48cd-bfcf-e8d225c3e44b,3895286,Granit Xhaka,Bayer Leverkusen,1,41,38,23-45+,-1,-1,"[98.2, 16.5]",9.78269156440708,32.05448486561592,0,inf,0.0769685186640003,5,11,0.4545454545454545,False,5,11,0.4545454545454545,False,0.1853685401725435,0.1853685401725435,0.1853685401725435,0,4,0,,,,0.0769685186640003,,,0.0769685186640003,True,Saved,0.008555494,0.0
501acb6c-0849-4bed-912e-ab4610b5b579,3895286,Jonas Hofmann,Bayer Leverkusen,1,43,13,23-45+,-1,-1,"[110.2, 52.9]",17.646765564695947,16.200308639035242,1,9.894339511441226,0.1442147391050643,2,8,0.25,False,2,8,0.25,False,0.3372535385284569,0.3372535385284569,0.3372535385284569,0,1,0,,,,0.1442147391050643,,,0.1442147391050643,True,Saved,0.12434759,0.0
5907be90-aea6-47af-be13-2a0597a27cde,3895286,Jonas Hofmann,Bayer Leverkusen,1,46,1,23-45+,-1,-1,"[107.5, 47.2]",27.5010033079351,14.425324953012325,1,11.624786844652066,0.1672216285539675,5,11,0.4545454545454545,False,4,10,0.4,False,0.3963221720733741,0.3963221720733741,0.3963221720733741,1,3,0,,,,0.1672216285539675,,,0.1672216285539675,True,Blocked,0.21259329,0.0
e00bdae8-f038-4591-abb4-cb5475b59639,3895286,Robert Andrich,Bayer Leverkusen,1,46,35,23-45+,-1,-1,"[117.1, 31.7]",20.729978301666826,8.79204185613331,1,5.51305244621726,0.2526074855460595,4,11,0.3636363636363636,False,4,11,0.3636363636363636,False,0.2971553568407044,0.2971553568407044,0.2971553568407044,0,3,1,0.0,0.982547490913071,-0.982547490913071,0.2526074855460595,0.2481988545972827,0.982547490913071,0.0044086309487767,False,Off T,0.094437055,0.004408630948776804
ffc38f11-baa3-4c0f-a295-9d1ba06218a8,3895286,Jonas Hofmann,Bayer Leverkusen,2,49,26,45-68,-1,-1,"[97.5, 52.8]",15.386450791611365,25.886096654381863,2,9.422416499751384,0.036394424570222,8,11,0.7272727272727273,False,8,11,0.7272727272727273,False,0.1701847423378792,0.1701847423378792,0.1701847423378792,0,7,1,0.0,0.0,0.0,0.036394424570222,0.0,0.0,0.036394424570222,False,Blocked,0.026392784,0.036394424570222
9f87daa3-46c6-4c28-989d-3118a5696f2e,3895286,Piero Martín Hincapié Reyna,Bayer Leverkusen,2,51,36,45-68,-1,-1,"[106.2, 36.9]",30.95688900489641,14.143903280212289,0,inf,0.3225451145614542,3,9,0.3333333333333333,False,3,8,0.375,False,0.340124907527544,0.340124907527544,0.340124907527544,0,2,1,0.4464929202358373,0.9912909087118602,-0.5447979884760229,0.3225451145614542,0.328278658680716,0.9912909087118602,-0.0057335441192618,False,Saved,0.057205044,-0.005733544119261802
ead90328-cf19-4c93-862e-477bba4ecfeb,3895286,Florian Wirtz,Bayer Leverkusen,2,53,46,45-68,-1,-1,"[112.3, 52.8]",16.56236037954602,14.937536610833794,1,9.54700185119899,0.1593103807883568,4,7,0.5714285714285714,False,4,7,0.5714285714285714,False,0.5151798679807909,0.5151798679807909,0.5151798679807909,0,3,1,0.0,0.982547490913071,-0.982547490913071,0.1593103807883568,0.1565300412871057,0.982547490913071,0.002780339501251,False,Saved,0.036589272,0.002780339501251089
b28c5ef8-249c-4de7-9b27-46095fac61e0,3895286,Jonathan Tah,Bayer Leverkusen,2,54,38,45-68,-1,-1,"[111.4, 45.8]",36.90990865855321,10.373041983911946,0,inf,0.4361175949927992,2,10,0.2,False,2,10,0.2,False,0.4361176540136405,0.4361176540136405,0.4361176540136405,0,1,1,0.0,0.982547490913071,-0.982547490913071,0.4361175949927992,0.4285063066939973,0.982547490913071,0.0076112882988018,False,Off T,0.06923281,0.007611288298801866
45875581-d54b-435c-a4c2-ed98908163de,3895286,Alejandro Grimaldo García,Bayer Leverkusen,2,57,39,45-68,-1,-1,"[94.0, 26.1]",13.700622566676664,29.48236761184556,2,8.512000506612734,0.0271716293845802,9,10,0.9,False,8,9,0.8888888888888888,False,0.3124301054955535,0.2707411986929061,0.2707411986929061,1,7,1,0.0,0.0,0.0,0.0271716293845802,0.0,0.0,0.0271716293845802,False,Saved,0.022225993,0.0271716293845802
df52230a-bb32-4471-8d04-4ed9604296ca,3895286,Jeremie Frimpong,Bayer Leverkusen,2,62,6,45-68,-1,-1,"[102.7, 45.8]",23.59038797996652,18.246369501903654,0,inf,0.2323037351941527,3,8,0.375,False,2,7,0.2857142857142857,False,0.3137130436418156,0.3137130436418156,0.3137130436418156,1,1,0,,,,0.2323037351941527,,,0.2323037351941527,True,Blocked,0.0627306,0.0
802a3444-d774-4df6-9d30-4252646f7c5a,3895286,Amine Adli,Bayer Leverkusen,2,63,3,45-68,-1,-1,"[104.6, 53.5]",16.98248763364335,20.479501947068933,2,2.288233164108953,0.0491357935729683,8,11,0.7272727272727273,False,8,11,0.7272727272727273,False,0.2489829860741696,0.2489829860741696,0.2489829860741696,0,7,1,0.0,0.982547490913071,-0.982547490913071,0.0491357935729683,0.0482782507853959,0.982547490913071,0.0008575427875723,False,Blocked,0.033214908,0.000857542787572399
98e4b110-93f1-4384-9419-ae1179cd7e83,3895286,Alejandro Grimaldo García,Bayer Leverkusen,2,64,37,45-68,-1,-1,"[93.4, 28.8]",14.59917515251203,28.86173937932362,3,10.337299447997546,0.015801759632383,9,10,0.9,False,9,10,0.9,False,0.1453710792641444,0.1453710792641444,0.1453710792641444,0,8,1,0.0,0.982547490913071,-0.982547490913071,0.015801759632383,0.0155259805847435,0.982547490913071,0.0002757790476394,False,Blocked,0.044617523,0.00027577904763949855
203fa3c1-0671-4214-a546-d95489164a58,3895286,Alejandro Grimaldo García,Bayer Leverkusen,2,69,35,68-90+,-1,-1,"[91.5, 27.6]",13.495596418284688,31.080701407786798,2,17.720742715964096,0.0245013140064348,8,9,0.8888888888888888,False,6,7,0.8571428571428571,False,0.2914207181911497,0.1058528257310447,0.1058528257310447,2,5,1,0.0,0.0,0.0,0.0245013140064348,0.0,0.0,0.0245013140064348,False,Saved,0.020587955,0.0245013140064348
62b6d3db-4b64-44cd-8d42-6c0638df57aa,3895286,Jeremie Frimpong,Bayer Leverkusen,2,70,11,68-90+,-1,-1,"[114.7, 50.8]",18.2304126221862,12.030378215168462,0,inf,0.381963487572998,2,9,0.2222222222222222,False,2,9,0.2222222222222222,False,0.5064695288545782,0.5064695288545782,0.5064695288545782,0,1,0,,,,0.381963487572998,,,0.381963487572998,True,Blocked,0.14081118,0.0
0c7a857c-a2df-4c95-bac3-532f76c9dd0a,3895286,Patrik Schick,Bayer Leverkusen,2,73,48,68-90+,-1,-1,"[107.5, 43.9]",32.75124295668385,13.094273557551787,2,3.877590945420927,0.0953025494168108,4,11,0.3636363636363636,False,4,11,0.3636363636363636,False,0.2371303146283606,0.2371303146283606,0.2371303146283606,0,3,0,,,,0.0953025494168108,,,0.0953025494168108,True,Off T,0.14845592,0.0
c372969f-941d-48c3-9d22-131aa2540e33,3895286,Patrik Schick,Bayer Leverkusen,2,75,13,68-90+,-1,-1,"[110.8, 35.1]",38.46318917935984,10.42353107157071,2,2.317944605789057,0.1100908699732187,6,11,0.5454545454545454,False,5,10,0.5,False,0.5178537779997918,0.3651786374464789,0.3651786374464789,1,4,2,0.001262808258567,0.991273661917168,-0.9900108536586008,0.1100908699732187,0.1095280106664765,0.991273661917168,0.0005628593067421,False,Saved,0.06357389,0.0005628593067422
3f0a202d-43cc-421c-a97a-99d463fdfb94,3895286,Amine Adli,Bayer Leverkusen,2,75,15,68-90+,-1,-1,"[115.4, 30.1]",19.630953318603368,10.916501271011692,2,4.544845748354,0.115171622955945,6,11,0.5454545454545454,False,5,10,0.5,False,0.6019414242262584,0.5935402101594286,0.5935402101594286,1,4,2,0.0181580173519669,0.991273751350684,-0.9731157339987172,0.115171622955945,0.1195388518062032,0.991273751350684,-0.0043672288502581,False,Saved,0.09254166,-0.004367228850258198
d556aae7-7647-4c27-8aa4-f5ccbd034b09,3895286,Robert Andrich,Bayer Leverkusen,2,75,46,68-90+,-1,-1,"[103.8, 45.6]",25.010118524896036,17.140595088852667,1,13.210861535426847,0.1351289564862219,5,11,0.4545454545454545,False,5,11,0.4545454545454545,False,0.3934047198211816,0.3934047198211816,0.3934047198211816,0,4,1,0.0,0.982547490913071,-0.982547490913071,0.1351289564862219,0.1327706520411471,0.982547490913071,0.0023583044450747,False,Off T,0.060281254,0.002358304445074788
55fad6f6-64d5-4bac-9d5b-a5e542384626,3895286,Jeremie Frimpong,Bayer Leverkusen,2,78,40,68-90+,-1,-1,"[109.4, 47.4]",29.298676837038357,12.927490088953844,3,1.4812765801595609,0.0448587526555348,6,8,0.75,False,5,7,0.7142857142857143,False,0.6003486458488554,0.6003486458488554,0.6003486458488554,1,4,0,,,,0.0448587526555348,,,0.0448587526555348,True,Blocked,0.05691846,0.0
8cc67067-433f-47e4-a1b0-8e0f4fc89d61,3895286,Jonathan Tah,Bayer Leverkusen,2,78,43,68-90+,-1,-1,"[94.0, 48.2]",15.961211162141604,27.262428358456997,5,3.964871425093369,0.0050828646747033,10,11,0.9090909090909092,False,8,9,0.8888888888888888,False,0.23868270216138,0.1878791610507216,0.1878791610507216,2,7,0,,,,0.0050828646747033,,,0.0050828646747033,True,Blocked,0.02269635,0.0
6f5928b5-bad3-4014-98d6-006ba88865ae,3895286,Patrik Schick,Bayer Leverkusen,2,81,12,68-90+,-1,-1,"[113.9, 26.9]",14.202524284921,14.45060552364502,1,8.545113354306926,0.1648270030434447,4,6,0.6666666666666666,False,4,6,0.6666666666666666,False,0.4562498538521239,0.4562498538521239,0.4562498538521239,0,3,1,0.0,0.982547490913071,-0.982547490913071,0.1648270030434447,0.1619503619216798,0.982547490913071,0.0028766411217649,False,Off T,0.047049444,0.002876641121764889
1fcd33a5-438c-48ea-9403-94882983b76d,3895286,Patrik Schick,Bayer Leverkusen,2,82,0,68-90+,-1,-1,"[110.4, 35.5]",38.54075226021965,10.60235822824337,1,6.626900609696796,0.2212308172847862,4,11,0.3636363636363636,False,3,10,0.3,False,0.5284686021657454,0.3716782272031955,0.3716782272031955,1,2,1,0.0,0.982547490913071,-0.982547490913071,0.2212308172847862,0.217369805540178,0.982547490913071,0.0038610117446081,False,Wayward,0.08243443,0.003861011744608178
9565503f-ea3e-4924-94d6-4921a4135e28,3895286,Borja Iglesias Quintas,Bayer Leverkusen,2,86,52,68-90+,-1,-1,"[105.4, 37.7]",29.982047708569628,14.7800541270998,2,7.312959351777481,0.0874138319169888,5,9,0.5555555555555556,False,5,9,0.5555555555555556,False,0.2519653304078932,0.2519653304078932,0.2519653304078932,0,4,1,0.0,0.982547490913071,-0.982547490913071,0.0874138319169888,0.0858882513164485,0.982547490913071,0.0015255806005402,False,Post,0.13514416,0.0015255806005402966
eabde875-fb9a-4f5e-8c5e-887f3a596247,3895286,Florian Wirtz,Bayer Leverkusen,2,87,1,68-90+,-1,-1,"[106.7, 25.4]",15.87861173662037,19.74968354176846,1,12.365025683006278,0.1094460013865495,4,11,0.3636363636363636,False,4,11,0.3636363636363636,False,0.4334736944596761,0.4334736944596761,0.4334736944596761,0,3,0,,,,0.1094460013865495,,,0.1094460013865495,True,Blocked,0.053672522,0.0
70c88f35-d9b6-45a9-84b5-983ec4edb695,3895286,Robert Andrich,Bayer Leverkusen,2,87,24,68-90+,-1,-1,"[108.5, 36.3]",35.29922216496657,12.080562900792332,3,6.338832923692813,0.0590395257848091,4,10,0.4,False,4,10,0.4,False,0.3762102919911614,0.3762102919911614,0.3762102919911614,0,3,0,,,,0.0590395257848091,,,0.0590395257848091,True,Goal,0.1300591,0.0
326beb2b-4f8c-4cab-b607-7a96334c31a9,3895286,Alejandro Grimaldo García,Bayer Leverkusen,2,88,48,68-90+,0,0,"[98.9, 31.9]",18.836261548510308,22.60132739464653,2,11.276683736132222,0.0476640605385772,8,11,0.7272727272727273,False,7,10,0.7,False,0.4590730993325392,0.4051987683192361,0.4051987683192361,1,6,1,0.0,0.982547490913071,-0.982547490913071,0.0476640605385772,0.0468322077204152,0.982547490913071,0.000831852818162,False,Off T,0.041741293,0.0008318528181619975
8934c30c-872b-4f0e-bd44-6b0a16933c9f,3895286,Patrik Schick,Bayer Leverkusen,2,90,12,68-90+,0,0,"[115.5, 39.5]",82.8749836510982,4.527692569068709,0,inf,0.6961324009248631,1,11,0.0909090909090909,True,1,11,0.0909090909090909,True,0.6961324009248631,0.6961324009248631,0.6961324009248631,0,0,0,,,,0.6961324009248631,,,0.6961324009248631,True,Goal,0.5939515,0.0
d7cb80a9-1cf1-43d3-b140-a31ac0ff4389,3895220,Adam Hložek,Bayer Leverkusen,1,15,20,0-23,0,0,"[104.1, 33.1]",24.095431644491345,17.33262819078515,2,5.362217111611826,0.0698638965207751,4,8,0.5,False,3,7,0.4285714285714285,False,0.372155550387177,0.1974761830201382,0.1974761830201382,1,2,0,,,,0.0698638965207751,,,0.0698638965207751,True,Off T,0.10161012,0.0
d79d031b-54ec-4e6e-bd2a-83dbd6dd838b,3895220,Nathan Tella,Bayer Leverkusen,1,17,46,0-23,0,0,"[108.1, 56.8]",13.138685229559256,20.58761763779384,2,2.649880376969321,0.0498887565497077,5,6,0.8333333333333334,False,5,6,0.8333333333333334,False,0.3085987042774247,0.3085987042774247,0.3085987042774247,0,4,1,0.0,0.982547490913071,-0.982547490913071,0.0498887565497077,0.0490180726782732,0.982547490913071,0.0008706838714344,False,Blocked,0.027469864,0.000870683871434505
7598f02d-2a2b-4a56-b649-2f4d142616ab,3895220,Robert Andrich,Bayer Leverkusen,1,24,15,23-45+,0,0,"[101.3, 55.5]",14.609332105215463,24.288680491125906,2,4.100212247521128,0.0391384325667211,7,9,0.7777777777777778,False,7,9,0.7777777777777778,False,0.1673900880548521,0.1673900880548521,0.1673900880548521,0,6,1,0.0,0.982547490913071,-0.982547490913071,0.0391384325667211,0.0384553736564403,0.982547490913071,0.0006830589102807,False,Blocked,0.02738129,0.0006830589102808024
2c1d7ae5-7b3c-49c8-9b24-086c1d623a20,3895220,Piero Martín Hincapié Reyna,Bayer Leverkusen,1,31,35,23-45+,0,0,"[95.4, 32.9]",17.103484384142792,25.60410123398202,1,21.20163286938949,0.0694467803497794,7,11,0.6363636363636364,False,7,11,0.6363636363636364,False,0.1447384047315544,0.1447384047315544,0.1447384047315544,0,6,1,0.0,0.982547490913071,-0.982547490913071,0.0694467803497794,0.0682347699786186,0.982547490913071,0.0012120103711607,False,Saved,0.043250825,0.001212010371160796
dad539ba-e148-461c-984c-c2c06a3c07ab,3895220,Nathan Tella,Bayer Leverkusen,1,32,6,23-45+,0,0,"[112.8, 45.2]",42.49063526014827,8.881441324469812,1,4.115157006415595,0.2447013128134108,4,9,0.4444444444444444,False,4,9,0.4444444444444444,False,0.4748921003954995,0.4748921003954995,0.4748921003954995,0,3,1,0.0,0.982547490913071,-0.982547490913071,0.2447013128134108,0.2404306871138167,0.982547490913071,0.004270625699594,False,Goal,0.11852788,0.004270625699594077
b928aa67-463b-43f9-8075-c75fb8cc2be9,3895220,Robert Andrich,Bayer Leverkusen,1,41,49,23-45+,1,+1,"[98.6, 35.4]",20.287670152446168,21.88880992653553,1,15.853036164065438,0.0928902533761416,2,6,0.3333333333333333,False,2,6,0.3333333333333333,False,0.1924199174297407,0.1924199174297407,0.1924199174297407,0,1,0,,,,0.0928902533761416,,,0.0928902533761416,True,Saved,0.119595446,0.0
10f729fd-dcd5-4aa5-858a-79b9332ae499,3895220,Josip Stanišić,Bayer Leverkusen,1,42,25,23-45+,1,+1,"[113.0, 30.6]",24.77035015209522,11.720068259186888,2,7.701941163425901,0.1119681951461436,8,10,0.8,False,7,9,0.7777777777777778,False,0.4662401319565079,0.3115565351065081,0.3115565351065081,1,6,1,0.0,0.0,0.0,0.1119681951461436,0.0,0.0,0.1119681951461436,False,Blocked,0.052361153,0.1119681951461436
56656dde-9b48-409f-bf1d-c7ca17d1e4fe,3895220,Adam Hložek,Bayer Leverkusen,1,42,27,23-45+,1,+1,"[103.4, 34.5]",24.618731273412365,17.487424052730002,3,8.556155725692204,0.0389395867539833,8,10,0.8,False,5,7,0.7142857142857143,False,0.343750360464297,0.2091795696725789,0.2091795696725789,3,4,1,0.0,0.982547490913071,-0.982547490913071,0.0389395867539833,0.0382599974013792,0.982547490913071,0.000679589352604,False,Off T,0.0524147,0.0006795893526041
ad5e6c9f-e35e-4405-8ef1-9b749cf1d9a1,3895220,Florian Wirtz,Bayer Leverkusen,1,44,26,23-45+,1,+1,"[100.2, 45.5]",21.29928366722546,20.549695861496343,1,14.050272000288835,0.1030599038884276,2,7,0.2857142857142857,False,2,7,0.2857142857142857,False,0.1612571220526588,0.1612571220526588,0.1612571220526588,0,1,0,,,,0.1030599038884276,,,0.1030599038884276,True,Saved,0.1190427,0.0
1bcb16a6-d77b-4121-bdb7-98169432365c,3895220,Jonathan Tah,Bayer Leverkusen,2,49,32,45-68,1,+1,"[112.1, 41.4]",52.571431852864485,8.02309167341369,2,2.525618296211774,0.1353049182585985,2,10,0.2,False,2,10,0.2,False,0.239920338762854,0.239920338762854,0.239920338762854,0,1,0,,,,0.1353049182585985,,,0.1353049182585985,True,Blocked,0.08595843,0.0
e3095912-e405-4239-9c9d-dd3e26379003,3895220,Nathan Tella,Bayer Leverkusen,2,51,44,45-68,1,+1,"[109.1, 52.0]",19.458732869765345,16.211415730897784,1,11.90688032558996,0.1450745863048393,3,6,0.5,False,3,6,0.5,False,0.4439365536954574,0.4439365536954574,0.4439365536954574,0,2,0,,,,0.1450745863048393,,,0.1450745863048393,True,Goal,0.10756206,0.0
26c0998d-3be1-4c67-9ab1-7f49516a6640,3895220,Nathan Tella,Bayer Leverkusen,2,58,29,45-68,2,+2+,"[106.0, 51.7]",19.46518807026109,18.24527336051724,2,2.073612837746676,0.0576986265435052,5,6,0.8333333333333334,False,5,6,0.8333333333333334,False,0.1963742279488214,0.1963742279488214,0.1963742279488214,0,4,0,,,,0.0576986265435052,,,0.0576986265435052,True,Blocked,0.052544177,0.0
6bf60a52-7b42-4377-b1b0-64c76dac8130,3895220,Borja Iglesias Quintas,Bayer Leverkusen,2,62,52,45-68,2,+2+,"[96.9, 39.8]",19.6464614547126,23.10086578464105,2,7.876403208393286,0.0451008644838503,6,8,0.75,False,6,8,0.75,False,0.1698158052084891,0.1698158052084891,0.1698158052084891,0,5,1,0.0,0.982547490913071,-0.982547490913071,0.0451008644838503,0.044313746162259,0.982547490913071,0.0007871183215912,False,Blocked,0.04449064,0.0007871183215912986
306af0a0-2adc-41f4-94a0-4550fd1c3fba,3895220,Josip Stanišić,Bayer Leverkusen,2,64,7,45-68,2,+2+,"[97.0, 49.8]",16.81034394422212,25.00079998720041,2,9.71847260511623,0.0391160374936289,7,10,0.7,False,5,8,0.625,False,0.1773671004018001,0.1447270758481144,0.1447270758481144,2,4,1,0.0,0.0,0.0,0.0391160374936289,0.0,0.0,0.0391160374936289,False,Blocked,0.030646805,0.0391160374936289
8c35f1bd-dabd-482f-96d5-8f656b974641,3895220,Nathan Tella,Bayer Leverkusen,2,65,44,45-68,2,+2+,"[81.5, 49.6]",11.179709390885888,39.67883566840136,1,19.736483556317,0.0224924880869302,6,7,0.8571428571428571,False,4,5,0.8,False,0.2689533016377109,0.1650648976839127,0.1650648976839127,2,3,1,0.0,0.982547490913071,-0.982547490913071,0.0224924880869302,0.022099938377522,0.982547490913071,0.0003925497094081,False,Off T,0.005163977,0.0003925497094082013
58dee723-be6c-4a27-b670-2d3d82a565fa,3895220,Adam Hložek,Bayer Leverkusen,2,72,45,68-90+,2,+2+,"[108.0, 34.8]",31.76558642386172,13.078226179417452,2,3.4160340513499574,0.0941041674543971,4,5,0.8,False,4,5,0.8,False,0.4986124124675266,0.4986124124675266,0.4986124124675266,0,3,0,,,,0.0941041674543971,,,0.0941041674543971,True,Blocked,0.10973638,0.0
c71f1d13-c57b-4c85-971b-e66b3fa7839d,3895220,Florian Wirtz,Bayer Leverkusen,2,74,45,68-90+,2,+2+,"[100.1, 48.5]",19.392573499764936,21.63931607052312,2,5.938841239556693,0.0498618801966476,3,5,0.6,False,3,5,0.6,False,0.1321645354152704,0.1321645354152704,0.1321645354152704,0,2,0,,,,0.0498618801966476,,,0.0498618801966476,True,Post,0.065652676,0.0
31ebec76-844e-4489-bd55-22ba6baa309e,3895220,Adam Hložek,Bayer Leverkusen,2,75,40,68-90+,2,+2+,"[103.3, 35.0]",24.89441808071832,17.432441022415652,1,12.584043454154308,0.1318116107021857,4,4,1.0,False,4,4,1.0,False,0.2406788053651968,0.2406788053651968,0.2406788053651968,0,3,1,0.0,0.982547490913071,-0.982547490913071,0.1318116107021857,0.1295111966836477,0.982547490913071,0.002300414018538,False,Blocked,0.098569624,0.002300414018538005
d3ebd28c-8b24-4ddf-9e11-d86d191e7b19,3895220,Borja Iglesias Quintas,Bayer Leverkusen,2,92,58,68-90+,2,+2+,"[107.7, 49.5]",23.570981237076797,15.541557193537589,0,inf,0.288423735745366,1,4,0.25,True,1,4,0.25,True,0.2884236800163199,0.2884236800163199,0.288423735745366,0,0,0,,,,0.288423735745366,,,0.288423735745366,True,Saved,0.17624736,0.0
ed4e6d65-30d2-4439-89af-dc1b81d129dc,3895250,Granit Xhaka,Bayer Leverkusen,1,2,39,0-23,0,0,"[98.6, 22.3]",12.771964123930177,27.77138815399764,3,7.9962409260080225,0.0170477924692901,10,11,0.9090909090909092,False,9,10,0.9,False,0.4723068933072133,0.4723068933072133,0.4723068933072133,1,8,0,,,,0.0170477924692901,,,0.0170477924692901,True,Goal,0.018621445,0.0
951b8142-5777-429a-8bfb-44f9898ad631,3895250,Jonas Hofmann,Bayer Leverkusen,1,15,46,0-23,0,0,"[114.3, 51.6]",16.798371781305296,12.924782396620843,1,7.280749524220787,0.1847185450838014,4,8,0.5,False,3,7,0.4285714285714285,False,0.4066086085478603,0.4066086085478603,0.4066086085478603,1,2,0,,,,0.1847185450838014,,,0.1847185450838014,True,Saved,0.101310536,0.0
cab4ddbd-eed1-41f1-bb60-249c006cf6f2,3895250,Granit Xhaka,Bayer Leverkusen,1,19,1,0-23,0,0,"[95.6, 32.6]",17.109839863644936,25.497450852977444,4,4.094233713985044,0.0107001828599467,6,7,0.8571428571428571,False,6,7,0.8571428571428571,False,0.2262799358296191,0.2262799358296191,0.2262799358296191,0,5,0,,,,0.0107001828599467,,,0.0107001828599467,True,Saved,0.033113256,0.0
ea0b46da-b503-4e90-a637-6431d921bfcc,3895250,Jeremie Frimpong,Bayer Leverkusen,1,21,54,0-23,0,0,"[108.3, 41.5]",37.23884488667928,11.795761950802502,1,8.60010035302963,0.2038905311377969,3,8,0.375,False,1,6,0.1666666666666666,True,0.292317344676774,0.0627001188900254,0.2038905311377969,2,0,0,,,,0.2038905311377969,,,0.2038905311377969,True,Wayward,0.14916393,0.0
006143bc-cc3a-46de-a01b-97907b45c485,3895250,Jonas Hofmann,Bayer Leverkusen,1,27,58,23-45+,0,0,"[101.1, 44.8]",22.54331416666089,19.500000000000004,2,5.686784057631963,0.0589928797512378,3,6,0.5,False,3,6,0.5,False,0.1879863263156573,0.1879863263156573,0.1879863263156573,0,2,0,,,,0.0589928797512378,,,0.0589928797512378,True,Blocked,0.07782621,0.0
6d54ba6a-93fa-4bc3-9e28-78c9478f1022,3895250,Edmond Fayçal Tapsoba,Bayer Leverkusen,1,29,12,23-45+,0,0,"[101.2, 32.9]",21.19523582496657,20.09601950635996,2,0.5202180360273804,0.0279709186994434,7,7,1.0,False,7,7,1.0,False,0.1727206981933189,0.1727206981933189,0.1727206981933189,0,6,1,0.0,0.982547490913071,-0.982547490913071,0.0279709186994434,0.0274828630542174,0.982547490913071,0.000488055645226,False,Blocked,0.043493688,0.00048805564522599876
f5e42edb-9ef6-419b-b2ed-0e9e467b91e5,3895250,Alejandro Grimaldo García,Bayer Leverkusen,1,35,45,23-45+,0,0,"[102.2, 30.8]",20.274712252609977,20.036965838170207,1,16.03734079815753,0.1077545786203278,4,7,0.5714285714285714,False,4,7,0.5714285714285714,False,0.242375209464317,0.242375209464317,0.242375209464317,0,3,0,,,,0.1077545786203278,,,0.1077545786203278,True,Blocked,0.037617594,0.0
3cd44888-2a8a-46ff-a454-73f1a1dae1a1,3895250,Jonas Hofmann,Bayer Leverkusen,1,39,24,23-45+,0,0,"[113.0, 49.4]",24.77035015209522,11.720068259186888,1,5.094563664207361,0.1986679330333368,1,11,0.0909090909090909,True,1,11,0.0909090909090909,True,0.1986679166890963,0.1986679166890963,0.1986679330333368,0,0,0,,,,0.1986679330333368,,,0.1986679330333368,True,Saved,0.34426537,0.0
b5e4dcaf-2007-4435-9c52-8d97f8ad39e4,3895250,Florian Wirtz,Bayer Leverkusen,1,40,49,23-45+,0,0,"[110.3, 32.6]",30.28994503113773,12.20040982918197,2,5.376799657334436,0.1053542832220875,5,11,0.4545454545454545,False,5,11,0.4545454545454545,False,0.3207466360468314,0.3207466360468314,0.3207466360468314,0,4,1,0.0,0.982547490913071,-0.982547490913071,0.1053542832220875,0.1035155961741716,0.982547490913071,0.0018386870479158,False,Off T,0.045675185,0.001838687047915899
ab68d191-79ab-438b-a6e0-cfbb3bfa4474,3895250,Alejandro Grimaldo García,Bayer Leverkusen,1,42,55,23-45+,0,0,"[92.0, 45.2]",15.735014025124244,28.478764018124103,6,9.897393917485,0.0026886507244218,10,11,0.9090909090909092,False,10,11,0.9090909090909092,False,0.3634922014768983,0.3634922014768983,0.3634922014768983,0,9,1,0.018647326020021,0.9894184712405636,-0.9707711452205424,0.0026886507244218,0.0125310998867756,0.9894184712405636,-0.0098424491623538,False,Saved Off Target,0.04672569,-0.0098424491623538
5f4c33e9-db4a-470c-9da1-43380324cd19,3895250,Edmond Fayçal Tapsoba,Bayer Leverkusen,1,43,45,23-45+,0,0,"[88.5, 29.8]",13.1306186996496,33.11027030998086,3,9.215626183365682,0.0111956926089799,8,11,0.7272727272727273,False,8,11,0.7272727272727273,False,0.1317193435052655,0.1317193435052655,0.1317193435052655,0,7,0,,,,0.0111956926089799,,,0.0111956926089799,True,Off T,0.016781375,0.0
d0be8f04-8249-45de-95ab-bd5eded22cd7,3895250,Florian Wirtz,Bayer Leverkusen,2,52,42,45-68,0,0,"[105.9, 24.1]",14.517382305120352,21.2513528981098,2,9.386904094827708,0.0527220876703398,6,9,0.6666666666666666,False,6,9,0.6666666666666666,False,0.3827595323844716,0.3827595323844716,0.3827595323844716,0,5,1,0.0,0.982547490913071,-0.982547490913071,0.0527220876703398,0.0518019600439393,0.982547490913071,0.0009201276264005,False,Blocked,0.035352517,0.0009201276264005007
548b3344-88bd-44e7-b78b-c569219ef1d0,3895250,Amine Adli,Bayer Leverkusen,2,61,39,45-68,0,0,"[113.5, 32.0]",29.94956912938773,10.307764064044152,1,2.3766313348036454,0.2033296810938613,3,11,0.2727272727272727,False,3,11,0.2727272727272727,False,0.3215759774821395,0.3215759774821395,0.3215759774821395,0,2,0,,,,0.2033296810938613,,,0.2033296810938613,True,Off T,0.04576154,0.0
14341980-96ef-414d-ab4e-7e3165c8ec75,3895250,Florian Wirtz,Bayer Leverkusen,2,62,59,45-68,0,0,"[100.5, 28.0]",17.063112187457094,22.89650628371062,1,20.27389218130105,0.0861685246995922,3,8,0.375,False,3,8,0.375,False,0.1640933135947316,0.1640933135947316,0.1640933135947316,0,2,0,,,,0.0861685246995922,,,0.0861685246995922,True,Off T,0.051675532,0.0
6316afa5-dea9-4f61-ad10-6b0b79fb079b,3895250,Robert Andrich,Bayer Leverkusen,2,67,3,45-68,0,0,"[87.1, 28.2]",12.314778897008248,34.9521100936696,2,7.145236262514577,0.0173849539666024,9,11,0.8181818181818182,False,9,11,0.8181818181818182,False,0.2462066147081705,0.2462066147081705,0.2462066147081705,0,8,1,0.2119221982756368,0.9925610880490672,-0.7806388897734302,0.0173849539666024,0.0210440463731596,0.9925610880490672,-0.0036590924065571,False,Goal,0.0062867645,-0.0036590924065572003
c77e6a91-92a0-4ba0-b9e8-a8e6c7a7b2b7,3895250,Alejandro Grimaldo García,Bayer Leverkusen,2,88,43,68-90+,1,+1,"[100.2, 25.8]",15.333641878445713,24.365549449991885,1,21.584927038835342,0.0767059954462707,4,7,0.5714285714285714,False,4,7,0.5714285714285714,False,0.2497391858395092,0.2497391858395092,0.2497391858395092,0,3,0,,,,0.0767059954462707,,,0.0767059954462707,True,Blocked,0.02914501,0.0
46bc3015-e2de-4dba-8de2-e8b49de20c99,3895266,Josip Stanišić,Bayer Leverkusen,1,16,5,0-23,0,0,"[99.3, 55.5]",14.23558185678128,25.86000773395089,1,23.38116506708057,0.0681592495893461,5,8,0.625,False,5,8,0.625,False,0.1502622982373709,0.1502622982373709,0.1502622982373709,0,4,1,0.0,0.982547490913071,-0.982547490913071,0.0681592495893461,0.0669697126371239,0.982547490913071,0.0011895369522222,False,Saved,0.026901074,0.0011895369522222088
2b5389b6-bead-485d-b352-68a649932b7f,3895266,Florian Wirtz,Bayer Leverkusen,1,21,25,0-23,0,0,"[114.7, 31.0]",24.48799314627607,10.444615837837214,0,inf,0.4336275612852817,2,6,0.3333333333333333,False,2,6,0.3333333333333333,False,0.5133853800481928,0.5133853800481928,0.5133853800481928,0,1,0,,,,0.4336275612852817,,,0.4336275612852817,True,Saved to Post,0.14104629,0.0
607c9e9d-c0a7-466d-a095-16e6b6b0d836,3895266,Granit Xhaka,Bayer Leverkusen,1,22,14,0-23,0,0,"[93.7, 38.0]",17.200061430517493,26.375936002348805,4,6.61056697063617,0.010351911791274,6,7,0.8571428571428571,False,4,5,0.8,False,0.5183142731163294,0.1829211637775172,0.1829211637775172,2,3,0,,,,0.010351911791274,,,0.010351911791274,True,Off T,0.021627331,0.0
7ae6b656-d1fc-4266-8ba8-0e1335343bab,3895266,Nathan Tella,Bayer Leverkusen,1,36,34,23-45+,0,0,"[116.8, 40.9]",100.94362371854484,3.3241540277189343,1,0.5840827078465269,0.2120852758250874,2,8,0.25,False,1,7,0.1428571428571428,True,0.450061191944957,0.2120844713217163,0.2120852758250874,1,0,0,,,,0.2120852758250874,,,0.2120852758250874,True,Goal,0.69061685,0.0
3c6f9a75-7b63-48be-af13-7c0e75a32931,3895266,Piero Martín Hincapié Reyna,Bayer Leverkusen,1,39,41,23-45+,1,+1,"[112.7, 41.1]",56.60526892796727,7.3824115301166975,1,4.858540834172404,0.2800121825418874,4,9,0.4444444444444444,False,1,6,0.1666666666666666,True,0.4320077833537152,0.2800121352367181,0.2800121825418874,3,0,0,,,,0.2800121825418874,,,0.2800121825418874,True,Saved,0.2274368,0.0
ec85fe91-d865-4a21-a6a2-f990d1ee9fca,3895266,Exequiel Alejandro Palacios,Bayer Leverkusen,1,40,11,23-45+,1,+1,"[90.4, 48.4]",14.274704402767254,30.768815381811493,2,13.40666050345313,0.0249385333699424,9,10,0.9,False,7,8,0.875,False,0.1374015761798743,0.1342365600208317,0.1342365600208317,2,6,1,0.0,0.982547490913071,-0.982547490913071,0.0249385333699424,0.0245032953875903,0.982547490913071,0.0004352379823521,False,Off T,0.021381944,0.000435237982352097
d7fa937d-364f-4e4f-b725-0f06f75c9ea2,3895266,Jonathan Tah,Bayer Leverkusen,1,42,55,23-45+,1,+1,"[88.6, 36.6]",14.35554979603786,31.58354001691388,3,10.679300156535849,0.0127256092527598,9,10,0.9,False,6,7,0.8571428571428571,False,0.1180432130283705,0.1136003796991466,0.1136003796991466,3,5,0,,,,0.0127256092527598,,,0.0127256092527598,True,Off T,0.020283904,0.0
4f33d4ba-8fee-4ba0-ac0b-2c7fb688004f,3895266,Florian Wirtz,Bayer Leverkusen,2,50,28,45-68,1,+1,"[89.3, 30.0]",13.455742571540052,32.28761372415125,4,9.189891906734694,0.0065615056590771,10,10,1.0,False,9,9,1.0,False,0.1311078303791435,0.0962709393174133,0.0962709393174133,1,8,2,0.0047311700164547,0.9913620465106264,-0.9866308764941718,0.0065615056590771,0.0156330961781813,0.9913620465106264,-0.0090715905191041,False,Blocked,0.02511887,-0.009071590519104198
f3e8f6e3-a19e-4f90-8c65-e54e3a7ea197,3895266,Amine Adli,Bayer Leverkusen,2,61,36,45-68,1,+1,"[113.9, 30.4]",23.289411309585724,11.374093370462544,1,7.147405611398024,0.2089016248477856,3,5,0.6,False,2,3,0.6666666666666666,False,0.2708883578041973,0.2708883578041973,0.2708883578041973,1,1,0,,,,0.2089016248477856,,,0.2089016248477856,True,Off T,0.055427536,0.0
c7c2b7e7-cf02-4e2a-ae68-fb18c9096c97,3895266,Edmond Fayçal Tapsoba,Bayer Leverkusen,2,63,55,45-68,1,+1,"[103.0, 56.0]",14.4178704587099,23.345235059857504,3,9.209469706969832,0.0244517776836343,8,11,0.7272727272727273,False,8,11,0.7272727272727273,False,0.3751321027011738,0.3751321027011738,0.3751321027011738,0,7,0,,,,0.0244517776836343,,,0.0244517776836343,True,Blocked,0.026826069,0.0
d0de91a1-0989-4463-b5c5-d5ee5842198b,3895266,Granit Xhaka,Bayer Leverkusen,2,69,16,68-90+,1,+1,"[93.8, 51.8]",14.51343141467219,28.734648075102644,2,12.060739238771353,0.0292481981495278,7,10,0.7,False,7,10,0.7,False,0.1488863452186664,0.1488863452186664,0.1488863452186664,0,6,1,0.0,0.982547490913071,-0.982547490913071,0.0292481981495278,0.0287377505851781,0.982547490913071,0.0005104475643497,False,Saved,0.021693934,0.0005104475643496996
d1cfd667-0785-4e25-9324-5897223d021c,3895266,Alejandro Grimaldo García,Bayer Leverkusen,2,70,6,68-90+,1,+1,"[95.4, 59.6]",11.430783684221964,31.45345767956203,1,29.50392229867198,0.0437250491590216,6,9,0.6666666666666666,False,6,9,0.6666666666666666,False,0.1684503321702177,0.1684503321702177,0.1684503321702177,0,5,1,0.0,0.982547490913071,-0.982547490913071,0.0437250491590216,0.0429619446683368,0.982547490913071,0.0007631044906848,False,Off T,0.008269166,0.0007631044906848058
d8aa12c2-8e00-4951-ad6d-f1863ecb827e,3895266,Alejandro Grimaldo García,Bayer Leverkusen,2,73,3,68-90+,1,+1,"[97.5, 43.5]",19.70797884297873,22.7705950734714,5,9.544862681025336,0.0077229800990374,8,9,0.8888888888888888,False,2,3,0.6666666666666666,False,0.541060953685823,0.0462691336564467,0.0462691336564467,6,1,0,,,,0.0077229800990374,,,0.0077229800990374,True,Blocked,0.046031747,0.0
80ed61dc-792c-4432-94c4-17e14d9b6af7,3895266,Jonathan Tah,Bayer Leverkusen,2,77,45,68-90+,1,+1,"[108.4, 48.8]",25.33612228710813,14.56021977856103,1,12.183457979265532,0.165687965780569,4,8,0.5,False,3,7,0.4285714285714285,False,0.3052009513415669,0.2700795405457161,0.2700795405457161,1,2,1,0.0,0.982547490913071,-0.982547490913071,0.165687965780569,0.1627963161420751,0.982547490913071,0.0028916496384939,False,Saved,0.034758765,0.0028916496384938928
ffe6635e-6109-4aac-8abf-fca3390b33da,3895266,Borja Iglesias Quintas,Bayer Leverkusen,2,81,14,68-90+,1,+1,"[105.6, 30.9]",22.791038625634936,17.034377006512454,2,2.521658807259336,0.0657841794947598,4,8,0.5,False,4,8,0.5,False,0.2392731153007733,0.2392731153007733,0.2392731153007733,0,3,0,,,,0.0657841794947598,,,0.0657841794947598,True,Blocked,0.09381463,0.0
d709e83d-ed45-4bed-bfd8-39f6fa227cc1,3895266,Jonas Hofmann,Bayer Leverkusen,2,81,58,68-90+,1,+1,"[88.6, 53.9]",12.186528547912788,34.33904483237704,0,inf,0.0641120088793962,4,9,0.4444444444444444,False,3,8,0.375,False,0.2968716676168474,0.1444674014097331,0.1444674014097331,1,2,0,,,,0.0641120088793962,,,0.0641120088793962,True,Saved,0.0060533835,0.0
dd57245d-2c62-438b-8414-f19fa11e2a4c,3895266,Amine Adli,Bayer Leverkusen,2,82,1,68-90+,1,+1,"[110.5, 47.7]",29.64497755428707,12.22865487287952,2,7.931494426125062,0.1076656973131647,3,4,0.75,False,2,3,0.6666666666666666,False,0.9010133411269694,0.2458357967795262,0.2458357967795262,1,1,0,,,,0.1076656973131647,,,0.1076656973131647,True,Wayward,0.076869525,0.0
ebf244a5-cd40-4e8b-ba53-884a0883a56a,3895266,Exequiel Alejandro Palacios,Bayer Leverkusen,2,84,39,68-90+,1,+1,"[99.1, 44.1]",20.91018845131287,21.298356744124657,1,19.398412967968,0.0978334453815316,5,9,0.5555555555555556,False,3,7,0.4285714285714285,False,0.1882117681933186,0.1543136159248709,0.1543136159248709,2,2,0,,,,0.0978334453815316,,,0.0978334453815316,True,Off T,0.07046236,0.0
8d63447c-9e8d-47a4-a40b-744d0d5d3750,3895266,Florian Wirtz,Bayer Leverkusen,2,85,45,68-90+,1,+1,"[110.5, 35.0]",37.4428363435275,10.735455276791944,1,6.236352999769144,0.218061864742356,1,4,0.25,True,1,4,0.25,True,0.218061864742356,0.218061864742356,0.218061864742356,0,0,0,,,,0.218061864742356,,,0.218061864742356,True,Goal,0.17132688,0.0
0b7cd6e5-2ab6-46d0-b7d3-4e5b4a43513b,3895275,Florian Wirtz,Bayer Leverkusen,1,1,25,0-23,0,0,"[104.0, 29.3]",19.853744802742725,19.24811679100062,1,16.941508856651595,0.1149267866540098,3,7,0.4285714285714285,False,3,7,0.4285714285714285,False,0.2181262509619402,0.2181262509619402,0.2181262509619402,0,2,0,,,,0.1149267866540098,,,0.1149267866540098,True,Goal,0.085923634,0.0
b1f1a7c4-1fe5-4e3b-b707-5225ba587c8a,3895275,Jonathan Tah,Bayer Leverkusen,1,7,47,0-23,1,+1,"[90.5, 46.3]",14.788668027360206,30.16521175128728,1,10.957275069182852,0.0473720746341971,7,10,0.7,False,7,10,0.7,False,0.1933328428369795,0.1933328428369795,0.1933328428369795,0,6,1,0.0,0.0,0.0,0.0473720746341971,0.0,0.0,0.0473720746341971,False,Off T,0.025179192,0.0473720746341971
902e7a01-074f-4009-b108-0334b666f618,3895275,Piero Martín Hincapié Reyna,Bayer Leverkusen,1,29,39,23-45+,0,0,"[93.6, 22.6]",12.117189074664608,31.61834910301296,2,14.390006491908531,0.0233475086379527,7,8,0.875,False,6,7,0.8571428571428571,False,0.2867192230707232,0.2867192230707232,0.2867192230707232,1,5,0,,,,0.0233475086379527,,,0.0233475086379527,True,Off T,0.008700319,0.0
bd1c22a0-5af0-418f-b21c-5b5ff6918fa2,3895275,Jeremie Frimpong,Bayer Leverkusen,1,36,48,23-45+,0,0,"[105.7, 43.8]",29.41174699607225,14.796283317103654,1,11.089333997629335,0.1620624763237314,3,5,0.6,False,1,3,0.3333333333333333,True,0.281502497386398,0.1620624420977638,0.1620624763237314,2,0,0,,,,0.1620624763237314,,,0.1620624763237314,True,Off T,0.0877793,0.0
5b4d4b05-f9c1-46a2-bc2d-f8ca2fe92e0e,3895275,Patrik Schick,Bayer Leverkusen,1,39,51,23-45+,0,0,"[110.8, 29.9]",23.33015581985181,13.66199107011859,0,inf,0.3352230038104413,4,7,0.5714285714285714,False,3,6,0.5,False,0.4867178753653954,0.4867178753653954,0.4867178753653954,1,2,1,0.0,0.982547490913071,-0.982547490913071,0.3352230038104413,0.3293725680096786,0.982547490913071,0.0058504358007626,False,Saved,0.34640375,0.0058504358007626656
019e5bc7-ba5c-4df0-82e1-cc75e4afc92f,3895275,Adam Hložek,Bayer Leverkusen,1,39,53,23-45+,0,0,"[111.4, 36.5]",44.41885994726713,9.284934033152842,1,4.441710770213359,0.2386278356719649,5,7,0.7142857142857143,False,4,6,0.6666666666666666,False,0.4802522559077638,0.4802522559077638,0.4802522559077638,1,3,2,0.0013314395989328,0.9912737395135236,-0.9899422999145906,0.2386278356719649,0.4760614496234947,0.9912737395135236,-0.2374336139515297,False,Goal,0.6657846,-0.23743361395152981
a215d725-29c9-41c8-917d-cd0cd25dd1e8,3895275,Exequiel Alejandro Palacios,Bayer Leverkusen,1,44,50,23-45+,1,+1,"[109.7, 24.9]",14.522577716564822,18.278402556022236,1,9.630427877010533,0.1219910956999848,3,7,0.4285714285714285,False,2,6,0.3333333333333333,False,0.4529882175951605,0.1265271080230036,0.1265271080230036,1,1,0,,,,0.1219910956999848,,,0.1219910956999848,True,Saved,0.10960264,0.0
1061e36c-f787-4847-9437-32806d995e37,3895275,Jonathan Tah,Bayer Leverkusen,1,46,3,23-45+,1,+1,"[115.2, 35.4]",53.707370271520425,6.648308055437863,1,6.059707752113607,0.3018351026438869,1,9,0.1111111111111111,True,1,9,0.1111111111111111,True,0.3018350781301621,0.3018350781301621,0.3018351026438869,0,0,0,,,,0.3018351026438869,,,0.3018351026438869,True,Saved,0.12180603,0.0
52a7fa2e-d0f8-4c2f-80ab-feb50b4c300a,3895275,Adam Hložek,Bayer Leverkusen,2,50,1,45-68,1,+1,"[99.0, 39.8]",21.566752315716595,21.00095235935742,2,5.371722119865222,0.0521026116209068,3,6,0.5,False,3,6,0.5,False,0.1586729113489903,0.1586729113489903,0.1586729113489903,0,2,0,,,,0.0521026116209068,,,0.0521026116209068,True,Blocked,0.047047477,0.0
3f830217-2ce9-405d-8208-11efa25c1dfd,3895275,Adam Hložek,Bayer Leverkusen,2,51,7,45-68,1,+1,"[95.5, 43.0]",18.282701760046685,24.682990094394967,2,4.804877362873305,0.0384695618991301,4,8,0.5,False,4,8,0.5,False,0.1349849186420037,0.1349849186420037,0.1349849186420037,0,3,0,,,,0.0384695618991301,,,0.0384695618991301,True,Blocked,0.03578879,0.0
0034dfb1-6265-41df-92a1-bb0ba058776a,3895275,Patrik Schick,Bayer Leverkusen,2,52,34,45-68,1,+1,"[108.1, 45.9]",30.686682475843263,13.282319074619464,1,10.03041084505742,0.1822339001443443,1,5,0.2,True,1,5,0.2,True,0.1822338717592312,0.1822338717592312,0.1822339001443443,0,0,0,,,,0.1822339001443443,,,0.1822339001443443,True,Goal,0.064399794,0.0
c49a2fd5-b6e1-4a66-b0bb-030823e2395e,3895275,Alejandro Grimaldo García,Bayer Leverkusen,2,57,24,45-68,2,+2+,"[108.3, 27.2]",18.19737391391336,17.341568556506072,1,14.725318092280888,0.133388469652583,3,8,0.375,False,3,8,0.375,False,0.1495696882506359,0.1495696882506359,0.1495696882506359,0,2,1,0.0,0.982547490913071,-0.982547490913071,0.133388469652583,0.1310605330646873,0.982547490913071,0.0023279365878957,False,Off T,0.05587428,0.002327936587895707
7aa407d9-bbfc-45ad-b7b8-1a67341a38f5,3895275,Alejandro Grimaldo García,Bayer Leverkusen,2,72,21,68-90+,2,+2+,"[96.7, 45.2]",18.59832376796896,23.873206738936435,6,9.338968179154373,0.0038770224750402,7,10,0.7,False,7,10,0.7,False,0.169570140200177,0.169570140200177,0.169570140200177,0,6,0,,,,0.0038770224750402,,,0.0038770224750402,True,Blocked,0.076487154,0.0
ecfa2911-7030-430a-8768-1be27da2aa6f,3895275,Adam Hložek,Bayer Leverkusen,2,72,49,68-90+,2,+2+,"[107.4, 47.4]",27.036496612502837,14.61232356608626,2,1.444586663820119,0.0709427759697714,4,5,0.8,False,2,3,0.6666666666666666,False,0.4159511519511663,0.3801876318800878,0.3801876318800878,2,1,0,,,,0.0709427759697714,,,0.0709427759697714,True,Blocked,0.06286146,0.0
b639189a-d3da-4316-ba3a-a408ff911d73,3895275,Adam Hložek,Bayer Leverkusen,2,74,23,68-90+,2,+2+,"[109.9, 43.6]",39.2285099850692,10.722406446316048,0,inf,0.4240972377593099,4,9,0.4444444444444444,False,3,8,0.375,False,0.4878754708627368,0.4241755229047085,0.4241755229047085,1,2,1,0.0,0.982547490913071,-0.982547490913071,0.4240972377593099,0.4166957418551962,0.982547490913071,0.0074014959041137,False,Wayward,0.2216173,0.0074014959041137085
8504fc44-1916-4c83-8c82-0588d155fa48,3895275,Florian Wirtz,Bayer Leverkusen,2,81,51,68-90+,1,+1,"[114.0, 39.1]",66.56125841474808,6.067124524847005,1,3.834418117871557,0.3043161145592287,3,9,0.3333333333333333,False,2,8,0.25,False,0.573060383559381,0.3043161163760069,0.3043161163760069,1,1,1,0.0,0.982547490913071,-0.982547490913071,0.3043161145592287,0.2990050365896557,0.982547490913071,0.005311077969573,False,Post,0.43475327,0.005311077969572975
ea2f37eb-921a-43a6-aa2b-9c84efe982ed,3895275,Granit Xhaka,Bayer Leverkusen,2,86,0,68-90+,1,+1,"[100.3, 28.5]",17.35337777012945,22.810962276940447,2,12.755545522518243,0.0470645181578004,6,8,0.75,False,6,8,0.75,False,0.2060947218979868,0.2060947218979868,0.2060947218979868,0,5,1,0.0,0.982547490913071,-0.982547490913071,0.0470645181578004,0.0462431336739959,0.982547490913071,0.0008213844838044,False,Saved,0.03647135,0.0008213844838044979
1c25d248-19bf-4d0d-8809-120a0ff3eb5a,3895275,Exequiel Alejandro Palacios,Bayer Leverkusen,2,87,20,68-90+,1,+1,"[102.1, 39.9]",25.19242150808141,17.90027932742951,4,11.404193263614983,0.0209190058187821,8,10,0.8,False,7,9,0.7777777777777778,False,0.7025460388313657,0.2808293493887627,0.2808293493887627,1,6,0,,,,0.0209190058187821,,,0.0209190058187821,True,Wayward,0.050891858,0.0
70eff410-4678-4b29-8615-7667ab8a2c20,3895275,Alejandro Grimaldo García,Bayer Leverkusen,2,89,46,68-90+,1,+1,"[109.6, 44.0]",37.56859202882746,11.142710621747302,3,0.8258302666045104,0.0417616058656273,4,4,1.0,False,3,3,1.0,False,0.6233135146728676,0.6233135146728676,0.6233135146728676,1,2,1,0.0,0.982547490913071,-0.982547490913071,0.0417616058656273,0.0410327905249312,0.982547490913071,0.0007288153406961,False,Blocked,0.05880406,0.000728815340696097
e873a238-e39c-4e5b-bee7-cbd04d4e5cd7,3895180,Victor Okoh Boniface,Bayer Leverkusen,1,13,46,0-23,0,0,"[103.4, 28.9]",19.13394313627095,19.96922632452244,3,2.49036432213795,0.0284912807986152,7,7,1.0,False,7,7,1.0,False,0.2342519197006902,0.2342519197006902,0.2342519197006902,0,6,1,0.0,0.982547490913071,-0.982547490913071,0.0284912807986152,0.0279940371461784,0.982547490913071,0.0004972436524368,False,Goal,0.052349553,0.0004972436524368004
541890a9-808d-4d07-b9b4-950aaf802c90,3895180,Alejandro Grimaldo García,Bayer Leverkusen,1,33,57,23-45+,1,+1,"[95.5, 44.2]",18.0373680009502,24.857393266390584,5,9.373635675835256,0.0065305485275041,10,11,0.9090909090909092,False,10,11,0.9090909090909092,False,0.1634245660731223,0.1634245660731223,0.1634245660731223,0,9,2,0.0004000421481529,0.9844566681652068,-0.984056626017054,0.0065305485275041,0.0193542944783513,0.9844566681652068,-0.0128237459508472,False,Post,0.07529922,-0.0128237459508472
3ae695a8-991a-4f2f-83aa-ea0763b2515b,3895180,Florian Wirtz,Bayer Leverkusen,2,49,44,45-68,1,+1,"[108.0, 33.9]",30.15995573097355,13.461426373159718,1,8.904696798038024,0.178738001456437,3,6,0.5,False,3,6,0.5,False,0.2136571769997365,0.2136571769997365,0.2136571769997365,0,2,1,0.0,0.982547490913071,-0.982547490913071,0.178738001456437,0.1756185840599225,0.982547490913071,0.0031194173965145,False,Off T,0.081502266,0.003119417396514501
c83dacc4-a06a-4c16-bff6-e25ee2740b6e,3895180,Victor Okoh Boniface,Bayer Leverkusen,2,50,48,45-68,1,+1,"[105.4, 30.7]",22.380643024790444,17.310401497365678,1,12.466357287849002,0.1330648763539775,3,6,0.5,False,2,5,0.4,False,0.2038004236097295,0.2038004236097295,0.2038004236097295,1,1,0,,,,0.1330648763539775,,,0.1330648763539775,True,Saved,0.14189132,0.0
fb48cdac-fe0a-4452-a680-5880ed308a40,3895180,Jeremie Frimpong,Bayer Leverkusen,2,50,50,45-68,1,+1,"[114.6, 41.7]",69.61856994880256,5.661271941887271,0,inf,0.6357805925994068,1,6,0.1666666666666666,True,1,6,0.1666666666666666,True,0.6357805069186498,0.6357805069186498,0.6357805925994068,0,0,0,,,,0.6357805925994068,,,0.6357805925994068,True,Goal,0.9111029,0.0
fcfab8e6-651c-406f-a51d-d87d1d1804d0,3895180,Florian Wirtz,Bayer Leverkusen,2,56,35,45-68,2,+2+,"[104.4, 30.2]",21.10159227316717,18.422811946062957,1,5.888061760708967,0.1174480670427138,3,4,0.75,False,2,3,0.6666666666666666,False,0.2401855228954612,0.2401855228954612,0.2401855228954612,1,1,0,,,,0.1174480670427138,,,0.1174480670427138,True,Goal,0.3293735,0.0
7b4d2a3e-b744-4bf1-9a88-beec60f4365c,3895180,Alejandro Grimaldo García,Bayer Leverkusen,2,69,23,68-90+,3,+2+,"[101.4, 31.4]",20.2232817738864,20.49194963882158,2,1.802656645562642,0.0468290896352445,3,5,0.6,False,2,4,0.5,False,0.2727773237025498,0.1062231990464551,0.1062231990464551,1,1,0,,,,0.0468290896352445,,,0.0468290896352445,True,Saved,0.06903119,0.0
41302cc0-8445-4a66-84e4-f304b1a7460a,3895180,Patrik Schick,Bayer Leverkusen,2,72,32,68-90+,3,+2+,"[109.3, 46.1]",32.24386188571261,12.316655390161731,1,9.567203313480592,0.1964903550527378,2,4,0.5,False,2,3,0.6666666666666666,False,0.1964904056781178,0.1964904056781178,0.1964904056781178,0,1,1,0.0,0.982547490913071,-0.982547490913071,0.1964903550527378,0.1930611550875261,0.982547490913071,0.0034291999652117,False,Saved,0.08704005,0.0034291999652116822
89cdac4a-f79e-42de-ad9a-fbc70397b8a6,3895180,Florian Wirtz,Bayer Leverkusen,2,74,59,68-90+,3,+2+,"[99.6, 33.5]",20.248442162635577,21.41051143714228,2,7.73292298932652,0.051582758619047,5,7,0.7142857142857143,False,5,7,0.7142857142857143,False,0.3369778522844708,0.3369778522844708,0.3369778522844708,0,4,0,,,,0.051582758619047,,,0.051582758619047,True,Blocked,0.046395227,0.0
b353ca35-a05f-4a3e-bc76-abeaba9476f1,3895180,Florian Wirtz,Bayer Leverkusen,2,80,10,68-90+,3,+2+,"[103.0, 27.8]",17.869171799237282,20.924626639440906,1,15.914785458764513,0.1003487167258041,1,5,0.2,True,1,4,0.25,True,0.1003487132236329,0.1003487132236329,0.1003487167258041,0,0,0,,,,0.1003487167258041,,,0.1003487167258041,True,Post,0.08699181,0.0
1d886e5d-5ccd-4f6e-b895-3ed152e8a9cf,3895180,Odilon Kossonou,Bayer Leverkusen,2,81,18,68-90+,3,+2+,"[99.7, 43.7]",21.618928705907344,20.634437234875097,1,15.920781813590716,0.1027065513339218,2,4,0.5,False,1,3,0.3333333333333333,True,0.2147360170772591,0.1027065260508466,0.1027065513339218,1,0,0,,,,0.1027065513339218,,,0.1027065513339218,True,Off T,0.10714567,0.0
398dba86-b490-4dfa-a24e-134ab4f28080,3895180,Piero Martín Hincapié Reyna,Bayer Leverkusen,2,83,45,68-90+,3,+2+,"[115.7, 34.1]",42.68385992473535,7.300684899377589,0,inf,0.5576326917000477,1,5,0.2,True,1,4,0.25,True,0.5576325565044181,0.5576325565044181,0.5576326917000477,0,0,0,,,,0.5576326917000477,,,0.5576326917000477,True,Post,0.5211891,0.0
26f12ece-632a-419b-b17f-c63e9508a6bb,3895180,Granit Xhaka,Bayer Leverkusen,2,83,49,68-90+,3,+2+,"[94.5, 48.9]",15.956850347622476,27.008517175143105,4,6.178403658368969,0.0097995088062742,5,6,0.8333333333333334,False,4,5,0.8,False,0.6185237350442909,0.1508790365262753,0.1508790365262753,1,3,0,,,,0.0097995088062742,,,0.0097995088062742,True,Off T,0.024108738,0.0
541cfc39-9059-45d9-af39-d3525ccdbbf9,3895180,Edmond Fayçal Tapsoba,Bayer Leverkusen,2,89,45,68-90+,3,+2+,"[115.7, 34.7]",48.36439311942405,6.824954212300618,1,1.7092605816401552,0.2515746139847004,4,7,0.5714285714285714,False,4,7,0.5714285714285714,False,0.5753647288836714,0.5753647288836714,0.5753647288836714,0,3,1,0.0,0.982547490913071,-0.982547490913071,0.2515746139847004,0.2471840082847305,0.982547490913071,0.0043906056999698,False,Off T,0.21981987,0.0043906056999698795
bc5cf701-66a0-4bbf-a349-b178a8999ebb,3895134,Florian Wirtz,Bayer Leverkusen,1,8,14,0-23,0,0,"[112.9, 34.8]",42.74809154863384,8.800568163476717,1,5.688617238225274,0.2530011333204421,3,7,0.4285714285714285,False,2,6,0.3333333333333333,False,0.4563420676651551,0.2530011456707262,0.2530011456707262,1,1,1,0.0,0.982547490913071,-0.982547490913071,0.2530011333204421,0.2485856408769044,0.982547490913071,0.0044154924435376,False,Goal,0.4335934,0.0044154924435377
44e48928-bcd2-425d-bcd2-88b4b3e10764,3895134,Victor Okoh Boniface,Bayer Leverkusen,1,9,34,0-23,1,+1,"[98.4, 40.3]",20.97912815104896,21.602083232873625,0,inf,0.1776097309340213,3,6,0.5,False,2,5,0.4,False,0.2351595863831374,0.1776097527633541,0.1776097527633541,1,1,1,0.0,0.982547490913071,-0.982547490913071,0.1776097309340213,0.1745100169393245,0.982547490913071,0.0030997139946968,False,Saved,0.07854628,0.003099713994696801
89aae71e-0195-4011-b31e-746a31a8e5f1,3895134,Jonas Hofmann,Bayer Leverkusen,1,24,50,23-45+,1,+1,"[100.8, 45.0]",22.13337366616237,19.84036289990685,2,13.202583483737383,0.0597535824531163,5,7,0.7142857142857143,False,3,5,0.6,False,0.6385035900000662,0.1971226510371088,0.1971226510371088,2,2,1,0.0,0.982547490913071,-0.982547490913071,0.0597535824531163,0.0587107459749715,0.982547490913071,0.0010428364781448,False,Off T,0.08007127,0.0010428364781448
e247a33d-7255-4f8f-b6d1-48f2b49cb559,3895134,Jeremie Frimpong,Bayer Leverkusen,1,35,46,23-45+,1,+1,"[114.8, 51.5]",16.18908729701849,12.621014222319854,1,7.5273031464616995,0.1896033501679316,4,5,0.8,False,4,5,0.8,False,0.3032728464393882,0.3032728464393882,0.3032728464393882,0,3,1,0.0,0.982547490913071,-0.982547490913071,0.1896033501679316,0.1862943133857544,0.982547490913071,0.0033090367821771,False,Off T,0.10737679,0.0033090367821771993
e296dfd5-410a-4bd0-a68c-c8355fc52579,3895134,Jonas Hofmann,Bayer Leverkusen,1,44,54,23-45+,1,+1,"[102.0, 47.8]",21.326329209413554,19.617339269126177,2,11.3364957541789,0.0605266561442036,4,6,0.6666666666666666,False,4,6,0.6666666666666666,False,0.2602139945898724,0.2602139945898724,0.2602139945898724,0,3,1,0.0,0.0,0.0,0.0605266561442036,0.0,0.0,0.0605266561442036,False,Blocked,0.041514,0.0605266561442036
528c2a96-74fb-491f-89c7-e1eb61b46a8e,3895134,Alejandro Grimaldo García,Bayer Leverkusen,1,45,34,23-45+,1,+1,"[104.5, 33.1]",24.51854084745436,16.966437457521835,5,7.353651829758507,0.0121344138983992,8,9,0.8888888888888888,False,8,9,0.8888888888888888,False,0.4125267041276562,0.4125267041276562,0.4125267041276562,0,7,0,,,,0.0121344138983992,,,0.0121344138983992,True,Goal,0.062151197,0.0
314fc629-dbd3-4934-94c6-c591e358dbff,3895134,Alejandro Grimaldo García,Bayer Leverkusen,2,66,56,45-68,0,0,"[89.2, 31.0]",13.662710373818992,32.088003989029914,1,30.230117640332697,0.0415743388555117,4,7,0.5714285714285714,False,4,7,0.5714285714285714,False,0.135184172402284,0.135184172402284,0.135184172402284,0,3,0,,,,0.0415743388555117,,,0.0415743388555117,True,Saved,0.022710646,0.0
18cc929b-52f5-45e3-8615-daf9260a31da,3895134,Victor Okoh Boniface,Bayer Leverkusen,2,69,5,68-90+,0,0,"[115.0, 36.0]",57.99461679191651,6.4031242374328485,1,3.796916522488725,0.2959399901639629,2,6,0.3333333333333333,False,2,6,0.3333333333333333,False,0.4468638964971131,0.4468638964971131,0.4468638964971131,0,1,0,,,,0.2959399901639629,,,0.2959399901639629,True,Wayward,0.29677752,0.0
43672ac5-0101-457e-a459-fd4511a635ba,3895134,Alejandro Grimaldo García,Bayer Leverkusen,2,69,18,68-90+,0,0,"[103.0, 33.4]",23.24924989877864,18.236227680087783,2,7.98273550427144,0.0666029538131487,6,7,0.8571428571428571,False,5,6,0.8333333333333334,False,0.1914388955187491,0.1078904288619981,0.1078904288619981,1,4,1,0.0,0.982547490913071,-0.982547490913071,0.0666029538131487,0.065440567906945,0.982547490913071,0.0011623859062036,False,Goal,0.067309774,0.0011623859062036973
2e62b86d-9b63-4229-b9f6-e29024ac4376,3895134,Jeremie Frimpong,Bayer Leverkusen,2,86,37,68-90+,1,+1,"[105.7, 27.3]",18.110991399726903,19.125375813301027,2,4.848382867449253,0.0600527581649153,3,4,0.75,False,3,4,0.75,False,0.2047085032895441,0.2047085032895441,0.2047085032895441,0,2,0,,,,0.0600527581649153,,,0.0600527581649153,True,Off T,0.08442526,0.0
7baac0c7-203d-4e43-89f7-7d482a26ee0d,3895121,Granit Xhaka,Bayer Leverkusen,1,0,45,0-23,0,0,"[91.6, 45.2]",15.52989377625756,28.87213189218975,2,10.229050339849962,0.0287569769192935,5,8,0.625,False,4,7,0.5714285714285714,False,0.2267276309517003,0.1134492369227822,0.1134492369227822,1,3,0,,,,0.0287569769192935,,,0.0287569769192935,True,Off T,0.032057807,0.0
f22266fd-345a-4d52-8390-69c13ff3df92,3895121,Victor Okoh Boniface,Bayer Leverkusen,1,6,31,0-23,0,0,"[113.1, 28.1]",17.675514748686695,13.755726080436467,1,10.938605465927552,0.1760432071217861,2,8,0.25,False,2,8,0.25,False,0.3375302246091173,0.3375302246091173,0.3375302246091173,0,1,0,,,,0.1760432071217861,,,0.1760432071217861,True,Blocked,0.05218258,0.0
e5084146-9d0d-4118-9547-119e59d783ab,3895121,Alejandro Grimaldo García,Bayer Leverkusen,1,14,3,0-23,0,0,"[116.6, 63.4]",2.867035358151776,23.64571842850202,1,9.9404962609703,0.0795080572029807,3,10,0.3,False,3,10,0.3,False,0.1737721276448545,0.1737721276448545,0.1737721276448545,0,2,0,,,,0.0795080572029807,,,0.0795080572029807,True,Off T,0.007893321,0.0
c739c650-2b62-4b07-84f4-406ed443109a,3895121,Granit Xhaka,Bayer Leverkusen,1,15,45,0-23,0,0,"[92.0, 26.5]",13.264042762890762,31.084562084739105,0,inf,0.0831786173842351,6,9,0.6666666666666666,False,5,8,0.625,False,0.2750992861715833,0.2750992861715833,0.2750992861715833,1,4,0,,,,0.0831786173842351,,,0.0831786173842351,True,Off T,0.015882464,0.0
1d46cf14-436d-4645-b4c2-ac1ee76f3aed,3895121,Exequiel Alejandro Palacios,Bayer Leverkusen,1,18,52,0-23,0,0,"[100.3, 29.2]",17.872873377127426,22.46619682990426,3,3.938238966687292,0.0247516286955005,8,10,0.8,False,7,9,0.7777777777777778,False,0.3094445132197977,0.1029151409016317,0.1029151409016317,1,6,1,0.0,0.982547490913071,-0.982547490913071,0.0247516286955005,0.0243196546586063,0.982547490913071,0.0004319740368941,False,Off T,0.039436143,0.00043197403689419767
f8fe0785-2ca0-41e9-b2b6-000ccd504061,3895121,Victor Okoh Boniface,Bayer Leverkusen,1,20,35,0-23,0,0,"[113.9, 42.5]",60.63332830571349,6.592419889539799,1,4.843442297980873,0.2982033977132945,2,9,0.2222222222222222,False,2,9,0.2222222222222222,False,0.2982034245505116,0.2982034245505116,0.2982034245505116,0,1,1,0.0,0.982547490913071,-0.982547490913071,0.2982033977132945,0.2929990265737904,0.982547490913071,0.005204371139504,False,Off T,0.14380059,0.005204371139504116
979bce09-62d8-4fa7-be93-b3bac4a35d6a,3895121,Jonathan Tah,Bayer Leverkusen,1,24,26,23-45+,0,0,"[91.6, 46.2]",15.326441698486956,29.06888370749727,3,11.70083724816071,0.0156122988974957,8,10,0.8,False,8,10,0.8,False,0.1463644063973075,0.1463644063973075,0.1463644063973075,0,7,0,,,,0.0156122988974957,,,0.0156122988974957,True,Blocked,0.02354686,0.0
e9d3a1c6-d630-4f3d-b52f-6a3dc3fb97f8,3895121,Victor Okoh Boniface,Bayer Leverkusen,1,26,59,23-45+,0,0,"[102.9, 35.5]",24.75603127843296,17.682194433949643,1,13.804357204695496,0.1295676794686073,3,7,0.4285714285714285,False,3,7,0.4285714285714285,False,0.1406315666572223,0.1406315666572223,0.1406315666572223,0,2,1,0.0,0.982547490913071,-0.982547490913071,0.1295676794686073,0.1273064129895249,0.982547490913071,0.0022612664790824,False,Blocked,0.12416381,0.0022612664790824244
e877d7f3-6505-4d08-b4d5-f82ab8c3ec6d,3895121,Jonas Hofmann,Bayer Leverkusen,1,34,15,23-45+,0,0,"[108.4, 45.1]",32.69655055471142,12.671621837791715,2,1.5011893234019542,0.0837277223101247,3,5,0.6,False,3,5,0.6,False,0.1976918018668982,0.1976918018668982,0.1976918018668982,0,2,1,0.4925969868572984,0.9912737290024384,-0.4986767421451398,0.0837277223101247,0.1748040876116414,0.9912737290024384,-0.0910763653015167,False,Blocked,0.107531756,-0.0910763653015167
12b0d458-1b39-41dd-aaac-a5c99f79e931,3895121,Florian Wirtz,Bayer Leverkusen,1,35,57,23-45+,0,0,"[112.1, 51.7]",19.023679384257584,14.117365193264646,1,9.812262153855844,0.1703066684872037,4,8,0.5,False,3,7,0.4285714285714285,False,0.5436530240401928,0.5436530240401928,0.5436530240401928,1,2,0,,,,0.1703066684872037,,,0.1703066684872037,True,Goal,0.07542497,0.0
e99d627f-e66e-4177-9c42-3b426364602c,3895121,Jeremie Frimpong,Bayer Leverkusen,1,39,17,23-45+,1,+1,"[107.4, 57.0]",13.141069757715371,21.160340261914502,2,4.929153983224353,0.0510996797265509,5,6,0.8333333333333334,False,5,6,0.8333333333333334,False,0.1883111232889919,0.1883111232889919,0.1883111232889919,0,4,1,0.0,0.982547490913071,-0.982547490913071,0.0510996797265509,0.0502078650599298,0.982547490913071,0.000891814666621,False,Blocked,0.023462128,0.0008918146666210963
836423cc-0eda-4db1-a100-07e1790c1bcb,3895121,Edmond Fayçal Tapsoba,Bayer Leverkusen,1,44,54,23-45+,1,+1,"[116.2, 37.3]",79.32573290502856,4.661544808322665,1,1.8757552491544,0.3053883535396102,4,10,0.4,False,4,10,0.4,False,0.6301320214464493,0.6301320214464493,0.6301320214464493,0,3,1,0.0,0.982547490913071,-0.982547490913071,0.3053883535396102,0.3000585975023512,0.982547490913071,0.0053297560372589,False,Off T,0.1891779,0.0053297560372589925
b618df8a-6b06-457d-af36-28fae7ca9c46,3895121,Florian Wirtz,Bayer Leverkusen,2,49,22,45-68,1,+1,"[103.3, 29.2]",19.392799219442868,19.887936041731432,1,18.60248288376275,0.1094226481052912,3,5,0.6,False,3,5,0.6,False,0.1392650129247072,0.1392650129247072,0.1392650129247072,0,2,1,0.0,0.982547490913071,-0.982547490913071,0.1094226481052912,0.1075129735779322,0.982547490913071,0.001909674527359,False,Saved,0.09521932,0.0019096745273590038
a5a83f87-2ee0-4ac1-9fa8-ac8ec64356d1,3895121,Victor Okoh Boniface,Bayer Leverkusen,2,58,54,45-68,1,+1,"[57.7, 33.2]",7.26139496373476,62.67000877612831,0,inf,0.0066469265632358,2,7,0.2857142857142857,False,2,7,0.2857142857142857,False,0.0066469270105567,0.0066469270105567,0.0066469270105567,0,1,1,0.0,0.982547490913071,-0.982547490913071,0.0066469265632358,0.0065309214565048,0.982547490913071,0.0001160051067309,False,Off T,0.0049094576,0.00011600510673099966
e2be8cf0-ff95-403e-98b6-9cdc76ad05d5,3895121,Jonas Hofmann,Bayer Leverkusen,2,59,51,45-68,1,+1,"[99.1, 44.9]",20.60035596393919,21.46671842643864,2,4.00295591382752,0.0489349393826068,4,5,0.8,False,3,4,0.75,False,0.2632358031929108,0.1669770148747514,0.1669770148747514,1,2,0,,,,0.0489349393826068,,,0.0489349393826068,True,Post,0.08828274,0.0
0a50d7fa-da0f-4e7c-a56b-f11e159f2ec9,3895121,Jeremie Frimpong,Bayer Leverkusen,2,65,31,45-68,2,+2+,"[110.3, 32.9]",31.127402207024428,12.02081528017131,2,1.1686348153445405,0.08176181573559,4,5,0.8,False,4,5,0.8,False,0.4404327084223587,0.4404327084223587,0.4404327084223587,0,3,0,,,,0.08176181573559,,,0.08176181573559,True,Post,0.2986823,0.0
6b82361c-488c-47fe-b46f-d7dfccf5bbd0,3895121,Florian Wirtz,Bayer Leverkusen,2,73,18,68-90+,1,+1,"[96.5, 36.0]",18.79988515865266,23.837994882120437,1,19.713266257097857,0.0798719545335217,2,7,0.2857142857142857,False,2,7,0.2857142857142857,False,0.211707890189117,0.211707890189117,0.211707890189117,0,1,0,,,,0.0798719545335217,,,0.0798719545335217,True,Saved to Post,0.048938446,0.0
f483a064-58af-4ec4-b768-2744c218e932,3895121,Exequiel Alejandro Palacios,Bayer Leverkusen,2,79,9,68-90+,1,+1,"[108.1, 29.2]",21.45395601656345,16.0701586799882,1,12.487592687061742,0.1469527035284574,3,6,0.5,False,3,6,0.5,False,0.3141761154532013,0.3141761154532013,0.3141761154532013,0,2,0,,,,0.1469527035284574,,,0.1469527035284574,True,Off T,0.05474969,0.0
191352f4-b6b1-4676-bb29-03561c51730b,3895107,Florian Wirtz,Bayer Leverkusen,1,0,38,0-23,0,0,"[96.5, 47.5]",17.604210950933965,24.66779276708802,1,19.44570855657676,0.074721044026156,3,6,0.5,False,3,6,0.5,False,0.0827049649172059,0.0827049649172059,0.0827049649172059,0,2,0,,,,0.074721044026156,,,0.074721044026156,True,Saved,0.043692373,0.0
b2d5366c-4dee-4904-930e-a75104a88eab,3895107,Victor Okoh Boniface,Bayer Leverkusen,1,11,36,0-23,0,0,"[102.9, 37.7]",25.90227609321341,17.25398504693915,1,14.075978691636855,0.1341581419943758,4,7,0.5714285714285714,False,2,5,0.4,False,0.1946314034266473,0.134158158865319,0.134158158865319,2,1,1,0.0,0.982547490913071,-0.982547490913071,0.1341581419943758,0.1318167623786364,0.982547490913071,0.0023413796157393,False,Blocked,0.061079353,0.0023413796157394084
aaee45ea-af21-455f-a2b1-83ed15845ac6,3895107,Victor Okoh Boniface,Bayer Leverkusen,1,11,58,0-23,0,0,"[115.7, 29.5]",16.96835456255339,11.346365056704284,0,inf,0.4034473816790297,3,7,0.4285714285714285,False,3,7,0.4285714285714285,False,0.6002636179778728,0.6002636179778728,0.6002636179778728,0,2,0,,,,0.4034473816790297,,,0.4034473816790297,True,Saved,0.13403521,0.0
e6c7c7ff-c635-4f9b-914c-b299368e07e9,3895107,Victor Okoh Boniface,Bayer Leverkusen,1,12,13,0-23,0,0,"[105.0, 38.0]",29.396052854943253,15.132745950421556,2,7.6584815998718785,0.0851918633421142,3,8,0.375,False,1,6,0.1666666666666666,True,0.4122681607366626,0.0851918633421142,0.0851918633421142,2,0,0,,,,0.0851918633421142,,,0.0851918633421142,True,Blocked,0.064727865,0.0
6926b425-5a2d-484b-a4d5-85f4e6298216,3895107,Jonas Hofmann,Bayer Leverkusen,1,14,56,0-23,0,0,"[100.0, 46.8]",20.399435898957208,21.124393482417428,2,6.622392108706524,0.0523212535083913,4,5,0.8,False,4,5,0.8,False,0.1758265563053285,0.1758265563053285,0.1758265563053285,0,3,1,0.0,0.0,0.0,0.0523212535083913,0.0,0.0,0.0523212535083913,False,Blocked,0.055555455,0.0523212535083913
a0c635e4-d590-46ad-9e55-f054f78a9ff1,3895107,Jonathan Tah,Bayer Leverkusen,1,15,57,0-23,0,0,"[113.9, 45.0]",46.561512750868815,7.887331614684394,1,2.707213470260432,0.2518957591762865,4,8,0.5,False,3,7,0.4285714285714285,False,0.3745277916533485,0.3745277916533485,0.3745277916533485,1,2,0,,,,0.2518957591762865,,,0.2518957591762865,True,Off T,0.110566854,0.0
4b042657-3c64-4516-bb8d-f1c322719eeb,3895107,Florian Wirtz,Bayer Leverkusen,1,18,53,0-23,0,0,"[93.5, 50.5]",14.90455033808582,28.50438562747845,2,9.291570388129752,0.029498949582997,6,9,0.6666666666666666,False,6,9,0.6666666666666666,False,0.0959805217336669,0.0959805217336669,0.0959805217336669,0,5,0,,,,0.029498949582997,,,0.029498949582997,True,Saved,0.021526279,0.0
e0dada79-fcfb-4294-aa8e-18116ec67027,3895107,Jonas Hofmann,Bayer Leverkusen,1,21,2,0-23,0,0,"[110.6, 38.0]",44.561481878558816,9.610411021387176,2,3.791318504436522,0.1256396895934546,2,6,0.3333333333333333,False,2,6,0.3333333333333333,False,0.2049770123660391,0.2049770123660391,0.2049770123660391,0,1,0,,,,0.1256396895934546,,,0.1256396895934546,True,Goal,0.19221357,0.0
2de00683-0883-4d97-892e-a2500b03e67a,3895107,Alejandro Grimaldo García,Bayer Leverkusen,1,26,14,23-45+,1,+1,"[105.9, 36.7]",30.21411851583604,14.481022063376598,2,4.559862511133466,0.0866218047438771,5,8,0.625,False,5,8,0.625,False,0.2167843380194501,0.2167843380194501,0.2167843380194501,0,4,1,0.0,0.982547490913071,-0.982547490913071,0.0866218047438771,0.0851100454241979,0.982547490913071,0.0015117593196791,False,Blocked,0.10844014,0.0015117593196792012
0a0aeb90-f461-4fbe-8b3f-9011e25a47d4,3895107,Jeremie Frimpong,Bayer Leverkusen,1,31,23,23-45+,1,+1,"[115.2, 47.8]",29.49702273703813,9.158602513484244,0,inf,0.4806152615035646,1,6,0.1666666666666666,True,1,6,0.1666666666666666,True,0.4806152249900643,0.4806152249900643,0.4806152615035646,0,0,0,,,,0.4806152615035646,,,0.4806152615035646,True,Goal,0.3447506,0.0
db44dcba-6ceb-4173-af6c-d18a1883a2eb,3895107,Alejandro Grimaldo García,Bayer Leverkusen,1,34,50,23-45+,2,+2+,"[106.3, 65.9]",7.411927819751549,29.300170647967228,1,14.733642547858022,0.0512437098401582,8,10,0.8,False,8,10,0.8,False,0.3045570389642696,0.3045570389642696,0.3045570389642696,0,7,1,0.0,0.982547490913071,-0.982547490913071,0.0512437098401582,0.0503493788457908,0.982547490913071,0.0008943309943673,False,Saved,0.0076719634,0.0008943309943673997
30bc9a92-63a7-4dea-86b1-5fd2cd200584,3895107,Florian Wirtz,Bayer Leverkusen,1,35,26,23-45+,2,+2+,"[102.9, 40.3]",26.324174427767627,17.102631376487064,3,9.956951487427531,0.0404219045690933,8,9,0.8888888888888888,False,7,8,0.875,False,0.2692526045813692,0.2692526045813692,0.2692526045813692,1,6,1,0.0,0.982547490913071,-0.982547490913071,0.0404219045690933,0.0397164455581043,0.982547490913071,0.000705459010989,False,Off T,0.03361518,0.0007054590109889999
27149088-cbf9-494a-8e26-15ddbc4741e6,3895107,Jeremie Frimpong,Bayer Leverkusen,1,37,11,23-45+,2,+2+,"[109.7, 51.8]",19.763745932018995,15.663013758533186,3,3.5540233642084127,0.0421892596467218,4,6,0.6666666666666666,False,3,5,0.6,False,0.710410908377706,0.2450629756902874,0.2450629756902874,1,2,0,,,,0.0421892596467218,,,0.0421892596467218,True,Blocked,0.06705256,0.0
ea3e0515-ea35-4660-87cd-e1650a061d1c,3895107,Florian Wirtz,Bayer Leverkusen,2,46,24,45-68,2,+2+,"[96.6, 40.7]",19.384249496874645,23.41046774415241,2,6.263147376801588,0.0434257336217421,4,6,0.6666666666666666,False,4,6,0.6666666666666666,False,0.1455242807102381,0.1455242807102381,0.1455242807102381,0,3,0,,,,0.0434257336217421,,,0.0434257336217421,True,Saved,0.051511027,0.0
ea579ea8-c5c3-43cb-86b1-b254b3d6e3fb,3895107,Jeremie Frimpong,Bayer Leverkusen,2,53,34,45-68,2,+2+,"[107.3, 45.1]",30.672667071403897,13.685759021698434,1,5.56913323264102,0.1708985481779951,3,5,0.6,False,2,4,0.5,False,0.2395011221347413,0.1708985871697025,0.1708985871697025,1,1,1,0.0,0.982547490913071,-0.982547490913071,0.1708985481779951,0.1679159780241799,0.982547490913071,0.0029825701538151,False,Saved,0.38250083,0.0029825701538152005
365ce792-877a-4513-abd2-98766c899e8f,3895107,Florian Wirtz,Bayer Leverkusen,2,59,55,45-68,2,+2+,"[97.2, 48.2]",17.713213237056713,24.22973379961076,1,17.828046065096476,0.0772417424665964,3,6,0.5,False,3,6,0.5,False,0.2133279260854649,0.2133279260854649,0.2133279260854649,0,2,0,,,,0.0772417424665964,,,0.0772417424665964,True,Off T,0.054658294,0.0
858312e1-fe6f-4281-914e-4fb03ba0374f,3895107,Victor Okoh Boniface,Bayer Leverkusen,2,66,31,45-68,2,+2+,"[114.9, 34.2]",43.06712822028416,7.723341245859845,0,inf,0.5390929361412016,2,3,0.6666666666666666,False,2,3,0.6666666666666666,False,0.539093004305737,0.539093004305737,0.539093004305737,0,1,1,0.0,0.982547490913071,-0.982547490913071,0.5390929361412016,0.5296844787493913,0.982547490913071,0.0094084573918102,False,Goal,0.37799448,0.009408457391810288
5d05bf0a-7b81-496f-8f02-725cdc90f3e9,3895107,Victor Okoh Boniface,Bayer Leverkusen,2,67,53,45-68,3,+2+,"[107.0, 45.3]",29.86875430495574,14.038874598770372,1,8.716570002805852,0.1705034789385728,3,6,0.5,False,3,6,0.5,False,0.1968362393996972,0.1968362393996972,0.1968362393996972,0,2,1,0.0,0.0,0.0,0.1705034789385728,0.0,0.0,0.1705034789385728,False,Saved,0.28238183,0.1705034789385728
7dbc76bb-0c3d-4cd4-9c7c-3227dfe899f5,3895107,Granit Xhaka,Bayer Leverkusen,2,71,57,68-90+,3,+2+,"[101.0, 48.5]",20.016176084586224,20.81465829649865,2,13.49074806824569,0.0553088352764261,6,10,0.6,False,5,9,0.5555555555555556,False,0.2966595732869093,0.2302602567241279,0.2302602567241279,1,4,0,,,,0.0553088352764261,,,0.0553088352764261,True,Blocked,0.04141494,0.0
dfad304d-d7f5-4215-bedd-365b92649aa8,3895107,Victor Okoh Boniface,Bayer Leverkusen,2,77,46,68-90+,3,+2+,"[105.9, 31.6]",23.9985671899877,16.41249523990791,1,8.902869692432414,0.1411504476947117,3,4,0.75,False,2,3,0.6666666666666666,False,0.1675365617528093,0.1675365617528093,0.1675365617528093,1,1,0,,,,0.1411504476947117,,,0.1411504476947117,True,Off T,0.4318183,0.0
3033427a-49c3-45a9-b0f2-9c53df558f59,3895107,Jonas Hofmann,Bayer Leverkusen,2,81,50,68-90+,3,+2+,"[112.5, 29.6]",22.01276584898276,12.822246293064252,2,1.5232418610257026,0.0830445948044268,3,9,0.3333333333333333,False,3,9,0.3333333333333333,False,0.3338000581408724,0.3338000581408724,0.3338000581408724,0,2,0,,,,0.0830445948044268,,,0.0830445948044268,True,Wayward,0.023003938,0.0
97093c18-29f0-422a-b0f3-bbbc3aadaa6a,3895107,Nathan Tella,Bayer Leverkusen,2,83,53,68-90+,3,+2+,"[98.6, 54.7]",14.582942329484077,25.9624729176556,3,4.606474874067634,0.0189902017762488,5,8,0.625,False,5,8,0.625,False,0.09253793923176,0.09253793923176,0.09253793923176,0,4,1,0.0534193570325434,0.9912740993824988,-0.9378547423499553,0.0189902017762488,0.0304256909484226,0.9912740993824988,-0.0114354891721738,False,Blocked,0.026818357,-0.0114354891721738
61e05b20-2f57-4401-b337-f7475a0ad499,3895107,Amine Adli,Bayer Leverkusen,2,92,12,68-90+,3,+2+,"[105.2, 26.1]",16.636211868870173,20.30394050424695,2,3.55935493768157,0.0530407308574245,6,9,0.6666666666666666,False,6,9,0.6666666666666666,False,0.3784777787415723,0.3784777787415723,0.3784777787415723,0,5,0,,,,0.0530407308574245,,,0.0530407308574245,True,Blocked,0.025139155,0.0
83842ff3-709e-468f-9a75-32dd55cd6b0e,3895074,Victor Okoh Boniface,Bayer Leverkusen,1,22,8,0-23,-1,-1,"[104.2, 34.5]",25.59383631947362,16.72991332912397,1,12.358890582170908,0.1393511279178882,2,9,0.2222222222222222,False,1,8,0.125,True,0.1623265958008793,0.1393510968273588,0.1393511279178882,1,0,0,,,,0.1393511279178882,,,0.1393511279178882,True,Blocked,0.07310649,0.0
5667d74e-c1f0-4282-91a4-5f89c6db16e2,3895074,Alejandro Grimaldo García,Bayer Leverkusen,1,23,54,23-45+,-1,-1,"[94.6, 42.2]",17.770900550191737,25.49509756796393,5,9.625647908112548,0.0062126766728873,9,10,0.9,False,9,10,0.9,False,0.1531485979108742,0.1531485979108742,0.1531485979108742,0,8,1,0.193605262143573,0.991451459144212,-0.7978461970006391,0.0062126766728873,0.0170817390735481,0.991451459144212,-0.0108690624006607,False,Goal,0.06606824,-0.0108690624006608
162cfa7d-b412-4314-9bc8-32363be03691,3895074,Victor Okoh Boniface,Bayer Leverkusen,1,30,49,23-45+,0,0,"[118.8, 31.7]",10.020613135302648,8.386298349093003,0,inf,0.5112462697790501,3,5,0.6,False,2,4,0.5,False,0.6760441754027643,0.6760441754027643,0.6760441754027643,1,1,0,,,,0.5112462697790501,,,0.5112462697790501,True,Saved,0.024618072,0.0
76c031af-d1a0-49ec-98c6-f8b8c6f59c8d,3895074,Granit Xhaka,Bayer Leverkusen,1,31,12,23-45+,0,0,"[87.5, 27.4]",12.234912781963722,34.856993559399235,0,inf,0.0615097558679047,3,6,0.5,False,3,6,0.5,False,0.1365210997860506,0.1365210997860506,0.1365210997860506,0,2,0,,,,0.0615097558679047,,,0.0615097558679047,True,Saved,0.006139515,0.0
e580ccbc-f422-455f-8282-476165725146,3895074,Victor Okoh Boniface,Bayer Leverkusen,1,31,38,23-45+,0,0,"[111.0, 28.8]",20.7101932610892,14.368020044529448,2,1.2948139165571273,0.0700625893402417,5,6,0.8333333333333334,False,5,6,0.8333333333333334,False,0.5180763610939617,0.5180763610939617,0.5180763610939617,0,4,1,0.0,0.0,0.0,0.0700625893402417,0.0,0.0,0.0700625893402417,False,Off T,0.12689573,0.0700625893402417
44a74e3a-859b-473b-95cb-906764036a0d,3895074,Victor Okoh Boniface,Bayer Leverkusen,1,39,56,23-45+,0,0,"[107.7, 34.0]",29.87583216078843,13.68539367354845,1,10.274067323573515,0.176618283026443,1,4,0.25,True,1,4,0.25,True,0.1766182461226432,0.1766182461226432,0.176618283026443,0,0,0,,,,0.176618283026443,,,0.176618283026443,True,Blocked,0.11530868,0.0
9327f533-e6ef-4c9e-b0d7-e382931e953e,3895074,Victor Okoh Boniface,Bayer Leverkusen,2,50,57,45-68,0,0,"[60.0, 53.7]",7.252697222738583,61.544211750578135,0,inf,0.0072733598606762,3,9,0.3333333333333333,False,3,9,0.3333333333333333,False,0.0120202939664698,0.0120202939664698,0.0120202939664698,0,2,0,,,,0.0072733598606762,,,0.0072733598606762,True,Off T,0.003449392,0.0
81abdd8f-aa8d-4866-958a-0bb09e4c9cfe,3895074,Florian Wirtz,Bayer Leverkusen,2,77,49,68-90+,0,0,"[112.7, 32.8]",33.233727230771294,10.25329215423027,1,5.166905653640063,0.2236486140083036,2,7,0.2857142857142857,False,2,7,0.2857142857142857,False,0.3541033527901993,0.3541033527901993,0.3541033527901993,0,1,0,,,,0.2236486140083036,,,0.2236486140083036,True,Post,0.36008543,0.0
090345e5-0659-4700-a2e8-4974c8ebfb50,3895074,Victor Okoh Boniface,Bayer Leverkusen,2,79,42,68-90+,0,0,"[114.0, 29.5]",20.229955560258364,12.093386622447824,0,inf,0.3800429790873799,1,6,0.1666666666666666,True,1,6,0.1666666666666666,True,0.3800429790873799,0.3800429790873799,0.3800429790873799,0,0,0,,,,0.3800429790873799,,,0.3800429790873799,True,Saved,0.26171917,0.0
85e396a8-118d-44af-a36a-c585a7caacb8,3895074,Alejandro Grimaldo García,Bayer Leverkusen,2,80,10,68-90+,0,0,"[101.6, 29.0]",18.35896182668045,21.43735058256967,3,4.65802485012194,0.0273001971817719,5,6,0.8333333333333334,False,4,5,0.8,False,0.2168216493654709,0.1875446963208721,0.1875446963208721,1,3,1,0.1871289212253728,0.9913364738007046,-0.8042075525753317,0.0273001971817719,0.0938261669069629,0.9913364738007046,-0.0665259697251909,False,Blocked,0.03284856,-0.066525969725191
5338f09e-864f-4abb-bf7d-13ce7f7e1892,3895074,Victor Okoh Boniface,Bayer Leverkusen,2,84,21,68-90+,0,0,"[103.5, 34.6]",24.82018991387775,17.36116355547634,1,14.024399241593455,0.1329988489552372,2,5,0.4,False,1,4,0.25,True,0.2478038635578157,0.1329988440149937,0.1329988489552372,1,0,0,,,,0.1329988489552372,,,0.1329988489552372,True,Off T,0.117368564,0.0
e60bd19e-3e61-4b34-82f6-77046e0a643f,3895074,Victor Okoh Boniface,Bayer Leverkusen,2,87,10,68-90+,-1,-1,"[108.8, 35.2]",34.07160980739419,12.185236969382256,2,9.256872352958416,0.108823269127287,5,6,0.8333333333333334,False,3,4,0.75,False,0.4779793237370325,0.1163089748742704,0.1163089748742704,2,2,1,0.0,0.982547490913071,-0.982547490913071,0.108823269127287,0.1069240550287247,0.982547490913071,0.0018992140985622,False,Off T,0.24694893,0.0018992140985623074
3f2ab42d-6012-4d8d-be29-bf09dd10ef74,3895074,Exequiel Alejandro Palacios,Bayer Leverkusen,2,93,46,68-90+,-1,-1,"[108.1, 40.1]",37.15634507564838,11.900420160649796,1,10.41055055519672,0.2038326076863015,1,4,0.25,True,1,4,0.25,True,0.2038325841622598,0.2038325841622598,0.2038326076863015,0,0,0,,,,0.2038326076863015,,,0.2038326076863015,True,Goal,0.7835,0.0
14f4ee20-90ef-4221-a07d-24b00db16885,3895139,Victor Okoh Boniface,Bayer Leverkusen,1,8,44,0-23,0,0,"[93.9, 35.2]",16.8766500612875,26.537709019431198,1,22.64430744584466,0.0645263762111688,3,7,0.4285714285714285,False,3,7,0.4285714285714285,False,0.0810497429475162,0.0810497429475162,0.0810497429475162,0,2,1,0.0,0.982547490913071,-0.982547490913071,0.0645263762111688,0.0634002372742866,0.982547490913071,0.0011261389368821,False,Wayward,0.038663615,0.0011261389368821956
8d6a08b1-8af4-4268-a9e9-15bfb8f1eb6f,3895139,Victor Okoh Boniface,Bayer Leverkusen,1,10,47,0-23,0,0,"[101.7, 40.9]",24.604431630582752,18.32211778152296,1,14.818008503499884,0.123345785539008,2,4,0.5,False,1,3,0.3333333333333333,True,0.1602105107589705,0.123345755418563,0.123345785539008,1,0,0,,,,0.123345785539008,,,0.123345785539008,True,Off T,0.12989874,0.0
b25cbbfb-18c1-4626-80be-243bae5dd40c,3895139,Jonathan Tah,Bayer Leverkusen,1,15,4,0-23,0,0,"[113.5, 47.7]",31.295532393347248,10.076705810928493,2,1.6800563266094697,0.1060098016826251,6,9,0.6666666666666666,False,6,8,0.75,False,0.5820118339802307,0.5820118339802307,0.5820118339802307,0,5,1,0.0,0.0,0.0,0.1060098016826251,0.0,0.0,0.1060098016826251,False,Blocked,0.054101896,0.1060098016826251
26249219-1aaa-403d-9971-85039ac34c21,3895139,Alejandro Grimaldo García,Bayer Leverkusen,1,22,24,0-23,0,0,"[101.9, 22.7]",13.33458011900371,25.03797116381437,2,8.427157854600496,0.0387546984279141,6,8,0.75,False,5,7,0.7142857142857143,False,0.446391053982099,0.3716153539665908,0.3716153539665908,1,4,1,0.0,0.982547490913071,-0.982547490913071,0.0387546984279141,0.0380783363119847,0.982547490913071,0.0006763621159294,False,Goal,0.02085993,0.0006763621159293978
be933b6b-1652-4653-9ad8-a0df5b72be37,3895139,Jeremie Frimpong,Bayer Leverkusen,1,25,32,23-45+,1,+1,"[112.5, 45.8]",39.07721535974761,9.48103369891701,1,6.278221436921595,0.2411840347026758,3,5,0.6,False,3,5,0.6,False,0.2484077395897258,0.2484077395897258,0.2484077395897258,0,2,1,0.0,0.0,0.0,0.2411840347026758,0.0,0.0,0.2411840347026758,False,Saved,0.36149883,0.2411840347026758
a3e2798c-f550-4f03-a9f1-791ef44d42e6,3895139,Victor Okoh Boniface,Bayer Leverkusen,1,29,33,23-45+,1,+1,"[112.8, 37.1]",52.46747934610534,7.762087348130014,1,5.520536062708135,0.2743299446472654,2,5,0.4,False,2,5,0.4,False,0.2743299874193016,0.2743299874193016,0.2743299874193016,0,1,1,0.0,0.982547490913071,-0.982547490913071,0.2743299446472654,0.2695422408210491,0.982547490913071,0.0047877038262162,False,Saved,0.1880658,0.004787703826216294
0002e561-40cf-401a-a298-61f1cce6a57c,3895139,Florian Wirtz,Bayer Leverkusen,1,44,11,23-45+,1,+1,"[103.9, 37.4]",27.26032321230407,16.30858669535775,1,13.827851737521115,0.1446245708300255,3,5,0.6,False,3,5,0.6,False,0.1772954204967638,0.1772954204967638,0.1772954204967638,0,2,1,0.0,0.982547490913071,-0.982547490913071,0.1446245708300255,0.1421005285654396,0.982547490913071,0.0025240422645859,False,Saved,0.15075712,0.002524042264585913
22faaec3-8a07-46eb-ae8c-fd5bddfaa545,3895139,Granit Xhaka,Bayer Leverkusen,2,49,18,45-68,1,+1,"[92.6, 46.9]",15.651508894313622,28.25544195371929,3,8.394231687540017,0.0164391905600754,6,8,0.75,False,6,8,0.75,False,0.1482862948454707,0.1482862948454707,0.1482862948454707,0,5,0,,,,0.0164391905600754,,,0.0164391905600754,True,Blocked,0.025693294,0.0
da7c4816-2e4a-4354-b806-7333e134e0c2,3895139,Odilon Kossonou,Bayer Leverkusen,2,56,20,45-68,1,+1,"[114.7, 44.8]",50.35696969017609,7.150524456289898,2,4.539254427373864,0.1556473893591959,4,9,0.4444444444444444,False,4,9,0.4444444444444444,False,0.6658300195757809,0.6658300195757809,0.6658300195757809,0,3,0,,,,0.1556473893591959,,,0.1556473893591959,True,Goal,0.12228728,0.0
35acdbdc-91a9-4e10-b9ca-8525154a5c3b,3895139,Jeremie Frimpong,Bayer Leverkusen,2,57,41,45-68,2,+2+,"[113.3, 47.8]",30.85188206990065,10.282509421342631,1,2.61030668433518,0.2068338525709785,3,6,0.5,False,2,5,0.4,False,0.3483878851405296,0.3483878851405296,0.3483878851405296,1,1,0,,,,0.2068338525709785,,,0.2068338525709785,True,Saved,0.18264069,0.0
1188b456-fcd1-409e-b2eb-3f2cdbc6bd92,3895139,Victor Okoh Boniface,Bayer Leverkusen,2,61,15,45-68,2,+2+,"[108.1, 39.1]",36.98140733779349,11.933985084622828,1,9.082456611123956,0.2021470745166715,1,6,0.1666666666666666,True,1,6,0.1666666666666666,True,0.2021470494833087,0.2021470494833087,0.2021470745166715,0,0,0,,,,0.2021470745166715,,,0.2021470745166715,True,Blocked,0.042420026,0.0
14f03914-07c6-4c95-b877-970da010ce39,3895139,Florian Wirtz,Bayer Leverkusen,2,65,44,45-68,2,+2+,"[97.3, 30.9]",17.32655835915125,24.456083087853624,1,21.55731942975637,0.0761506373734301,4,6,0.6666666666666666,False,4,6,0.6666666666666666,False,0.1318419658314867,0.1318419658314867,0.1318419658314867,0,3,1,0.0,0.982547490913071,-0.982547490913071,0.0761506373734301,0.0748216336146879,0.982547490913071,0.0013290037587421,False,Saved,0.028427424,0.0013290037587422032
4bf2258f-145f-43f2-b6ab-e05dac919b30,3895139,Jonas Hofmann,Bayer Leverkusen,2,70,45,68-90+,2,+2+,"[96.7, 50.5]",16.30722572653394,25.55660384323394,2,14.114342088837487,0.0378975703716967,5,9,0.5555555555555556,False,5,9,0.5555555555555556,False,0.3781437753975084,0.3781437753975084,0.3781437753975084,0,4,0,,,,0.0378975703716967,,,0.0378975703716967,True,Blocked,0.02942759,0.0
fbf1482f-e9d6-48ee-928d-9c0f1465c514,3895139,Florian Wirtz,Bayer Leverkusen,2,70,46,68-90+,2,+2+,"[111.3, 40.4]",49.30730840741761,8.709190547921205,1,5.994874186167945,0.2557745433224963,2,8,0.25,False,1,7,0.1428571428571428,True,0.2557745949277101,0.2320638427452084,0.2557745433224963,1,0,0,,,,0.2557745433224963,,,0.2557745433224963,True,Off T,0.34232774,0.0
7ee1b993-b077-4b24-a347-eccea5858827,3895139,Nathan Tella,Bayer Leverkusen,2,82,34,68-90+,3,+2+,"[108.4, 54.8]",15.369939750778016,18.80425483766905,1,11.28079221094568,0.1176785070115811,4,6,0.6666666666666666,False,4,6,0.6666666666666666,False,0.2992897803973084,0.2992897803973084,0.2992897803973084,0,3,1,0.0,0.982547490913071,-0.982547490913071,0.1176785070115811,0.1156247354858772,0.982547490913071,0.0020537715257039,False,Goal,0.06197454,0.002053771525703893
03a2f791-a051-4666-b9e0-347460161b53,3895139,Amine Adli,Bayer Leverkusen,2,84,16,68-90+,4,+2+,"[108.0, 56.0]",14.036243467926456,20.0,1,14.812408973667134,0.1078510268220165,2,3,0.6666666666666666,False,2,3,0.6666666666666666,False,0.3147742726392272,0.3147742726392272,0.3147742726392272,0,1,0,,,,0.1078510268220165,,,0.1078510268220165,True,Saved,0.053452987,0.0
aca80b04-2892-4c4f-888e-df76c7567817,3895086,Victor Okoh Boniface,Bayer Leverkusen,1,4,28,0-23,0,0,"[104.1, 28.5]",19.016993541402005,19.62294575235839,1,13.047399596659544,0.1107485336716028,3,8,0.375,False,3,8,0.375,False,0.3195968224189044,0.3195968224189044,0.3195968224189044,0,2,0,,,,0.1107485336716028,,,0.1107485336716028,True,Blocked,0.05826242,0.0
bb89db40-cc3f-4041-bb40-f2dd98ec5ef4,3895086,Victor Okoh Boniface,Bayer Leverkusen,1,5,4,0-23,0,0,"[110.0, 39.7]",43.5721785200174,10.004498987955367,3,1.9602713926352888,0.0605422810738575,8,10,0.8,False,8,10,0.8,False,0.3080035795474607,0.3080035795474607,0.3080035795474607,0,7,1,0.0,0.0,0.0,0.0605422810738575,0.0,0.0,0.0605422810738575,False,Blocked,0.0978509,0.0605422810738575
9ae80932-88a0-46c4-906a-d92d4999f5a3,3895086,Victor Okoh Boniface,Bayer Leverkusen,1,5,28,0-23,0,0,"[91.0, 40.7]",15.697763087107203,29.00844704564517,2,5.643564689655507,0.0275555047901178,4,9,0.4444444444444444,False,4,9,0.4444444444444444,False,0.1049012100149056,0.1049012100149056,0.1049012100149056,0,3,0,,,,0.0275555047901178,,,0.0275555047901178,True,Off T,0.026264055,0.0
74bd4e36-7331-453b-a774-836d5d02f062,3895086,Victor Okoh Boniface,Bayer Leverkusen,1,8,32,0-23,0,0,"[107.2, 41.6]",34.24903300681196,12.899612397277677,1,6.964009874219707,0.1846289462007838,2,7,0.2857142857142857,False,2,7,0.2857142857142857,False,0.2286402426461021,0.2286402426461021,0.2286402426461021,0,1,0,,,,0.1846289462007838,,,0.1846289462007838,True,Goal,0.42268023,0.0
57a1ff08-7356-4f00-bbef-dedd3511820f,3895086,Jeremie Frimpong,Bayer Leverkusen,1,24,41,23-45+,1,+1,"[110.4, 55.0]",14.306302109367168,17.808986495586993,1,12.509187382168086,0.1278758487715535,5,6,0.8333333333333334,False,4,5,0.8,False,0.3503139980036368,0.3503139980036368,0.3503139980036368,1,3,0,,,,0.1278758487715535,,,0.1278758487715535,True,Saved,0.06051533,0.0
5d6a2340-6590-4fe1-9c4a-50231981c1a3,3895086,Jonas Hofmann,Bayer Leverkusen,1,29,22,23-45+,1,+1,"[108.2, 51.7]",19.945605469046956,16.61715980545412,1,10.32952767562068,0.1397225339247303,2,8,0.25,False,2,8,0.25,False,0.1676277914454874,0.1676277914454874,0.1676277914454874,0,1,0,,,,0.1397225339247303,,,0.1397225339247303,True,Off T,0.11351574,0.0
db3c376e-5207-4397-9d26-ed33a83fa345,3895086,Florian Wirtz,Bayer Leverkusen,1,34,2,23-45+,1,+1,"[98.3, 48.8]",18.061846636624782,23.41644721130855,1,17.297207671911778,0.0823776681227297,3,7,0.4285714285714285,False,2,6,0.3333333333333333,False,0.0963044086849422,0.0823776883064223,0.0823776883064223,1,1,1,0.0,0.982547490913071,-0.982547490913071,0.0823776681227297,0.0809399909526942,0.982547490913071,0.0014376771700354,False,Blocked,0.073264666,0.0014376771700354979
fcfa19a3-f42f-4dea-b980-b3dd0ae90bf3,3895086,Jonas Hofmann,Bayer Leverkusen,1,34,6,23-45+,1,+1,"[104.4, 59.9]",11.321067649205345,25.28576674732249,2,4.038032880949907,0.0360835039188139,4,7,0.5714285714285714,False,4,7,0.5714285714285714,False,0.4028332169332689,0.4028332169332689,0.4028332169332689,0,3,0,,,,0.0360835039188139,,,0.0360835039188139,True,Saved,0.008728461,0.0
4d169b29-d271-42b3-bf7f-70dca093dbbe,3895086,Florian Wirtz,Bayer Leverkusen,1,38,21,23-45+,1,+1,"[104.7, 37.6]",28.66960598808327,15.487091398968364,2,5.428039317794958,0.0810524546439078,4,6,0.6666666666666666,False,3,5,0.6,False,0.3681760283613556,0.2339425732472849,0.2339425732472849,1,2,0,,,,0.0810524546439078,,,0.0810524546439078,True,Blocked,0.16586962,0.0
374675b7-0c6f-48ab-8051-9b28007f7db1,3895086,Victor Okoh Boniface,Bayer Leverkusen,1,44,41,23-45+,1,+1,"[109.5, 32.0]",27.95961679471202,13.200378782444083,1,8.207069709281633,0.1818144222532284,3,9,0.3333333333333333,False,3,9,0.3333333333333333,False,0.4576016636850632,0.4576016636850632,0.4576016636850632,0,2,0,,,,0.1818144222532284,,,0.1818144222532284,True,Saved,0.34251815,0.0
0ef3a93b-18c2-4b26-8ff5-6adf8579c4b1,3895086,Jeremie Frimpong,Bayer Leverkusen,1,44,47,23-45+,1,+1,"[110.3, 42.7]",42.26700798378079,10.068763578513504,1,6.906146125404876,0.2314432653753524,3,8,0.375,False,3,7,0.4285714285714285,False,0.6092064545367388,0.6092064545367388,0.6092064545367388,0,2,1,0.0,0.982547490913071,-0.982547490913071,0.2314432653753524,0.2274040444050534,0.982547490913071,0.004039220970299,False,Wayward,0.11592275,0.00403922097029899
477a80b8-2b1b-401d-96d8-5115b5be49ad,3895086,Victor Okoh Boniface,Bayer Leverkusen,1,44,48,23-45+,1,+1,"[116.3, 36.9]",76.14608138845146,4.827007354458871,1,2.072728805861205,0.3075422195674708,1,8,0.125,True,1,7,0.1428571428571428,True,0.3075422084638382,0.3075422084638382,0.3075422195674708,0,0,0,,,,0.3075422195674708,,,0.3075422195674708,True,Saved,0.57920086,0.0
9a7af02b-ef2b-41a2-b2fe-0c033342cef8,3895086,Jonas Hofmann,Bayer Leverkusen,1,44,55,23-45+,1,+1,"[108.1, 53.0]",17.90767141570655,17.624131184259838,1,10.995443014736429,0.1292109160357523,4,6,0.6666666666666666,False,4,6,0.6666666666666666,False,0.201094425394722,0.201094425394722,0.201094425394722,0,3,0,,,,0.1292109160357523,,,0.1292109160357523,True,Blocked,0.078303285,0.0
f7a1cf4b-6c87-4bbe-9762-25dc35645490,3895086,Florian Wirtz,Bayer Leverkusen,2,56,14,45-68,1,+1,"[95.7, 37.1]",18.443794859521944,24.4724334711528,2,4.152965567790632,0.0386151191084958,6,7,0.8571428571428571,False,6,7,0.8571428571428571,False,0.1242831116937752,0.1242831116937752,0.1242831116937752,0,5,0,,,,0.0386151191084958,,,0.0386151191084958,True,Saved,0.034799267,0.0
7fa0c22a-17d7-4517-964b-6bae5555f56d,3895086,Victor Okoh Boniface,Bayer Leverkusen,2,56,39,45-68,1,+1,"[106.3, 30.0]",21.969194321191768,16.961426826773746,1,9.145777078974566,0.1352473197777549,5,8,0.625,False,4,7,0.5714285714285714,False,0.2825104747579546,0.2825104747579546,0.2825104747579546,1,3,0,,,,0.1352473197777549,,,0.1352473197777549,True,Off T,0.09087387,0.0
052bab71-4157-4598-99c6-b4d22f13e110,3895086,Jonas Hofmann,Bayer Leverkusen,2,62,9,45-68,0,0,"[103.8, 37.8]",27.282842295898146,16.34870025414865,1,5.239533781652408,0.1374852430884152,3,6,0.5,False,2,5,0.4,False,0.1385556869853758,0.1385556869853758,0.1385556869853758,1,1,0,,,,0.1374852430884152,,,0.1374852430884152,True,Goal,0.40078562,0.0
47f57094-415a-48b6-81c9-327493fcb4a5,3895086,Alejandro Grimaldo García,Bayer Leverkusen,2,72,0,68-90+,1,+1,"[107.5, 37.9]",34.655178492134354,12.675172582651488,3,6.753497360886768,0.0565153849488219,6,6,1.0,False,5,5,1.0,False,0.4210119331814932,0.3219692469830388,0.3219692469830388,1,4,1,0.0,0.982547490913071,-0.982547490913071,0.0565153849488219,0.0555290508283955,0.982547490913071,0.0009863341204263,False,Saved,0.10766188,0.0009863341204263965
d6ce0839-87f8-48c0-9121-87e2d1032310,3895086,Victor Okoh Boniface,Bayer Leverkusen,2,73,58,68-90+,1,+1,"[108.1, 40.1]",37.15634507564838,11.900420160649796,1,11.052155579142012,0.2042877688120547,1,6,0.1666666666666666,True,1,6,0.1666666666666666,True,0.204287745106737,0.204287745106737,0.2042877688120547,0,0,0,,,,0.2042877688120547,,,0.2042877688120547,True,Goal,0.7835,0.0
3d197463-15e7-4534-941b-998d61b05b41,3895086,Victor Okoh Boniface,Bayer Leverkusen,2,76,15,68-90+,2,+2+,"[99.0, 42.1]",21.367150843710693,21.10473880435387,2,4.476250802013665,0.0509077757350677,4,5,0.8,False,4,5,0.8,False,0.0998592047174055,0.0998592047174055,0.0998592047174055,0,3,1,0.0,0.982547490913071,-0.982547490913071,0.0509077757350677,0.0500193075262051,0.982547490913071,0.0008884682088626,False,Post,0.0521231,0.0008884682088625973
00cdf1f5-0fe3-4af6-b303-5d3742c4747b,3895086,Amine Adli,Bayer Leverkusen,2,81,58,68-90+,2,+2+,"[107.6, 25.1]",15.415220662677193,19.38478785027064,1,8.889238385395753,0.1112715956285125,1,2,0.5,True,1,2,0.5,True,0.1112715899227955,0.1112715899227955,0.1112715956285125,0,0,0,,,,0.1112715956285125,,,0.1112715956285125,True,Goal,0.06466207,0.0
dc0ac988-3f23-4b8e-be6f-1342dc6679c3,3895320,Robert Andrich,Bayer Leverkusen,1,5,5,0-23,0,0,"[89.1, 40.0]",14.751823737787666,30.90000000000001,1,28.34853750426547,0.0456792982826191,2,8,0.25,False,2,7,0.2857142857142857,False,0.0927012410115969,0.0927012410115969,0.0927012410115969,0,1,0,,,,0.0456792982826191,,,0.0456792982826191,True,Off T,0.027028669,0.0
36015584-f450-4dc3-85b1-dca672169d80,3895320,Jeremie Frimpong,Bayer Leverkusen,1,7,13,0-23,0,0,"[109.4, 50.5]",22.314968678374544,14.920120642943871,1,8.597224282934445,0.1587957813735203,4,7,0.5714285714285714,False,3,6,0.5,False,0.1758184223780395,0.1758184223780395,0.1758184223780395,1,2,0,,,,0.1587957813735203,,,0.1587957813735203,True,Off T,0.22501284,0.0
ada34db0-2814-449f-9d43-3e47f9452fba,3895320,Patrik Schick,Bayer Leverkusen,1,19,14,0-23,0,0,"[98.9, 38.1]",21.305806598095405,21.18537231204587,2,6.799539451132337,0.052148633630709,5,8,0.625,False,4,7,0.5714285714285714,False,0.3048087465509776,0.1066043642099625,0.1066043642099625,1,3,1,0.0,0.982547490913071,-0.982547490913071,0.052148633630709,0.0512385142542795,0.982547490913071,0.0009101193764294,False,Blocked,0.07205808,0.0009101193764294996
114ea3d5-b95a-4069-b461-c8eef8f45645,3895320,Patrik Schick,Bayer Leverkusen,1,23,42,23-45+,0,0,"[95.3, 49.4]",16.148110023152533,26.42820463065927,1,20.482566105781093,0.0649728899662263,2,5,0.4,False,2,5,0.4,False,0.0649729018314094,0.0649729018314094,0.0649729018314094,0,1,1,0.0,0.982547490913071,-0.982547490913071,0.0649728899662263,0.0638389616717926,0.982547490913071,0.0011339282944336,False,Wayward,0.027360361,0.001133928294433706
c926cc03-a6cf-486a-a7a4-0842ba9bf21e,3895320,Alejandro Grimaldo García,Bayer Leverkusen,1,28,35,23-45+,0,0,"[110.0, 30.5]",24.6603508900418,13.793114224133722,0,inf,0.3317249431519397,1,7,0.1428571428571428,True,1,7,0.1428571428571428,True,0.3317249431519397,0.3317249431519397,0.3317249431519397,0,0,0,,,,0.3317249431519397,,,0.3317249431519397,True,Saved,0.29306918,0.0
1fdcee24-c37c-4e31-b1de-6f62e9fafc4b,3895320,Patrik Schick,Bayer Leverkusen,1,28,36,23-45+,0,0,"[108.0, 37.0]",35.020078854255445,12.36931687685298,1,9.351814244342007,0.1954759745607509,2,7,0.2857142857142857,False,2,7,0.2857142857142857,False,0.3648042562299488,0.3648042562299488,0.3648042562299488,0,1,0,,,,0.1954759745607509,,,0.1954759745607509,True,Off T,0.31083485,0.0
ec11ccd2-e976-4b5e-be7b-958599a7a146,3895320,Robert Andrich,Bayer Leverkusen,1,44,18,23-45+,0,0,"[91.8, 55.3]",12.551196424896066,32.08317315977333,1,28.216968874501266,0.041551164987947,5,11,0.4545454545454545,False,5,11,0.4545454545454545,False,0.1027029003376053,0.1027029003376053,0.1027029003376053,0,4,1,0.0,0.982547490913071,-0.982547490913071,0.041551164987947,0.0408260027898886,0.982547490913071,0.0007251621980584,False,Saved,0.011808117,0.0007251621980583975
77d729d7-8cde-43cf-aedc-e71c4139f936,3895320,Robert Andrich,Bayer Leverkusen,1,46,49,23-45+,0,0,"[96.1, 29.1]",15.837107237987292,26.2682317638626,2,10.25791218711472,0.035420914406509,9,12,0.75,False,8,11,0.7272727272727273,False,0.2786895887863991,0.2638417865311354,0.2638417865311354,1,7,0,,,,0.035420914406509,,,0.035420914406509,True,Off T,0.06304603,0.0
1c715553-ddc6-47ca-8cd3-b47a22b98998,3895320,Amine Adli,Bayer Leverkusen,2,60,57,45-68,-2,-2+,"[103.4, 27.9]",18.113840287514165,20.54190838262112,2,3.424357471823166,0.0518104762832304,6,9,0.6666666666666666,False,4,7,0.5714285714285714,False,0.3528221893238426,0.3528221893238426,0.3528221893238426,2,3,1,0.0,0.982547490913071,-0.982547490913071,0.0518104762832304,0.0509062555035665,0.982547490913071,0.0009042207796638,False,Goal,0.060058244,0.0009042207796639001
c41b4539-631d-46a9-bf7b-969c0a8a06a3,3895320,Amine Adli,Bayer Leverkusen,2,64,47,45-68,-1,-1,"[102.2, 44.7]",23.79567750888937,18.410051602317683,2,7.121541539088919,0.0652863863684946,5,10,0.5,False,3,8,0.375,False,0.2355714771657539,0.1445935490277013,0.1445935490277013,2,2,0,,,,0.0652863863684946,,,0.0652863863684946,True,Saved,0.056869425,0.0
8ce85e91-7595-4105-b1b9-fbef9a514cbb,3895320,Jonas Hofmann,Bayer Leverkusen,2,64,49,45-68,-1,-1,"[110.8, 45.7]",36.04623364231068,10.822661410207754,1,8.028707858307044,0.2196688420117255,2,10,0.2,False,1,9,0.1111111111111111,True,0.2196688773305313,0.1985069207253165,0.2196688420117255,1,0,0,,,,0.2196688420117255,,,0.2196688420117255,True,Saved,0.19331166,0.0
469fb32d-eee2-42ac-a5f7-f41fce3ab06a,3895320,Edmond Fayçal Tapsoba,Bayer Leverkusen,2,66,34,45-68,-1,-1,"[101.1, 51.1]",18.033559215884704,21.9184853491294,4,8.229680647817379,0.0149643677507374,5,6,0.8333333333333334,False,5,6,0.8333333333333334,False,0.4531188900376204,0.4531188900376204,0.4531188900376204,0,4,0,,,,0.0149643677507374,,,0.0149643677507374,True,Off T,0.034692705,0.0
c9c21a0c-8bf4-4ac5-9751-191b24ff6492,3895320,Alejandro Grimaldo García,Bayer Leverkusen,2,70,32,68-90+,-1,-1,"[94.2, 47.0]",16.458780556679642,26.732751448363857,3,10.3752584304409,0.0187385313991893,7,10,0.7,False,7,10,0.7,False,0.1581449726944526,0.1581449726944526,0.1581449726944526,0,6,0,,,,0.0187385313991893,,,0.0187385313991893,True,Off T,0.06547359,0.0
815b0d8f-5e2f-4186-975e-1d6b3034e4ce,3895320,Robert Andrich,Bayer Leverkusen,2,95,59,68-90+,-1,-1,"[110.4, 39.9]",45.235968732500496,9.600520819205586,4,4.923621978148628,0.0388020316738976,6,11,0.5454545454545454,False,5,10,0.5,False,0.5726808152229421,0.1634303174946389,0.1634303174946389,1,4,1,0.0,0.982547490913071,-0.982547490913071,0.0388020316738976,0.0381248427065663,0.982547490913071,0.0006771889673313,False,Goal,0.2119004,0.0006771889673313006
cb5393d7-7266-47d9-8f01-6f5b2e29f18b,3895309,Jeremie Frimpong,Bayer Leverkusen,1,0,17,0-23,0,0,"[113.9, 58.3]",7.803216739771616,19.28989372702711,1,13.966452312383025,0.1139686856210688,4,6,0.6666666666666666,False,4,6,0.6666666666666666,False,0.2532648687076553,0.2532648687076553,0.2532648687076553,0,3,1,0.0,0.982547490913071,-0.982547490913071,0.1139686856210688,0.1119796566158167,0.982547490913071,0.001989029005252,False,Off T,0.0075281602,0.0019890290052520937
8dd06075-7ff3-451c-b6b8-1c7303b93a7a,3895309,Jeremie Frimpong,Bayer Leverkusen,1,7,20,0-23,0,0,"[113.5, 40.7]",62.78637813467265,6.5375836514724615,1,4.927674982605426,0.2999375846961783,1,7,0.1428571428571428,True,1,7,0.1428571428571428,True,0.2999375846053794,0.2999375846053794,0.2999375846961783,0,0,0,,,,0.2999375846961783,,,0.2999375846961783,True,Off T,0.27050674,0.0
ae41d0bf-149b-47ec-9d30-59ffe0585f84,3895309,Jonas Hofmann,Bayer Leverkusen,1,13,13,0-23,0,0,"[93.9, 51.0]",14.873161146634349,28.323311953230323,2,2.742603246525023,0.0270055793939908,6,6,1.0,False,6,6,1.0,False,0.1184885417642659,0.1184885417642659,0.1184885417642659,0,5,1,0.0,0.982547490913071,-0.982547490913071,0.0270055793939908,0.0265342651928706,0.982547490913071,0.0004713142011201,False,Off T,0.017508581,0.0004713142011202008
6d6b9bdf-4012-44eb-a865-f50a0756ac6a,3895309,Nathan Tella,Bayer Leverkusen,1,20,26,0-23,0,0,"[112.1, 34.3]",38.695214261950426,9.741663102366047,2,1.4927977713783849,0.1056856360908525,6,9,0.6666666666666666,False,5,8,0.625,False,0.5149996083554688,0.5149996083554688,0.5149996083554688,1,4,1,0.0,0.982547490913071,-0.982547490913071,0.1056856360908525,0.1038411743295407,0.982547490913071,0.0018444617613118,False,Wayward,0.06545268,0.0018444617613118108
ca418807-ef27-44e8-8bac-fb8d7363c7a3,3895309,Alejandro Grimaldo García,Bayer Leverkusen,1,35,4,23-45+,0,0,"[94.2, 31.1]",15.811370930138446,27.29194020219156,2,4.133135117502095,0.0308032815515779,4,6,0.6666666666666666,False,4,6,0.6666666666666666,False,0.2611216619873577,0.2611216619873577,0.2611216619873577,0,3,0,,,,0.0308032815515779,,,0.0308032815515779,True,Off T,0.026485367,0.0
d0f1337b-e701-40c7-b79f-93fdb139fca8,3895309,Alejandro Grimaldo García,Bayer Leverkusen,1,37,59,23-45+,0,0,"[95.6, 48.6]",16.635178069071355,25.871219530590363,1,25.34904965416628,0.0681886434236176,6,11,0.5454545454545454,False,6,11,0.5454545454545454,False,0.157765478874309,0.157765478874309,0.157765478874309,0,5,0,,,,0.0681886434236176,,,0.0681886434236176,True,Off T,0.067027844,0.0
eabd44ea-9133-4a5e-8ac7-563b30de1ffe,3895309,Nathan Tella,Bayer Leverkusen,1,42,56,23-45+,0,0,"[105.1, 28.9]",19.903696480649216,18.58009687811127,2,12.399458381967795,0.0659626092622127,2,9,0.2222222222222222,False,2,9,0.2222222222222222,False,0.1192022443949423,0.1192022443949423,0.1192022443949423,0,1,0,,,,0.0659626092622127,,,0.0659626092622127,True,Wayward,0.037061095,0.0
cd1b1b5f-4444-4fba-8a0e-0990fdda83a7,3895309,Nathan Tella,Bayer Leverkusen,2,53,36,45-68,0,0,"[95.4, 26.0]",14.071265333682812,28.304769916040648,1,25.194315674494845,0.0561202712472387,3,8,0.375,False,3,8,0.375,False,0.2547539355738786,0.2547539355738786,0.2547539355738786,0,2,1,0.0,0.982547490913071,-0.982547490913071,0.0561202712472387,0.0551408375069585,0.982547490913071,0.0009794337402802,False,Off T,0.031657387,0.0009794337402802
e6985eba-993d-4164-ad9e-5cee358f8916,3895309,Alejandro Grimaldo García,Bayer Leverkusen,2,56,25,45-68,0,0,"[113.5, 65.7]",4.330177245950203,26.50924367084056,2,10.934593919672526,0.0348284519384063,8,9,0.8888888888888888,False,8,9,0.8888888888888888,False,0.3514431968418031,0.3514431968418031,0.3514431968418031,0,7,1,0.0,0.982547490913071,-0.982547490913071,0.0348284519384063,0.0342206158251963,0.982547490913071,0.00060783611321,False,Saved,0.008364713,0.0006078361132099974
bf52cf72-7765-4da6-8ac0-38d2fa7b68ee,3895309,Nathan Tella,Bayer Leverkusen,2,67,47,45-68,0,0,"[115.3, 36.8]",66.52428352972343,5.685947590331804,2,2.82074533357626,0.1658482112457634,4,5,0.8,False,4,5,0.8,False,0.1754775064227446,0.1754775064227446,0.1754775064227446,0,3,1,0.0,0.982547490913071,-0.982547490913071,0.1658482112457634,0.162953760867695,0.982547490913071,0.0028944503780683,False,Saved,0.66548026,0.0028944503780684028
4da1beec-972a-4986-8720-da71780eceb4,3895309,Jeremie Frimpong,Bayer Leverkusen,2,74,55,68-90+,0,0,"[93.1, 40.5]",16.91005424744031,26.90464643885885,3,11.373352223828704,0.0185452489325143,8,11,0.7272727272727273,False,7,10,0.7,False,0.2458872037001173,0.2019352834691119,0.2019352834691119,1,6,0,,,,0.0185452489325143,,,0.0185452489325143,True,Off T,0.014592174,0.0
e3c2d7a0-01a0-4e36-b443-91a5476b598a,3895309,Alejandro Grimaldo García,Bayer Leverkusen,2,96,10,68-90+,-1,-1,"[90.5, 36.3]",15.21142898541294,29.73112846832424,1,28.807847925711368,0.0501681265761281,7,11,0.6363636363636364,False,6,10,0.6,False,0.137517193522705,0.1257294120221247,0.1257294120221247,1,5,0,,,,0.0501681265761281,,,0.0501681265761281,True,Saved Off Target,0.035902303,0.0
6333f948-763d-442d-9a16-b14d1c6aeb0d,3895309,Josip Stanišić,Bayer Leverkusen,2,96,52,68-90+,-1,-1,"[115.5, 34.8]",49.00391874357667,6.87677249878168,0,inf,0.5768680047537595,1,10,0.1,True,1,10,0.1,True,0.5768679781296432,0.5768679781296432,0.5768680047537595,0,0,0,,,,0.5768680047537595,,,0.5768680047537595,True,Goal,0.11654504,0.0
df860089-0e1c-4262-9f27-c30e8511f4a0,3895258,Jonas Hofmann,Bayer Leverkusen,1,2,59,0-23,0,0,"[102.9, 43.8]",25.189738210415303,17.51713446885648,2,9.02417120955564,0.0709559400198014,6,7,0.8571428571428571,False,5,6,0.8333333333333334,False,0.2660603248710704,0.2660603248710704,0.2660603248710704,1,4,1,0.0,0.982547490913071,-0.982547490913071,0.0709559400198014,0.0697175895002712,0.982547490913071,0.0012383505195301,False,Off T,0.09465459,0.0012383505195302097
7d827fcc-5473-49e5-ad82-3ce7b969c17b,3895258,Alejandro Grimaldo García,Bayer Leverkusen,1,21,36,0-23,0,0,"[93.0, 32.7]",15.741956272928345,27.969447616998085,5,11.24659456604078,0.0051275765899901,10,11,0.9090909090909092,False,10,11,0.9090909090909092,False,0.1625620374375498,0.1625620374375498,0.1625620374375498,0,9,2,0.2006779475864099,0.9893640563924906,-0.7886861088060807,0.0051275765899901,0.0486884654511418,0.9893640563924906,-0.0435608888611517,False,Off T,0.053792328,-0.0435608888611517
69077479-a638-4838-b54c-8e918a5350ad,3895258,Jeremie Frimpong,Bayer Leverkusen,1,24,33,23-45+,0,0,"[104.4, 50.2]",20.635580557825392,18.63866948041088,1,15.648107567181713,0.1204337156609744,3,8,0.375,False,3,8,0.375,False,0.224642451781559,0.224642451781559,0.224642451781559,0,2,1,0.0,0.982547490913071,-0.982547490913071,0.1204337156609744,0.1183318531256516,0.982547490913071,0.0021018625353227,False,Blocked,0.04683825,0.002101862535322796
3c231f08-f99b-48c6-b5bd-684f31a4ee14,3895258,Alejandro Grimaldo García,Bayer Leverkusen,1,30,58,23-45+,0,0,"[99.6, 21.4]",12.33807960780326,27.606520968785624,3,11.256067056915573,0.0175262053682541,10,11,0.9090909090909092,False,10,11,0.9090909090909092,False,0.2397918399510344,0.2397918399510344,0.2397918399510344,0,9,1,0.0002183013822122,0.9912737485533348,-0.9910554471711226,0.0175262053682541,0.0288818703561558,0.9912737485533348,-0.0113556649879017,False,Off T,0.012014611,-0.0113556649879017
54b69050-a308-4011-8cb5-e0f5d1ef5413,3895258,Florian Wirtz,Bayer Leverkusen,1,36,30,23-45+,0,0,"[115.3, 26.2]",10.830911045895848,14.578408692309324,0,inf,0.3115259320120636,2,8,0.25,False,1,7,0.1428571428571428,True,0.3115259745309334,0.2272459378830007,0.3115259320120636,1,0,0,,,,0.3115259320120636,,,0.3115259320120636,True,Saved,0.025314098,0.0
f466b13f-5057-408a-aeb1-a222d128ba22,3895258,Patrik Schick,Bayer Leverkusen,1,36,52,23-45+,0,0,"[113.1, 34.2]",40.2304533541764,9.013878188659977,2,3.128364684981571,0.1288672356209149,3,10,0.3,False,3,10,0.3,False,0.2429024059431821,0.2429024059431821,0.2429024059431821,0,2,0,,,,0.1288672356209149,,,0.1288672356209149,True,Blocked,0.06703878,0.0
95c4ead2-38ea-4a5e-a973-d705a0552b18,3895258,Jeremie Frimpong,Bayer Leverkusen,1,36,53,23-45+,0,0,"[116.0, 39.8]",89.92838031291056,4.004996878900157,1,1.536747882823276,0.3070668873377144,3,9,0.3333333333333333,False,3,9,0.3333333333333333,False,0.3333188847012077,0.3333188847012077,0.3333188847012077,0,2,0,,,,0.3070668873377144,,,0.3070668873377144,True,Goal,0.589061,0.0
3aa1c41c-d7d7-4fa5-9071-3492d7801027,3895258,Florian Wirtz,Bayer Leverkusen,1,40,48,23-45+,1,+1,"[113.0, 24.7]",11.841512688722268,16.825278600962303,1,11.802859800204052,0.1380813355094003,3,8,0.375,False,3,8,0.375,False,0.1414645271715841,0.1414645271715841,0.1414645271715841,0,2,1,0.0,0.0,0.0,0.1380813355094003,0.0,0.0,0.1380813355094003,False,Saved,0.018504012,0.1380813355094003
6a352f47-6485-4163-a802-9f817fafae08,3895258,Alejandro Grimaldo García,Bayer Leverkusen,2,51,51,45-68,1,+1,"[94.7, 30.2]",15.698568458367314,27.13171575849931,3,11.184536440218,0.0182005962510388,9,11,0.8181818181818182,False,8,10,0.8,False,0.1824733372640004,0.1824733372640004,0.1824733372640004,1,7,0,,,,0.0182005962510388,,,0.0182005962510388,True,Off T,0.025937038,0.0
5c583506-8bd9-4dcb-a300-90df976b806a,3895258,Alejandro Grimaldo García,Bayer Leverkusen,2,53,34,45-68,1,+1,"[107.8, 37.3]",34.85706133210383,12.49519907804594,1,11.738470394281032,0.1952075521881287,3,9,0.3333333333333333,False,3,9,0.3333333333333333,False,0.2015532779014774,0.2015532779014774,0.2015532779014774,0,2,1,0.0,0.982547490913071,-0.982547490913071,0.1952075521881287,0.1918007322985729,0.982547490913071,0.0034068198895558,False,Wayward,0.0325437,0.0034068198895558233
bb4c3ea2-0278-4be9-b803-262116e98b43,3895258,Alejandro Grimaldo García,Bayer Leverkusen,2,54,36,45-68,1,+1,"[93.9, 50.1]",15.224403614763608,27.986067962470177,4,7.709686786121235,0.0091796314781158,10,10,1.0,False,10,10,1.0,False,0.2328560606571015,0.2328560606571015,0.2328560606571015,0,9,1,0.0,0.982547490913071,-0.982547490913071,0.0091796314781158,0.0090194251837825,0.982547490913071,0.0001602062943333,False,Blocked,0.022162419,0.0001602062943332986
434417ed-5698-4a29-9936-358cc3b66708,3895258,Patrik Schick,Bayer Leverkusen,2,56,24,45-68,1,+1,"[111.9, 34.5]",39.05656539679384,9.790812019439446,1,9.27687137122641,0.2401760827591951,3,10,0.3,False,2,9,0.2222222222222222,False,0.3524507996248862,0.2401761057541949,0.2401761057541949,1,1,1,0.0,0.982547490913071,-0.982547490913071,0.2401760827591951,0.2359844300860566,0.982547490913071,0.0041916526731385,False,Wayward,0.05361262,0.004191652673138507
b5ae28c3-cb20-493d-b682-f626840932d4,3895258,Alejandro Grimaldo García,Bayer Leverkusen,2,72,8,68-90+,1,+1,"[114.0, 30.3]",22.81748738774369,11.405700329221348,0,inf,0.4015368269707769,2,7,0.2857142857142857,False,2,6,0.3333333333333333,False,0.5034709232835323,0.5034709232835323,0.5034709232835323,0,1,0,,,,0.4015368269707769,,,0.4015368269707769,True,Goal,0.07883965,0.0
6fe5f4b6-f7c3-44c1-b4bd-95ed3f7b55c1,3895258,Nathan Tella,Bayer Leverkusen,2,75,25,68-90+,2,+2+,"[99.8, 35.8]",21.526963931724865,20.63201395889408,2,6.707650605569701,0.0544651345542535,8,9,0.8888888888888888,False,7,8,0.875,False,0.2695822169363224,0.1336503933301853,0.1336503933301853,1,6,1,0.0,0.982547490913071,-0.982547490913071,0.0544651345542535,0.0535145921435254,0.982547490913071,0.0009505424107281,False,Blocked,0.056193374,0.000950542410728103
c6eb6107-09bc-47fd-9f30-da9955b7d608,3895258,Florian Wirtz,Bayer Leverkusen,2,76,44,68-90+,2,+2+,"[95.6, 27.6]",14.909622832953628,27.370056631289607,0,inf,0.1119610170304181,4,10,0.4,False,4,10,0.4,False,0.204026494462065,0.204026494462065,0.204026494462065,0,3,0,,,,0.1119610170304181,,,0.1119610170304181,True,Saved,0.02803977,0.0
b5b6cc88-4ee2-44ad-bb7e-a2ea8e358883,3895258,Florian Wirtz,Bayer Leverkusen,2,81,22,68-90+,2,+2+,"[107.5, 50.8]",21.269553806351105,16.519382555047265,1,1.96387474588812,0.1194055517767558,6,12,0.5,False,3,9,0.3333333333333333,False,0.7777812304535676,0.3811690421956816,0.3811690421956816,3,2,0,,,,0.1194055517767558,,,0.1194055517767558,True,Blocked,0.048773732,0.0
409661d0-a947-4255-a640-1776ac1ede23,3895258,Alejandro Grimaldo García,Bayer Leverkusen,2,83,7,68-90+,2,+2+,"[108.9, 23.6]",13.282281608036326,19.80328255618244,1,16.878177292628468,0.1099244633370318,4,10,0.4,False,4,10,0.4,False,0.2855441236165184,0.2855441236165184,0.2855441236165184,0,3,1,0.0,0.982547490913071,-0.982547490913071,0.1099244633370318,0.1080060155859248,0.982547490913071,0.0019184477511069,False,Off T,0.040050685,0.0019184477511069997
e117102c-d4c1-4610-ab08-c7877441d742,3895244,Florian Wirtz,Bayer Leverkusen,1,3,37,0-23,0,0,"[100.5, 40.5]",23.17012763495971,19.50640920313116,1,18.557989304565357,0.1128081381901436,2,7,0.2857142857142857,False,2,7,0.2857142857142857,False,0.1646755140029298,0.1646755140029298,0.1646755140029298,0,1,0,,,,0.1128081381901436,,,0.1128081381901436,True,Saved,0.09992166,0.0
360afde3-2360-417f-b287-f7019b84680b,3895244,Robert Andrich,Bayer Leverkusen,1,8,5,0-23,0,0,"[98.4, 46.3]",19.416189738543764,22.499999999999996,3,3.8134847615166585,0.0246029004221072,7,8,0.875,False,6,7,0.8571428571428571,False,0.2199007941924469,0.2094938398029297,0.2094938398029297,1,5,1,0.0,0.982547490913071,-0.982547490913071,0.0246029004221072,0.0241735202024101,0.982547490913071,0.0004293802196971,False,Blocked,0.04071183,0.00042938021969710083
a7463583-f8f4-412f-88d2-c7c834a4105d,3895244,Jeremie Frimpong,Bayer Leverkusen,1,14,47,0-23,0,0,"[93.8, 45.3]",16.702329466598613,26.730693967796647,2,14.596541570702533,0.0345323308024521,9,11,0.8181818181818182,False,9,11,0.8181818181818182,False,0.1833750275949878,0.1833750275949878,0.1833750275949878,0,8,1,0.0,0.982547490913071,-0.982547490913071,0.0345323308024521,0.0339296633148659,0.982547490913071,0.0006026674875862,False,Blocked,0.02349934,0.0006026674875861948
645eb80a-ff4a-433f-be95-e2e6378900c8,3895244,Patrik Schick,Bayer Leverkusen,1,18,30,0-23,0,0,"[112.7, 33.9]",38.0926354309917,9.513148795220223,1,3.1397799665254498,0.2257223971448491,1,7,0.1428571428571428,True,1,6,0.1666666666666666,True,0.2257223929331339,0.2257223929331339,0.2257223971448491,0,0,0,,,,0.2257223971448491,,,0.2257223971448491,True,Off T,0.08212698,0.0
aa0325e3-4158-4f49-8025-7ea3464a7c15,3895244,Robert Andrich,Bayer Leverkusen,1,21,35,0-23,0,0,"[110.3, 43.7]",40.21452324187067,10.38171469459646,1,9.48136878828592,0.2292997505493456,5,8,0.625,False,3,6,0.5,False,0.5394145106618801,0.261439441371823,0.261439441371823,2,2,1,0.0,0.982547490913071,-0.982547490913071,0.2292997505493456,0.2252979391136716,0.982547490913071,0.004001811435674,False,Wayward,0.05730636,0.004001811435673991
61796fa6-51f2-4327-9a4a-8ce3061138fb,3895244,Piero Martín Hincapié Reyna,Bayer Leverkusen,1,33,27,23-45+,0,0,"[105.6, 37.7]",30.36229905751641,14.582523787054152,1,12.104654838118824,0.1653572421129484,5,10,0.5,False,4,9,0.4444444444444444,False,0.2957608712976363,0.2957608712976363,0.2957608712976363,1,3,1,0.4840524151025097,0.9913486996411284,-0.5072962845386186,0.1653572421129484,0.1654177009588981,0.9913486996411284,-6.04588459497124e-05,False,Wayward,0.023191312,-6.04588459497124e-05
ad530050-f93b-472f-bb7f-893084f82c0b,3895244,Patrik Schick,Bayer Leverkusen,1,45,12,23-45+,0,0,"[117.8, 48.1]",17.91250938596329,8.39344982709732,1,6.220640268639305,0.262953505192498,2,9,0.2222222222222222,False,2,9,0.2222222222222222,False,0.2629535467524709,0.2629535467524709,0.2629535467524709,0,1,1,0.0,0.982547490913071,-0.982547490913071,0.262953505192498,0.2583643475883332,0.982547490913071,0.0045891576041647,False,Blocked,0.04577166,0.004589157604164784
d5e04f50-0f60-4708-bde1-759f1d0f5894,3895244,Jeremie Frimpong,Bayer Leverkusen,2,49,25,45-68,1,+1,"[107.5, 35.0]",31.17996599453589,13.46291201783626,1,10.408317171557927,0.1798802790629457,1,5,0.2,True,1,4,0.25,True,0.1798802790629457,0.1798802790629457,0.1798802790629457,0,0,0,,,,0.1798802790629457,,,0.1798802790629457,True,Blocked,0.03818213,0.0
00a88c45-9765-4c30-9334-b903240a08b1,3895244,Alejandro Grimaldo García,Bayer Leverkusen,2,49,27,45-68,1,+1,"[104.6, 29.6]",20.51103496319397,18.58278773489059,3,5.586054713523957,0.034796798003677,4,5,0.8,False,3,4,0.75,False,0.1776546481814314,0.1776546481814314,0.1776546481814314,1,2,0,,,,0.034796798003677,,,0.034796798003677,True,Blocked,0.05416238,0.0
73ad5c99-6b0b-4885-b952-7fc60573d9b7,3895244,Jeremie Frimpong,Bayer Leverkusen,2,50,0,45-68,1,+1,"[94.0, 38.7]",17.450363122571954,26.03247971285102,1,23.10209786406903,0.0672113718437379,6,9,0.6666666666666666,False,5,8,0.625,False,0.1420678741606751,0.1134317052735066,0.1134317052735066,1,4,1,0.0,0.0,0.0,0.0672113718437379,0.0,0.0,0.0672113718437379,False,Off T,0.036521208,0.0672113718437379
1995f196-873a-41a9-82cb-4d02f9820485,3895244,Amine Adli,Bayer Leverkusen,2,55,20,45-68,1,+1,"[104.4, 49.1]",21.917881626184567,18.06017718628474,1,13.995930039718498,0.1257582441977031,2,6,0.3333333333333333,False,2,6,0.3333333333333333,False,0.125758264655126,0.125758264655126,0.125758264655126,0,1,1,0.0,0.982547490913071,-0.982547490913071,0.1257582441977031,0.1235634673984759,0.982547490913071,0.0021947767992271,False,Off T,0.12802543,0.002194776799227194
3b0f8177-43ab-4849-88a7-3a32b82e13f2,3895244,Jeremie Frimpong,Bayer Leverkusen,2,60,18,45-68,1,+1,"[112.4, 54.3]",13.869144948072655,16.194134740701642,1,12.809635723663671,0.145619638539506,4,7,0.5714285714285714,False,4,7,0.5714285714285714,False,0.5445341040575544,0.5445341040575544,0.5445341040575544,0,3,1,0.0,0.982547490913071,-0.982547490913071,0.145619638539506,0.1430782258759004,0.982547490913071,0.0025414126636055,False,Off T,0.0645191,0.00254141266360558
068e0faa-76eb-45c0-b593-2fe4d67593e7,3895244,Granit Xhaka,Bayer Leverkusen,2,67,38,45-68,1,+1,"[100.2, 29.2]",17.82295440991392,22.553935355055,2,8.423141764527042,0.047273610945041,8,9,0.8888888888888888,False,8,9,0.8888888888888888,False,0.1999656075626469,0.1999656075626469,0.1999656075626469,0,7,0,,,,0.047273610945041,,,0.047273610945041,True,Blocked,0.04768445,0.0
ae98e156-abf9-446b-9dcc-a3e9445fb2ed,3895244,Jeremie Frimpong,Bayer Leverkusen,2,74,6,68-90+,1,+1,"[111.1, 48.0]",29.23593254024742,11.967038062946072,1,10.8510057729963,0.2030656430643063,2,4,0.5,False,2,4,0.5,False,0.2404179701323497,0.2404179701323497,0.2404179701323497,0,1,0,,,,0.2030656430643063,,,0.2030656430643063,True,Off T,0.10000266,0.0
56a9f9f7-e9be-476d-bbff-f585f20f6a71,3895244,Florian Wirtz,Bayer Leverkusen,2,76,55,68-90+,1,+1,"[111.8, 52.2]",18.15270588665117,14.699659860010373,1,12.15320374417994,0.1638365620588661,5,8,0.625,False,5,8,0.625,False,0.2614822392352246,0.2614822392352246,0.2614822392352246,0,4,1,0.0,0.982547490913071,-0.982547490913071,0.1638365620588661,0.160977216178673,0.982547490913071,0.002859345880193,False,Post,0.14015244,0.002859345880193098
8fe955ff-ad93-4899-afc5-d63cb51105b6,3895244,Borja Iglesias Quintas,Bayer Leverkusen,2,80,2,68-90+,1,+1,"[101.0, 51.2]",17.905736935290705,22.055384830013736,1,16.017283895761672,0.0916843289164243,2,6,0.3333333333333333,False,2,6,0.3333333333333333,False,0.127971777060092,0.127971777060092,0.127971777060092,0,1,0,,,,0.0916843289164243,,,0.0916843289164243,True,Blocked,0.024886785,0.0
0f521099-6066-4bcc-9c17-86c9e8df453e,3895244,Amine Adli,Bayer Leverkusen,2,80,46,68-90+,1,+1,"[108.9, 36.4]",36.46266486480486,11.66919020326603,0,inf,0.3931613402935415,2,5,0.4,False,2,5,0.4,False,0.3931614007520603,0.3931614007520603,0.3931614007520603,0,1,1,0.0,0.982547490913071,-0.982547490913071,0.3931613402935415,0.3862997478328052,0.982547490913071,0.0068615924607363,False,Goal,0.6213816,0.00686159246073631
b1eb5bd8-29a5-4595-8851-7fab15cd4580,3895232,Josip Stanišić,Bayer Leverkusen,1,17,35,0-23,0,0,"[112.9, 49.7]",23.84654768407904,12.020815280171307,0,inf,0.3822558147392035,2,7,0.2857142857142857,False,2,6,0.3333333333333333,False,0.3822558234731912,0.3822558234731912,0.3822558234731912,0,1,1,0.0,0.982547490913071,-0.982547490913071,0.3822558147392035,0.3755845002404939,0.982547490913071,0.0066713144987096,False,Goal,0.32476836,0.006671314498709613
347c50d3-0976-4531-935e-1603068c7171,3895232,Nathan Tella,Bayer Leverkusen,1,22,6,0-23,1,+1,"[108.0, 51.8]",19.759691970668776,16.82973558912914,1,12.531378594883058,0.1383043317952642,3,4,0.75,False,3,4,0.75,False,0.1483366035612439,0.1483366035612439,0.1483366035612439,0,2,1,0.0,0.0,0.0,0.1383043317952642,0.0,0.0,0.1383043317952642,False,Saved,0.08542998,0.1383043317952642
4243308a-98d5-4606-878c-b24f7e3d6436,3895232,Florian Wirtz,Bayer Leverkusen,1,22,8,0-23,1,+1,"[103.2, 47.1]",22.998474376319177,18.238695128764007,2,3.5010743526622403,0.0624526721653895,3,5,0.6,False,2,4,0.5,False,0.4205717600216525,0.4205717600216525,0.4205717600216525,1,1,0,,,,0.0624526721653895,,,0.0624526721653895,True,Blocked,0.07725087,0.0
ba681c4c-f520-4c50-baa6-ab762c963a61,3895232,Robert Andrich,Bayer Leverkusen,1,23,34,23-45+,1,+1,"[114.0, 31.3]",26.639249864186127,10.568348972285122,1,8.63155629901846,0.2249652118362396,4,10,0.4,False,2,7,0.2857142857142857,False,0.3171733452293598,0.2816075173241401,0.2816075173241401,2,1,0,,,,0.2249652118362396,,,0.2249652118362396,True,Blocked,0.049609818,0.0
0b4667fc-257b-4538-b85b-ab5f9f8c1643,3895232,Granit Xhaka,Bayer Leverkusen,1,36,12,23-45+,1,+1,"[93.8, 43.8]",17.01615464299385,26.47413832403238,6,14.751316019838857,0.0031985832850312,9,10,0.9,False,9,10,0.9,False,0.2333747835432938,0.2333747835432938,0.2333747835432938,0,8,1,0.0,0.982547490913071,-0.982547490913071,0.0031985832850312,0.0031427607501088,0.982547490913071,5.582253492234478e-05,False,Wayward,0.02057064,5.582253492240029e-05
6f4e27cf-73d8-42da-934e-affa6c5679c9,3895232,Amine Adli,Bayer Leverkusen,1,36,15,23-45+,1,+1,"[109.2, 41.8]",39.75127672265429,10.948972554536793,1,7.110566860824892,0.2160658385161659,4,9,0.4444444444444444,False,4,9,0.4444444444444444,False,0.3632479367296002,0.3632479367296002,0.3632479367296002,0,3,1,0.3711437532970031,0.99129778161166,-0.6201540283146568,0.2160658385161659,0.2337178909486525,0.99129778161166,-0.0176520524324866,False,Saved,0.0526198,-0.017652052432486603
323dd7b9-279d-43b7-a7ed-df9976366da8,3895232,Piero Martín Hincapié Reyna,Bayer Leverkusen,1,40,2,23-45+,1,+1,"[94.6, 27.8]",14.637661149132844,28.178005607210743,1,24.253188755345175,0.0566573743994762,5,9,0.5555555555555556,False,5,9,0.5555555555555556,False,0.1716922074295153,0.1716922074295153,0.1716922074295153,0,4,0,,,,0.0566573743994762,,,0.0566573743994762,True,Off T,0.028523209,0.0
330f17c4-2155-40b4-ba0c-7cfe8dded159,3895232,Alejandro Grimaldo García,Bayer Leverkusen,2,49,3,45-68,1,+1,"[112.2, 27.9]",18.070184581731727,14.396180048887969,1,4.783136095925712,0.159562186999771,2,6,0.3333333333333333,False,2,6,0.3333333333333333,False,0.3504834594849446,0.3504834594849446,0.3504834594849446,0,1,0,,,,0.159562186999771,,,0.159562186999771,True,Goal,0.15563484,0.0
42d1a571-12fb-402e-a71f-c97406e1e607,3895232,Nathan Tella,Bayer Leverkusen,2,58,31,45-68,2,+2+,"[105.4, 59.2]",11.663917781689806,24.120530674095875,1,20.02473891535389,0.0781115187687899,4,7,0.5714285714285714,False,4,7,0.5714285714285714,False,0.2429832024732998,0.2429832024732998,0.2429832024732998,0,3,1,0.0,0.982547490913071,-0.982547490913071,0.0781115187687899,0.0767482786931156,0.982547490913071,0.0013632400756742,False,Saved,0.01002003,0.0013632400756743018
66d26935-f0c5-4574-af05-2223f780e8b5,3895232,Jeremie Frimpong,Bayer Leverkusen,2,72,55,68-90+,2,+2+,"[110.4, 51.5]",20.229063560052904,14.980320423809362,1,10.824949969626388,0.159553290021493,4,7,0.5714285714285714,False,4,7,0.5714285714285714,False,0.4330981061160176,0.4330981061160176,0.4330981061160176,0,3,1,0.0,0.982547490913071,-0.982547490913071,0.159553290021493,0.1567686964536085,0.982547490913071,0.0027845935678845,False,Off T,0.05841828,0.0027845935678844913
a38faed5-995c-4dbb-9216-76345fef3cc1,3895232,Jeremie Frimpong,Bayer Leverkusen,2,87,32,68-90+,2,+2+,"[106.9, 52.8]",18.16279389611717,18.31529415543195,2,2.3563119039421228,0.0587196799135621,3,3,1.0,False,3,3,1.0,False,0.2449902836343198,0.2449902836343198,0.2449902836343198,0,2,1,0.0,0.982547490913071,-0.982547490913071,0.0587196799135621,0.0576948746469637,0.982547490913071,0.0010248052665984,False,Saved to Post,0.045614313,0.0010248052665983998
57cf2298-1d5f-4ddc-b495-a7c5a1293725,3895232,Jeremie Frimpong,Bayer Leverkusen,2,94,38,68-90+,2,+2+,"[88.6, 74.7]",6.590997322046242,46.79797004144518,0,inf,0.0236631189985354,4,5,0.8,False,4,5,0.8,False,0.0349583723560947,0.0349583723560947,0.0349583723560947,0,3,1,0.0,0.982547490913071,-0.982547490913071,0.0236631189985354,0.0232501405037703,0.982547490913071,0.000412978494765,False,Goal,0.009305765,0.00041297849476510176
e569c7ae-0ac3-45cd-9aae-f049a03428f7,3895210,Nadiem Amiri,Bayer Leverkusen,1,4,18,0-23,0,0,"[102.6, 60.2]",11.328961294148542,26.660832695172903,1,4.823201828714943,0.0598568693701564,6,8,0.75,False,4,6,0.6666666666666666,False,0.3876723465641097,0.1235324065656345,0.1235324065656345,2,3,0,,,,0.0598568693701564,,,0.0598568693701564,True,Saved,0.009047964,0.0
6807107f-cda7-4197-b8a2-bfa3fa3e14fa,3895210,Patrik Schick,Bayer Leverkusen,1,7,4,0-23,0,0,"[99.9, 48.0]",19.58272795107272,21.633538776631063,2,4.066619560182533,0.0483618065692952,5,9,0.5555555555555556,False,4,8,0.5,False,0.2273115108740974,0.1535567733334223,0.1535567733334223,1,3,1,0.0,0.982547490913071,-0.982547490913071,0.0483618065692952,0.0475177754168567,0.982547490913071,0.0008440311524385,False,Blocked,0.051984634,0.0008440311524385014
124c48e0-e083-4fee-9f6d-c1e9fe5eefcd,3895210,Josip Stanišić,Bayer Leverkusen,1,11,0,0-23,0,0,"[94.7, 49.3]",15.89895305913758,26.955147931332142,1,23.061510170040613,0.0624270407336704,3,8,0.375,False,3,8,0.375,False,0.1090240918871706,0.1090240918871706,0.1090240918871706,0,2,0,,,,0.0624270407336704,,,0.0624270407336704,True,Blocked,0.022191128,0.0
0bcb7edd-0d2e-45d9-a2eb-695e15a30e56,3895210,Jonas Hofmann,Bayer Leverkusen,1,17,49,0-23,0,0,"[106.2, 29.5]",21.195805980804323,17.34041521994211,1,15.385871709055394,0.1335564432545735,2,8,0.25,False,2,8,0.25,False,0.2196582999360196,0.2196582999360196,0.2196582999360196,0,1,0,,,,0.1335564432545735,,,0.1335564432545735,True,Saved,0.06481088,0.0
a0f8cecf-9282-4671-b2d7-caa400ebbc95,3895210,Florian Wirtz,Bayer Leverkusen,1,18,14,0-23,0,0,"[94.9, 51.7]",14.971302521285764,27.69295939404093,1,23.81308183464028,0.0588811518928161,3,8,0.375,False,3,8,0.375,False,0.2089335635193606,0.2089335635193606,0.2089335635193606,0,2,1,0.0,0.982547490913071,-0.982547490913071,0.0588811518928161,0.0578535329179589,0.982547490913071,0.0010276189748572,False,Off T,0.024915434,0.001027618974857196
87919f54-9bbd-4166-8b87-69671048ff7c,3895210,Florian Wirtz,Bayer Leverkusen,1,22,59,0-23,0,0,"[109.9, 41.5]",42.47338566268718,10.210778618695045,1,6.6235971323470215,0.2282639975613192,4,6,0.6666666666666666,False,3,5,0.6,False,0.427468764523422,0.2340636287280759,0.2340636287280759,1,2,1,0.0,0.982547490913071,-0.982547490913071,0.2282639975613192,0.2242802420916074,0.982547490913071,0.0039837554697118,False,Saved,0.44135413,0.003983755469711803
52a6660d-96ce-42bf-97bc-b6eb01ccd5e4,3895210,Florian Wirtz,Bayer Leverkusen,1,24,24,23-45+,0,0,"[95.3, 52.9]",14.56504182747845,27.86574958618555,2,8.323498411839955,0.0308901880920442,6,6,1.0,False,6,6,1.0,False,0.0989246085505449,0.0989246085505449,0.0989246085505449,0,5,1,0.0,0.982547490913071,-0.982547490913071,0.0308901880920442,0.03035108132799,0.982547490913071,0.0005391067640541,False,Blocked,0.023665518,0.0005391067640541994
805033d1-301e-4dc5-baad-542dab282ff4,3895210,Patrik Schick,Bayer Leverkusen,1,24,49,23-45+,0,0,"[102.7, 38.6]",25.882124940694503,17.35655495770978,1,14.613017202407628,0.1332008350769858,2,8,0.25,False,2,8,0.25,False,0.182306945147401,0.182306945147401,0.182306945147401,0,1,0,,,,0.1332008350769858,,,0.1332008350769858,True,Off T,0.12889346,0.0
439065d1-ad52-4d1e-8739-dc8eadd99312,3895210,Alejandro Grimaldo García,Bayer Leverkusen,1,39,23,23-45+,0,0,"[94.6, 36.0]",17.48237518212151,25.71303171545511,3,3.348645865949045,0.0187512697886379,6,8,0.75,False,6,8,0.75,False,0.1982622848810344,0.1982622848810344,0.1982622848810344,0,5,0,,,,0.0187512697886379,,,0.0187512697886379,True,Off T,0.040416725,0.0
50082789-7bb3-4919-aeaa-38b0f575fa52,3895210,Jonas Hofmann,Bayer Leverkusen,1,45,25,23-45+,0,0,"[101.5, 35.7]",23.23428531563443,18.99315666233499,1,17.62105292064501,0.1174018454837363,5,10,0.5,False,5,10,0.5,False,0.1605009759948503,0.1605009759948503,0.1605009759948503,0,4,1,0.0,0.0,0.0,0.1174018454837363,0.0,0.0,0.1174018454837363,False,Saved,0.056421287,0.1174018454837363
e40c5604-86a5-4708-aa38-025385f81d26,3895210,Jonas Hofmann,Bayer Leverkusen,2,53,49,45-68,0,0,"[110.0, 41.9]",42.40038397062949,10.178899744078434,1,8.266225831729734,0.2316096988041466,1,9,0.1111111111111111,True,1,8,0.125,True,0.2316096937119649,0.2316096937119649,0.2316096988041466,0,0,0,,,,0.2316096988041466,,,0.2316096988041466,True,Wayward,0.12546636,0.0
1255ee6c-125c-4ad0-bee3-9c8f6e2116a5,3895210,Nadiem Amiri,Bayer Leverkusen,2,54,7,45-68,0,0,"[94.1, 32.1]",16.113647622657947,27.07803537925158,1,26.228025654406878,0.0619459101067275,7,8,0.875,False,5,6,0.8333333333333334,False,0.1285592870203148,0.1285592870203148,0.1285592870203148,2,4,0,,,,0.0619459101067275,,,0.0619459101067275,True,Saved,0.026898004,0.0
0cb17af2-dcd3-485a-9ca5-befb6e634f00,3895210,Jeremie Frimpong,Bayer Leverkusen,2,56,10,45-68,0,0,"[106.2, 31.8]",24.551033558930715,16.05241414865689,1,9.59601539660038,0.1457478653211289,2,4,0.5,False,2,4,0.5,False,0.2052992048131817,0.2052992048131817,0.2052992048131817,0,1,0,,,,0.1457478653211289,,,0.1457478653211289,True,Off T,0.29035935,0.0
39eaab58-b7b2-4ca4-9fa4-50eb871b7101,3895210,Jonas Hofmann,Bayer Leverkusen,2,57,24,45-68,0,0,"[100.5, 31.1]",19.38081105117775,21.43501807790234,2,1.9159895400457156,0.0439997708433393,4,7,0.5714285714285714,False,4,7,0.5714285714285714,False,0.1610800080295677,0.1610800080295677,0.1610800080295677,0,3,0,,,,0.0439997708433393,,,0.0439997708433393,True,Blocked,0.036461674,0.0
916a4a46-5823-444d-9472-213c4104fa8e,3895210,Alejandro Grimaldo García,Bayer Leverkusen,2,59,41,45-68,0,0,"[106.7, 33.9]",28.240355430471165,14.632156368765337,3,9.431802511626428,0.049144899176573,5,6,0.8333333333333334,False,5,6,0.8333333333333334,False,0.4800877790092008,0.4800877790092008,0.4800877790092008,0,4,0,,,,0.049144899176573,,,0.049144899176573,True,Off T,0.15354185,0.0
ac9967b4-f720-4a0c-9505-abd47ae6ae13,3895210,Granit Xhaka,Bayer Leverkusen,2,64,41,45-68,0,0,"[88.9, 47.9]",13.790992911841911,32.08769234457348,3,4.674706333211093,0.0116484487784871,8,9,0.8888888888888888,False,7,8,0.875,False,0.0827729365765695,0.0690872006558576,0.0690872006558576,1,6,1,0.0,0.982547490913071,-0.982547490913071,0.0116484487784871,0.0114451549154806,0.982547490913071,0.0002032938630065,False,Blocked,0.019440634,0.00020329386300649982
13b84dff-8265-494a-8cb7-ed3d14a17f00,3895210,Jonas Hofmann,Bayer Leverkusen,2,68,6,68-90+,0,0,"[108.3, 48.9]",25.06860021397225,14.700340132119395,1,10.417244326317173,0.1629315538812754,3,6,0.5,False,3,6,0.5,False,0.5175847673197561,0.5175847673197561,0.5175847673197561,0,2,1,0.0,0.982547490913071,-0.982547490913071,0.1629315538812754,0.1600880077260345,0.982547490913071,0.0028435461552409,False,Blocked,0.05091942,0.002843546155240906
d75a9f04-2133-444b-8f8f-a08ceb25a858,3895210,Nathan Tella,Bayer Leverkusen,2,68,30,68-90+,0,0,"[104.9, 25.1]",15.553383963983498,21.213674834879495,1,18.17425825354873,0.0983617629737672,4,9,0.4444444444444444,False,3,8,0.375,False,0.3848686626473531,0.3848686626473531,0.3848686626473531,1,2,1,0.0,0.982547490913071,-0.982547490913071,0.0983617629737672,0.0966451137175199,0.982547490913071,0.0017166492562472,False,Blocked,0.02932745,0.0017166492562473018
0d31867c-3cd9-48fe-8549-1be0a48ede76,3895210,Alejandro Grimaldo García,Bayer Leverkusen,2,71,34,68-90+,0,0,"[94.0, 27.0]",14.085019658907116,29.068883707497267,2,4.934937753215996,0.0271449184179973,8,11,0.7272727272727273,False,8,11,0.7272727272727273,False,0.1815622093992071,0.1815622093992071,0.1815622093992071,0,7,1,0.1832117427711226,0.9836945470022374,-0.8004828042311147,0.0271449184179973,0.030450371104892,0.9836945470022374,-0.0033054526868947,False,Blocked,0.023267351,-0.0033054526868947012
634fa2d4-46bb-4b8b-8ce9-34637603d0d5,3895210,Josip Stanišić,Bayer Leverkusen,2,78,6,68-90+,0,0,"[96.7, 52.3]",15.368435760196324,26.34729587642724,1,24.340646558876664,0.0655975397647444,6,8,0.75,False,6,8,0.75,False,0.1849744664959721,0.1849744664959721,0.1849744664959721,0,5,0,,,,0.0655975397647444,,,0.0655975397647444,True,Off T,0.027891,0.0
f80ee030-3e40-433f-ac02-7b1c011bea84,3895210,Jeremie Frimpong,Bayer Leverkusen,2,83,43,68-90+,0,0,"[108.7, 51.0]",21.23113445228656,15.769908052997645,2,4.722104173751905,0.078371052810193,3,10,0.3,False,3,10,0.3,False,0.3763708056499301,0.3763708056499301,0.3763708056499301,0,2,0,,,,0.078371052810193,,,0.078371052810193,True,Wayward,0.08202779,0.0
5b8908e9-865e-46b1-b1df-5b8f6c4b9056,3895210,Patrik Schick,Bayer Leverkusen,2,88,6,68-90+,0,0,"[114.0, 41.4]",65.41590530456207,6.161168720299744,0,inf,0.6108563232514435,1,9,0.1111111111111111,True,1,8,0.125,True,0.6108563063075082,0.6108563063075082,0.6108563232514435,0,0,0,,,,0.6108563232514435,,,0.6108563232514435,True,Off T,0.15246792,0.0
0ea4e208-097f-498b-bfbc-2a39cf755f19,3895210,Adam Hložek,Bayer Leverkusen,2,91,25,68-90+,0,0,"[107.8, 44.7]",32.209365722827954,13.074020039758242,2,0.7131730116594579,0.0603982394221388,3,8,0.375,False,3,8,0.375,False,0.2455338255845863,0.2455338255845863,0.2455338255845863,0,2,0,,,,0.0603982394221388,,,0.0603982394221388,True,Blocked,0.04828327,0.0
c3871fef-f58b-4401-be6e-76f47a795c4e,3895210,Adam Hložek,Bayer Leverkusen,2,93,27,68-90+,0,0,"[111.2, 41.9]",47.26189120285346,9.002777349240619,1,5.7959229849877945,0.2492656166691407,1,6,0.1666666666666666,True,1,6,0.1666666666666666,True,0.2492655589515761,0.2492655589515761,0.2492656166691407,0,0,0,,,,0.2492656166691407,,,0.2492656166691407,True,Saved,0.06949777,0.0
87010125-117a-4571-a62b-4345f4885d70,3895210,Robert Andrich,Bayer Leverkusen,2,94,25,68-90+,0,0,"[97.5, 48.7]",17.64352153273813,24.12343259156955,3,4.32598789154685,0.0218765709104636,8,10,0.8,False,6,8,0.75,False,0.2087516664856986,0.1801906407305134,0.1801906407305134,2,5,0,,,,0.0218765709104636,,,0.0218765709104636,True,Off T,0.025872136,0.0
8e5a686b-1115-4ba2-9d63-04cb38e685c9,3895202,Granit Xhaka,Bayer Leverkusen,1,5,54,0-23,0,0,"[93.8, 46.1]",16.4988477586542,26.900743484149285,3,3.253704726637855,0.0169922781563686,7,7,1.0,False,7,7,1.0,False,0.1388204474334666,0.1388204474334666,0.1388204474334666,0,6,1,0.0,0.982547490913071,-0.982547490913071,0.0169922781563686,0.0166957226135188,0.982547490913071,0.0002965555428497,False,Off T,0.029031394,0.00029655554284980026
acbfb3a8-6469-4ab0-b391-c1308e661799,3895202,Florian Wirtz,Bayer Leverkusen,1,9,58,0-23,-1,-1,"[100.3, 28.1]",17.055691327970596,23.01521236052364,2,5.977680158533303,0.0446843218839128,7,8,0.875,False,6,7,0.8571428571428571,False,0.2852328969125356,0.2852328969125356,0.2852328969125356,1,5,1,0.0,0.982547490913071,-0.982547490913071,0.0446843218839128,0.0439044769045206,0.982547490913071,0.0007798449793921,False,Blocked,0.047096375,0.000779844979392201
f26e400c-f1e4-4293-a3cd-ad4705a38e8f,3895202,Exequiel Alejandro Palacios,Bayer Leverkusen,1,26,2,23-45+,-1,-1,"[97.5, 39.7]",20.157793378214773,22.50199991111901,2,6.1978429666120896,0.0466679065973645,7,11,0.6363636363636364,False,7,11,0.6363636363636364,False,0.1969385176595994,0.1969385176595994,0.1969385176595994,0,6,1,0.0,0.0,0.0,0.0466679065973645,0.0,0.0,0.0466679065973645,False,Off T,0.045703232,0.0466679065973645
f2e5963e-6bf6-4d29-8b23-0e736213300b,3895202,Jonas Hofmann,Bayer Leverkusen,1,30,57,23-45+,-1,-1,"[90.2, 48.8]",14.0947270692295,31.072174046886385,1,27.66431418665147,0.0450387078492772,6,10,0.6,False,5,9,0.5555555555555556,False,0.1671227421836779,0.1304962491466105,0.1304962491466105,1,4,0,,,,0.0450387078492772,,,0.0450387078492772,True,Off T,0.02334218,0.0
076cd6ba-eb1f-4ab5-9fcc-cd2fe8242a03,3895202,Patrik Schick,Bayer Leverkusen,1,36,1,23-45+,-1,-1,"[110.6, 41.8]",44.84802216143608,9.570788891204325,1,7.48252610496094,0.2419265784679128,1,10,0.1,True,1,10,0.1,True,0.2419265539657013,0.2419265539657013,0.2419265784679128,0,0,0,,,,0.2419265784679128,,,0.2419265784679128,True,Blocked,0.073806174,0.0
c554ca99-a058-4c2a-aee1-e6db783bd159,3895202,Patrik Schick,Bayer Leverkusen,1,47,6,23-45+,-1,-1,"[110.7, 25.6]",14.99044065726654,17.142053552593982,1,12.88203603453282,0.1350088055500391,4,9,0.4444444444444444,False,4,9,0.4444444444444444,False,0.482864497329741,0.482864497329741,0.482864497329741,0,3,0,,,,0.1350088055500391,,,0.1350088055500391,True,Blocked,0.020508459,0.0
34b7332c-6c9a-418d-8b9d-8e7051e4eb1c,3895202,Nathan Tella,Bayer Leverkusen,2,46,16,45-68,-1,-1,"[116.0, 44.1]",62.28649279451517,5.728001396647876,0,inf,0.6323956123702605,2,7,0.2857142857142857,False,2,7,0.2857142857142857,False,0.6323956676262839,0.6323956676262839,0.6323956676262839,0,1,1,0.0,0.982547490913071,-0.982547490913071,0.6323956123702605,0.6213587764905016,0.982547490913071,0.0110368358797589,False,Goal,0.7886074,0.0110368358797589
026b70bb-f466-414f-ab42-ea78913ed33f,3895202,Patrik Schick,Bayer Leverkusen,2,52,32,45-68,0,0,"[111.2, 26.8]",16.631417486191477,15.86442561204155,2,0.777077103951317,0.0505949513330884,4,6,0.6666666666666666,False,4,6,0.6666666666666666,False,0.1982570509816148,0.1982570509816148,0.1982570509816148,0,3,1,0.0,0.982547490913071,-0.982547490913071,0.0505949513330884,0.0497120143673715,0.982547490913071,0.0008829369657168,False,Off T,0.08268725,0.0008829369657169031
6399ab69-693b-4133-9db8-5fa356ff7ff2,3895202,Florian Wirtz,Bayer Leverkusen,2,54,35,45-68,0,0,"[110.2, 30.7]",25.21040175069335,13.510366390294529,1,9.517982182003207,0.1785556385921355,1,9,0.1111111111111111,True,1,9,0.1111111111111111,True,0.1785556158294362,0.1785556158294362,0.1785556385921355,0,0,0,,,,0.1785556385921355,,,0.1785556385921355,True,Saved,0.068974085,0.0
cfc2c881-aa53-456f-b264-f07e54c71e50,3895202,Jonathan Tah,Bayer Leverkusen,2,62,52,45-68,-1,-1,"[116.6, 43.5]",73.97951502223117,4.879549159502345,2,2.1271872755755608,0.1689072258337484,6,8,0.75,False,6,8,0.75,False,0.7741625552998251,0.7741625552998251,0.7741625552998251,0,5,2,0.000809470099148,0.9912737262170696,-0.9904642561179215,0.1689072258337484,0.3063006191625587,0.9912737262170696,-0.1373933933288102,False,Goal,0.18319073,-0.1373933933288103
d24074ce-8755-464b-a571-1410e818c108,3895202,Florian Wirtz,Bayer Leverkusen,2,67,23,45-68,0,0,"[100.8, 32.0]",20.237094276062848,20.8,3,4.896483894255517,0.0288486733213628,7,9,0.7777777777777778,False,7,9,0.7777777777777778,False,0.1842802450704714,0.1842802450704714,0.1842802450704714,0,6,1,0.0,0.982547490913071,-0.982547490913071,0.0288486733213628,0.028345196658974,0.982547490913071,0.0005034766623888,False,Off T,0.053576183,0.0005034766623887993
abc0866f-3aa9-48da-93e3-76607762379a,3895202,Alejandro Grimaldo García,Bayer Leverkusen,2,68,54,68-90+,0,0,"[93.2, 34.5]",16.314766209602375,27.358545282964148,2,6.822640127483076,0.0318310849310386,7,9,0.7777777777777778,False,4,6,0.6666666666666666,False,0.1420415273280417,0.123637194075594,0.123637194075594,3,3,0,,,,0.0318310849310386,,,0.0318310849310386,True,Blocked,0.02492347,0.0
93d904b6-833f-44af-9510-4e4992a6b508,3895202,Piero Martín Hincapié Reyna,Bayer Leverkusen,2,79,32,68-90+,0,0,"[114.5, 31.4]",26.51046397964905,10.208329931972225,0,inf,0.4419023298300609,2,10,0.2,False,2,10,0.2,False,0.6220513947745638,0.6220513947745638,0.6220513947745638,0,1,0,,,,0.4419023298300609,,,0.4419023298300609,True,Wayward,0.05831537,0.0
c1195253-9cf3-4e90-9ea8-a08cda44619b,3895202,Piero Martín Hincapié Reyna,Bayer Leverkusen,2,82,23,68-90+,0,0,"[107.2, 34.9]",30.49866011834578,13.778606605894511,2,6.422631345934805,0.0939898672249809,6,10,0.6,False,6,10,0.6,False,0.2802362647152479,0.2802362647152479,0.2802362647152479,0,5,0,,,,0.0939898672249809,,,0.0939898672249809,True,Blocked,0.053494915,0.0
47548962-cb46-43f1-b770-c92667223c10,3895202,Piero Martín Hincapié Reyna,Bayer Leverkusen,2,82,31,68-90+,0,0,"[105.9, 25.3]",15.78971670816908,20.36909423612154,2,4.813000674812839,0.0543323331263131,8,8,1.0,False,6,6,1.0,False,0.2316842533775483,0.2131469216436286,0.2131469216436286,2,5,1,0.0,0.982547490913071,-0.982547490913071,0.0543323331263131,0.0533840992630974,0.982547490913071,0.0009482338632157,False,Saved,0.03944763,0.0009482338632157
9f68d00c-90ef-4d5c-94dd-cf221ca29534,3895202,Josip Stanišić,Bayer Leverkusen,2,84,22,68-90+,0,0,"[110.1, 38.5]",43.22694179920909,10.012991560967189,0,inf,0.4488622079443562,1,10,0.1,True,1,9,0.1111111111111111,True,0.4488621537699181,0.4488621537699181,0.4488622079443562,0,0,0,,,,0.4488622079443562,,,0.4488622079443562,True,Off T,0.062444646,0.0
060082ee-d0e7-4741-b1d3-3ff14f6adb90,3895202,Piero Martín Hincapié Reyna,Bayer Leverkusen,2,90,40,68-90+,0,0,"[115.6, 37.6]",75.47458353423154,5.011985634456671,1,2.199378283587786,0.3064108505805519,5,8,0.625,False,3,6,0.5,False,0.7978314771726573,0.5295622181312454,0.5295622181312454,2,2,0,,,,0.3064108505805519,,,0.3064108505805519,True,Goal,0.18142767,0.0
560da675-73de-432a-969e-11e1fccd8e3a,3895194,Alejandro Grimaldo García,Bayer Leverkusen,1,17,9,0-23,0,0,"[96.2, 31.7]",17.088946083957424,25.205753311496164,2,9.628855052794169,0.0384651720975006,6,8,0.75,False,6,8,0.75,False,0.1411921200039262,0.1411921200039262,0.1411921200039262,0,5,0,,,,0.0384651720975006,,,0.0384651720975006,True,Saved,0.03629953,0.0
174505c2-664a-4d98-aad9-3f1093bf795d,3895194,Adam Hložek,Bayer Leverkusen,1,17,16,0-23,0,0,"[109.8, 44.4]",37.226717282448746,11.108555261599054,2,1.613742515927828,0.0966600167965334,4,7,0.5714285714285714,False,3,6,0.5,False,0.2060859277978168,0.1537976269265956,0.1537976269265956,1,2,0,,,,0.0966600167965334,,,0.0966600167965334,True,Saved,0.06208315,0.0
7b7e1a10-7f5f-4d26-b918-a562d4264294,3895194,Alejandro Grimaldo García,Bayer Leverkusen,1,27,1,23-45+,0,0,"[93.4, 31.5]",15.56801333991144,27.925078334715547,3,4.932464191218444,0.0163242812062508,8,8,1.0,False,7,7,1.0,False,0.1628927682154627,0.1628927682154627,0.1628927682154627,1,6,2,0.2812443955733861,0.9915830815074508,-0.7103386859340646,0.0163242812062508,0.0498059076685781,0.9915830815074508,-0.0334816264623273,False,Post,0.02559302,-0.0334816264623273
bad58b17-fb47-40b0-ad9e-f04f7d971e32,3895194,Jonas Hofmann,Bayer Leverkusen,1,31,40,23-45+,0,0,"[105.4, 39.2]",30.561657468759712,14.621901381147383,1,10.806020375006812,0.1641838384149129,4,5,0.8,False,3,4,0.75,False,0.243199293941742,0.243199293941742,0.243199293941742,1,2,1,0.0,0.982547490913071,-0.982547490913071,0.1641838384149129,0.161318437813678,0.982547490913071,0.0028654006012349,False,Blocked,0.12362787,0.002865400601234913
dd1bd9b5-ad51-48ec-97e2-27727f544625,3895194,Granit Xhaka,Bayer Leverkusen,1,31,43,23-45+,0,0,"[95.3, 41.4]",18.34117512676073,24.7396442981705,2,12.15143311771104,0.0402723773010281,6,6,1.0,False,5,5,1.0,False,0.2232750606971713,0.1648102916959916,0.1648102916959916,1,4,1,0.0,0.982547490913071,-0.982547490913071,0.0402723773010281,0.0395695323452174,0.982547490913071,0.0007028449558107,False,Off T,0.033858515,0.0007028449558107025
7fc54483-0625-42fa-8a49-37383ace9c9f,3895194,Patrik Schick,Bayer Leverkusen,1,33,57,23-45+,0,0,"[108.8, 40.6]",39.21544750196319,11.216059914247966,1,8.245415912744292,0.2131420152757724,3,8,0.375,False,3,8,0.375,False,0.3840077592445124,0.3840077592445124,0.3840077592445124,0,2,1,0.0,0.982547490913071,-0.982547490913071,0.2131420152757724,0.2094222012280282,0.982547490913071,0.0037198140477441,False,Saved,0.11429135,0.0037198140477441854
bc85f688-dd48-4aea-bb30-7ff754bd9b98,3895194,Robert Andrich,Bayer Leverkusen,1,36,14,23-45+,0,0,"[116.5, 34.1]",42.03405937228809,6.860029154456997,1,3.804027425637449,0.285374180633377,3,8,0.375,False,3,8,0.375,False,0.8164017417971222,0.8164017417971222,0.8164017417971222,0,2,0,,,,0.285374180633377,,,0.285374180633377,True,Saved,0.13132846,0.0
e52f4b8a-c11c-43b3-8949-d5998cdf7dfe,3895194,Adam Hložek,Bayer Leverkusen,1,41,11,23-45+,0,0,"[111.2, 48.2]",28.682785464094643,12.028299963003915,1,6.353640352366866,0.1968683532292046,1,8,0.125,True,1,8,0.125,True,0.1968683154749418,0.1968683154749418,0.1968683532292046,0,0,0,,,,0.1968683532292046,,,0.1968683532292046,True,Blocked,0.032383747,0.0
90b6bc5e-e4b7-4b30-a33c-c5611d3809d9,3895194,Exequiel Alejandro Palacios,Bayer Leverkusen,1,42,4,23-45+,0,0,"[89.8, 46.5]",14.43941106247332,30.891584614583955,3,7.843365774371906,0.013268993473852,10,10,1.0,False,10,10,1.0,False,0.1628377779941297,0.1628377779941297,0.1628377779941297,0,9,1,0.0,0.982547490913071,-0.982547490913071,0.013268993473852,0.0130374191097219,0.982547490913071,0.00023157436413,False,Off T,0.019969188,0.0002315743641301011
ffe0cb9e-1d53-4cf5-9e08-b1b3f21d3911,3895194,Exequiel Alejandro Palacios,Bayer Leverkusen,2,47,49,45-68,0,0,"[94.0, 44.9]",16.91394600004213,26.45770209220748,2,12.83545666189466,0.0351623334279253,5,8,0.625,False,3,6,0.5,False,0.1893918133369581,0.1719080792961135,0.1719080792961135,2,2,0,,,,0.0351623334279253,,,0.0351623334279253,True,Off T,0.028836275,0.0
275da5de-6ced-4def-a639-fdea406c8308,3895194,Exequiel Alejandro Palacios,Bayer Leverkusen,2,49,57,45-68,0,0,"[95.3, 26.7]",14.375315315339355,28.053163814443465,1,25.186587831300702,0.0572610539204776,9,12,0.75,False,9,12,0.75,False,0.2071418872054019,0.2071418872054019,0.2071418872054019,0,8,1,0.0,0.982547490913071,-0.982547490913071,0.0572610539204776,0.0562617184712109,0.982547490913071,0.0009993354492667,False,Off T,0.020382116,0.0009993354492667042
00f53aeb-19e1-4a97-8826-45cf676596bd,3895194,Granit Xhaka,Bayer Leverkusen,2,52,54,45-68,0,0,"[100.2, 31.8]",19.66364911103216,21.430818929756278,2,11.751788368729471,0.052418123086084,8,9,0.8888888888888888,False,7,8,0.875,False,0.471373188317573,0.1866702446353482,0.1866702446353482,1,6,0,,,,0.052418123086084,,,0.052418123086084,True,Blocked,0.033889998,0.0
eccb00bb-acf3-4788-a4cb-57d617fd57f4,3895194,Granit Xhaka,Bayer Leverkusen,2,53,27,45-68,0,0,"[103.4, 44.2]",25.59798492703517,17.12308383440319,2,5.268185121055358,0.0709504038839551,6,8,0.75,False,5,7,0.7142857142857143,False,0.2261133902258198,0.2261133902258198,0.2261133902258198,1,4,1,0.0,0.982547490913071,-0.982547490913071,0.0709504038839551,0.0697121472533943,0.982547490913071,0.0012382566305608,False,Off T,0.037826136,0.001238256630560805
f87cf155-1404-4e36-add7-a2165c38b209,3895194,Piero Martín Hincapié Reyna,Bayer Leverkusen,2,56,19,45-68,0,0,"[94.9, 28.5]",15.060172595319216,27.609056485146315,2,7.982893978588159,0.0314665041089389,7,9,0.7777777777777778,False,7,9,0.7777777777777778,False,0.1397551996396719,0.1397551996396719,0.1397551996396719,0,6,1,0.0,0.982547490913071,-0.982547490913071,0.0314665041089389,0.0309173378276358,0.982547490913071,0.000549166281303,False,Blocked,0.027110409,0.0005491662813030991
97e00f1c-8693-464e-a7a4-fcf06568f5bc,3895194,Patrik Schick,Bayer Leverkusen,2,58,34,45-68,0,0,"[110.4, 41.8]",44.04638110824471,9.767292357659818,0,inf,0.4577722960874246,2,7,0.2857142857142857,False,1,6,0.1666666666666666,True,0.4577723561597852,0.3875808191227892,0.4577722960874246,1,0,0,,,,0.4577722960874246,,,0.4577722960874246,True,Off T,0.16485377,0.0
ba78d598-fa40-4f9a-b5fa-5d60a6cf9663,3895194,Patrik Schick,Bayer Leverkusen,2,64,5,45-68,0,0,"[99.6, 44.9]",21.04429939965168,20.980228788075696,2,2.0657397972479807,0.0463259253109381,6,8,0.75,False,5,7,0.7142857142857143,False,0.162242255090269,0.162242255090269,0.162242255090269,1,4,1,0.0,0.982547490913071,-0.982547490913071,0.0463259253109381,0.0455174226175175,0.982547490913071,0.0008085026934205,False,Blocked,0.0394539,0.0008085026934206013
c6cfad25-1b20-41e4-b1e8-f4e04e00f917,3895194,Jeremie Frimpong,Bayer Leverkusen,2,64,7,45-68,0,0,"[110.4, 51.1]",21.06735447988093,14.675489770362008,1,9.372083344178392,0.1625582099220097,5,7,0.7142857142857143,False,5,7,0.7142857142857143,False,0.2019074879633298,0.2019074879633298,0.2019074879633298,0,4,1,0.0,0.982547490913071,-0.982547490913071,0.1625582099220097,0.15972118723311,0.982547490913071,0.0028370226888997,False,Off T,0.047103617,0.0028370226888997097
c4836e8b-b534-4415-bf62-39cbe5f3bd11,3895194,Piero Martín Hincapié Reyna,Bayer Leverkusen,2,66,3,45-68,0,0,"[111.0, 41.2]",47.29986579942573,9.079647570252934,1,6.945202887885981,0.250582889878323,2,6,0.3333333333333333,False,1,5,0.2,True,0.4250410500453451,0.2505828882688108,0.250582889878323,1,0,0,,,,0.250582889878323,,,0.250582889878323,True,Off T,0.08122217,0.0
9dd32137-bc45-4746-be89-cde55a2ba02a,3895194,Florian Wirtz,Bayer Leverkusen,2,68,21,68-90+,0,0,"[113.3, 29.1]",19.945721428289936,12.794530081249563,1,9.338715699568686,0.1889269496066324,3,9,0.3333333333333333,False,3,9,0.3333333333333333,False,0.2207418613548372,0.2207418613548372,0.2207418613548372,0,2,1,0.0,0.982547490913071,-0.982547490913071,0.1889269496066324,0.1856297271813268,0.982547490913071,0.0032972224253055,False,Post,0.112848714,0.003297222425305585
d5c2a615-ca75-4be8-ac0c-2242345456a1,3895194,Patrik Schick,Bayer Leverkusen,2,70,49,68-90+,0,0,"[107.5, 37.2]",34.02978117550781,12.809761902549164,1,9.24019154624754,0.1886107147981699,3,6,0.5,False,3,6,0.5,False,0.4655553559653684,0.4655553559653684,0.4655553559653684,0,2,1,0.0,0.0,0.0,0.1886107147981699,0.0,0.0,0.1886107147981699,False,Blocked,0.12957473,0.1886107147981699
b41aeef4-5600-4587-9c86-b9b4deda1e14,3895194,Alejandro Grimaldo García,Bayer Leverkusen,2,75,29,68-90+,0,0,"[111.8, 36.7]",46.5561533378713,8.839117603018982,1,5.830355968451499,0.2526536112357226,3,9,0.3333333333333333,False,3,9,0.3333333333333333,False,0.3943284898594376,0.3943284898594376,0.3943284898594376,0,2,1,0.0,0.982547490913071,-0.982547490913071,0.2526536112357226,0.2482442244825704,0.982547490913071,0.0044093867531522,False,Blocked,0.06683657,0.004409386753152195
d98fec59-0de2-4cc0-8664-50c218404e83,3895194,Jeremie Frimpong,Bayer Leverkusen,2,81,24,68-90+,0,0,"[106.3, 52.3]",18.74412437520308,18.41140950606444,1,14.204739145041003,0.1223251792430753,4,7,0.5714285714285714,False,4,7,0.5714285714285714,False,0.387888241635204,0.387888241635204,0.387888241635204,0,3,1,0.0,0.982547490913071,-0.982547490913071,0.1223251792430753,0.1201903240243125,0.982547490913071,0.0021348552187628,False,Off T,0.04399584,0.0021348552187628045
d52d42f9-4699-4562-b4d5-a0007613f9c8,3895194,Jonas Hofmann,Bayer Leverkusen,2,87,58,68-90+,0,0,"[96.9, 31.4]",17.34823390824161,24.648935068274245,3,7.674830420974871,0.0218395393390702,8,9,0.8888888888888888,False,7,8,0.875,False,0.1452492942170045,0.1360599377645017,0.1360599377645017,1,6,1,0.0,0.982547490913071,-0.982547490913071,0.0218395393390702,0.0214583866329142,0.982547490913071,0.0003811527061559,False,Saved,0.03425886,0.0003811527061560009
6da40aea-5006-4902-ac28-d3aa2b9addfe,3895194,Florian Wirtz,Bayer Leverkusen,2,88,53,68-90+,0,0,"[95.6, 49.5]",16.2520886189728,26.18415551435639,2,2.8294981968664548,0.0321899732700643,5,7,0.7142857142857143,False,5,7,0.7142857142857143,False,0.1171777953528522,0.1171777953528522,0.1171777953528522,0,4,0,,,,0.0321899732700643,,,0.0321899732700643,True,Blocked,0.030040901,0.0
edf76979-b202-4ab7-9f07-2fc046885c2d,3895194,Exequiel Alejandro Palacios,Bayer Leverkusen,2,93,49,68-90+,0,0,"[110.9, 35.6]",40.192514300421976,10.107917688624095,2,3.307103596453392,0.1188866007660384,5,9,0.5555555555555556,False,4,8,0.5,False,0.5573517215716274,0.5573517215716274,0.5573517215716274,1,3,1,0.0,0.982547490913071,-0.982547490913071,0.1188866007660384,0.1168117369820124,0.982547490913071,0.002074863784026,False,Goal,0.097868256,0.002074863784025993
27037aa8-470a-4626-8f97-026d8c84b185,3895182,Florian Wirtz,Bayer Leverkusen,1,10,44,0-23,0,0,"[108.5, 31.2]",25.407054376720268,14.480676779764128,0,inf,0.3139711606419824,4,6,0.6666666666666666,False,4,6,0.6666666666666666,False,0.460807757408045,0.460807757408045,0.460807757408045,0,3,1,0.0,0.0,0.0,0.3139711606419824,0.0,0.0,0.3139711606419824,False,Blocked,0.10643516,0.3139711606419824
a80e47de-35cc-47a4-8ad3-767836b010c6,3895182,Patrik Schick,Bayer Leverkusen,1,29,33,23-45+,0,0,"[108.0, 40.0]",36.86989764584401,12.0,1,10.460386273233082,0.2022522687304991,1,7,0.1428571428571428,True,1,7,0.1428571428571428,True,0.2022522687304991,0.2022522687304991,0.2022522687304991,0,0,0,,,,0.2022522687304991,,,0.2022522687304991,True,Goal,0.7835,0.0
2b2439b6-9828-4dbe-b3ac-9adb41da1b1d,3895182,Patrik Schick,Bayer Leverkusen,1,31,16,23-45+,1,+1,"[105.2, 42.9]",29.246350946980204,15.081445554057472,1,7.297075212277813,0.1554653926531282,1,6,0.1666666666666666,True,1,6,0.1666666666666666,True,0.1554653555047116,0.1554653555047116,0.1554653926531282,0,0,0,,,,0.1554653926531282,,,0.1554653926531282,True,Goal,0.30500692,0.0
cc3427d0-a618-49a5-84bf-b9b2c79c4d6c,3895182,Jeremie Frimpong,Bayer Leverkusen,1,33,44,23-45+,2,+2+,"[104.4, 51.4]",19.252611076803824,19.321490625725534,1,12.475505581094987,0.1132925260790658,4,6,0.6666666666666666,False,4,6,0.6666666666666666,False,0.2365561315361908,0.2365561315361908,0.2365561315361908,0,3,1,0.0,0.982547490913071,-0.982547490913071,0.1132925260790658,0.1113152901184686,0.982547490913071,0.0019772359605972,False,Saved,0.10313727,0.0019772359605972067
38e5bc9c-78c1-417a-81a2-42479d4569e6,3895182,Piero Martín Hincapié Reyna,Bayer Leverkusen,1,34,29,23-45+,2,+2+,"[115.5, 38.4]",79.28812283555561,4.775981574503822,0,inf,0.6824414617301218,2,9,0.2222222222222222,False,2,8,0.25,False,0.6824414896383731,0.6824414896383731,0.6824414896383731,0,1,1,0.0,0.982547490913071,-0.982547490913071,0.6824414617301218,0.6705311733391621,0.982547490913071,0.0119102883909596,False,Blocked,0.15088059,0.011910288390959645
5fbe5edf-bfaa-4257-ad5a-220d8a9bb8da,3895182,Patrik Schick,Bayer Leverkusen,1,40,10,23-45+,2,+2+,"[105.2, 39.9]",30.246786683210107,14.80033783398203,2,1.6303828443517916,0.0721240175665184,4,8,0.5,False,3,7,0.4285714285714285,False,0.3081488538344797,0.106737182710518,0.106737182710518,1,2,1,0.0,0.982547490913071,-0.982547490913071,0.0721240175665184,0.0708652844191845,0.982547490913071,0.0012587331473339,False,Off T,0.13148005,0.001258733147333907
17f17d10-0361-43dd-95e8-62d119453f99,3895182,Jonas Hofmann,Bayer Leverkusen,1,41,47,23-45+,2,+2+,"[100.0, 44.1]",21.761470953283297,20.415925156602626,2,5.590639827551096,0.0547585272365086,5,5,1.0,False,5,5,1.0,False,0.2562188823489571,0.2562188823489571,0.2562188823489571,0,4,1,0.0,0.982547490913071,-0.982547490913071,0.0547585272365086,0.0538028546869329,0.982547490913071,0.0009556725495757,False,Saved,0.077682205,0.0009556725495757021
db9ae937-6b5c-4f90-8b47-fdf4f27786d5,3895182,Alejandro Grimaldo García,Bayer Leverkusen,1,42,32,23-45+,2,+2+,"[110.9, 38.9]",46.94410391354617,9.166242414424785,1,7.559587536921348,0.2500205078909764,2,6,0.3333333333333333,False,2,6,0.3333333333333333,False,0.2500205392094172,0.2500205392094172,0.2500205392094172,0,1,1,0.0,0.982547490913071,-0.982547490913071,0.2500205078909764,0.245657053476946,0.982547490913071,0.0043634544140303,False,Off T,0.4563931,0.00436345441403041
74ba22d6-f06f-483f-b861-63f90580fbe4,3895182,Patrik Schick,Bayer Leverkusen,1,45,54,23-45+,2,+2+,"[114.8, 43.1]",63.60046337314333,6.053924347066128,2,0.7944016464794251,0.1121590218376667,5,9,0.5555555555555556,False,5,9,0.5555555555555556,False,0.7257071781978386,0.7257071781978386,0.7257071781978386,0,4,0,,,,0.1121590218376667,,,0.1121590218376667,True,Goal,0.14864361,0.0
8ae9d212-2ada-45b7-8a2b-7e626cc15bbc,3895182,Jonas Hofmann,Bayer Leverkusen,2,59,20,45-68,3,+2+,"[103.8, 44.1]",26.211378017831525,16.710774967068406,2,5.016634458075126,0.0730510528208847,5,8,0.625,False,4,7,0.5714285714285714,False,0.2809020343261235,0.2809020343261235,0.2809020343261235,1,3,1,0.0,0.982547490913071,-0.982547490913071,0.0730510528208847,0.0717761439098545,0.982547490913071,0.0012749089110301,False,Blocked,0.056596298,0.0012749089110302009
dfc23d71-49a7-40a0-bd2c-44840b3dc103,3895182,Victor Okoh Boniface,Bayer Leverkusen,2,68,12,68-90+,3,+2+,"[110.1, 51.1]",21.10296282186992,14.873466307488652,1,6.988718028020125,0.1576918592419379,3,4,0.75,False,3,4,0.75,False,0.1607716242188011,0.1607716242188011,0.1607716242188011,0,2,1,0.0,0.982547490913071,-0.982547490913071,0.1576918592419379,0.154939741758486,0.982547490913071,0.0027521174834518,False,Goal,0.34414628,0.0027521174834519158
5665403a-4a89-4064-bf8b-01f7d557f2f1,3895182,Adam Hložek,Bayer Leverkusen,2,75,25,68-90+,4,+2+,"[106.1, 45.0]",28.80742173939851,14.771932845772085,2,5.068903491901249,0.0853779713754899,4,7,0.5714285714285714,False,3,6,0.5,False,0.3679839518322267,0.3679839518322267,0.3679839518322267,1,2,0,,,,0.0853779713754899,,,0.0853779713754899,True,Off T,0.09609863,0.0
1b0d2684-0805-4204-834f-ea37500599db,3895182,Adam Hložek,Bayer Leverkusen,2,81,4,68-90+,4,+2+,"[116.3, 38.5]",90.11613993454098,3.992492955535429,1,2.04732170744319,0.3279885286317888,2,9,0.2222222222222222,False,1,7,0.1428571428571428,True,0.8090638921163122,0.3279885221418018,0.3279885286317888,1,0,0,,,,0.3279885286317888,,,0.3279885286317888,True,Wayward,0.35560703,0.0
88776c4f-596f-4ee0-83fd-097d0e4f83ce,3895182,Edmond Fayçal Tapsoba,Bayer Leverkusen,2,81,8,68-90+,4,+2+,"[109.9, 37.9]",41.784216161433456,10.316006979447032,4,4.726776543027958,0.0365196493347274,5,8,0.625,False,5,8,0.625,False,0.3663678106032661,0.3663678106032661,0.3663678106032661,0,4,1,0.0,0.982547490913071,-0.982547490913071,0.0365196493347274,0.0358822938741011,0.982547490913071,0.0006373554606262,False,Saved,0.12813282,0.0006373554606263002
e682b085-e238-4da1-a569-8c90c6efe737,3895182,Gustavo Adolfo Puerta Molano,Bayer Leverkusen,2,91,43,68-90+,4,+2+,"[100.0, 44.4]",21.636642892306597,20.47828117787233,1,15.897751893411392,0.1039938741034385,3,10,0.3,False,3,10,0.3,False,0.177124084923634,0.177124084923634,0.177124084923634,0,2,0,,,,0.1039938741034385,,,0.1039938741034385,True,Off T,0.05486425,0.0
d759adec-4c7c-468f-815f-08067d531ca2,3895182,Jeremie Frimpong,Bayer Leverkusen,2,93,11,68-90+,4,+2+,"[104.8, 47.8]",23.78651068121851,17.084495895401773,2,8.641887311565496,0.0733109087944282,4,5,0.8,False,4,5,0.8,False,0.2005290317745612,0.2005290317745612,0.2005290317745612,0,3,1,0.0,0.982547490913071,-0.982547490913071,0.0733109087944282,0.0720314659325552,0.982547490913071,0.001279442861873,False,Saved,0.10220095,0.0012794428618729953
81d025d7-5884-47ad-95da-737b7b0c0f95,3895167,Amine Adli,Bayer Leverkusen,1,8,11,0-23,0,0,"[113.9, 27.7]",15.79613131611046,13.729530217745978,1,9.774165200563075,0.1756456565365945,3,5,0.6,False,2,4,0.5,False,0.1762066725942557,0.1762066725942557,0.1762066725942557,1,1,0,,,,0.1756456565365945,,,0.1756456565365945,True,Post,0.06469139,0.0
f57f63cd-7c41-4327-a0fb-0e38f49cae30,3895167,Victor Okoh Boniface,Bayer Leverkusen,1,23,51,23-45+,0,0,"[107.1, 42.1]",33.68665126747903,13.069812546475184,2,0.6413111046588152,0.0567382186138395,6,8,0.75,False,6,8,0.75,False,0.1680294116257867,0.1680294116257867,0.1680294116257867,0,5,1,0.0,0.982547490913071,-0.982547490913071,0.0567382186138395,0.0557480302147916,0.982547490913071,0.0009901883990478,False,Saved,0.17982207,0.0009901883990479018
f7cbb648-eec1-4b9e-922f-5752f563f019,3895167,Jeremie Frimpong,Bayer Leverkusen,1,25,42,23-45+,0,0,"[102.0, 23.3]",13.785819209339191,24.55381844031596,0,inf,0.1402532621623439,4,6,0.6666666666666666,False,3,5,0.6,False,0.3985693254551121,0.3985693254551121,0.3985693254551121,1,2,0,,,,0.1402532621623439,,,0.1402532621623439,True,Blocked,0.026345698,0.0
6cde5e2b-e4d2-4b5c-84d6-2099a21ddfc6,3895167,Jonathan Tah,Bayer Leverkusen,1,26,36,23-45+,0,0,"[108.7, 44.4]",34.598418271900776,12.126417442921875,1,5.045061741482706,0.1921653946456659,5,8,0.625,False,5,8,0.625,False,0.5942328458890284,0.5942328458890284,0.5942328458890284,0,4,0,,,,0.1921653946456659,,,0.1921653946456659,True,Off T,0.033756446,0.0
06d84163-d171-4a72-a325-e5cd4355dd27,3895167,Alejandro Grimaldo García,Bayer Leverkusen,1,28,51,23-45+,0,0,"[110.1, 24.3]",13.555088671883322,18.56071119327059,2,7.503496417159031,0.0646889178719185,5,7,0.7142857142857143,False,5,7,0.7142857142857143,False,0.2668603196360347,0.2668603196360347,0.2668603196360347,0,4,0,,,,0.0646889178719185,,,0.0646889178719185,True,Blocked,0.03831531,0.0
a4edc69f-f0f7-430c-a367-51a72a525730,3895167,Amine Adli,Bayer Leverkusen,1,29,17,23-45+,0,0,"[111.3, 38.8]",48.707013758840574,8.782368700982673,2,2.7543052853463745,0.1290162801449915,6,10,0.6,False,6,10,0.6,False,0.3002306675074995,0.3002306675074995,0.3002306675074995,0,5,2,0.0002725501066596,0.991273720949544,-0.9910011708428844,0.1290162801449915,0.128556644246379,0.991273720949544,0.0004596358986125,False,Off T,0.062382694,0.00045963589861250376
a9dca599-1e3d-449c-a90f-748d24a0ec03,3895167,Victor Okoh Boniface,Bayer Leverkusen,1,32,46,23-45+,0,0,"[104.2, 24.5]",14.934728224697844,22.13345883498555,1,18.770258520634812,0.0914477950601227,5,7,0.7142857142857143,False,4,6,0.6666666666666666,False,0.2976546824760174,0.2976546824760174,0.2976546824760174,1,3,0,,,,0.0914477950601227,,,0.0914477950601227,True,Off T,0.0374117,0.0
4f1dea41-77d1-4445-9586-218cbe3a5868,3895167,Florian Wirtz,Bayer Leverkusen,1,34,9,23-45+,0,0,"[108.2, 30.5]",23.853829464967564,15.148927354766736,1,11.379799750545626,0.1576994627525037,3,6,0.5,False,2,5,0.4,False,0.3535224691480017,0.3005282409199193,0.3005282409199193,1,1,0,,,,0.1576994627525037,,,0.1576994627525037,True,Blocked,0.12123736,0.0
0dc1e36d-6ea9-4030-aea5-71aaef3d7162,3895167,Florian Wirtz,Bayer Leverkusen,2,46,36,45-68,-1,-1,"[112.9, 44.4]",46.56970946011071,8.35284382710463,0,inf,0.5126163823856137,2,5,0.4,False,1,4,0.25,True,0.5126164026126249,0.1109804101466312,0.5126163823856137,1,0,0,,,,0.5126163823856137,,,0.5126163823856137,True,Goal,0.44466448,0.0
e36045f1-0693-4d2c-9875-8cef880e2844,3895167,Granit Xhaka,Bayer Leverkusen,2,48,28,45-68,0,0,"[93.6, 39.5]",17.225346863826587,26.40473442396269,1,26.209618661422557,0.065373367606923,3,6,0.5,False,3,6,0.5,False,0.1040936968286939,0.1040936968286939,0.1040936968286939,0,2,0,,,,0.065373367606923,,,0.065373367606923,True,Post,0.04765752,0.0
85e565bb-80fc-4a56-b3b1-b8ea24a6d904,3895167,Victor Okoh Boniface,Bayer Leverkusen,2,52,0,45-68,0,0,"[110.9, 38.9]",46.94410391354617,9.166242414424785,1,7.595944807181022,0.2500838367973947,2,8,0.25,False,2,7,0.2857142857142857,False,0.2500838680841444,0.2500838680841444,0.2500838680841444,0,1,1,0.0,0.982547490913071,-0.982547490913071,0.2500838367973947,0.2457192771039115,0.982547490913071,0.0043645596934831,False,Saved,0.093883015,0.004364559693483205
a861f4a3-b93a-43aa-93e2-54de347bd750,3895167,Alejandro Grimaldo García,Bayer Leverkusen,2,54,25,45-68,0,0,"[113.4, 29.0]",19.5658211892369,12.828094168659655,1,8.049669032091458,0.1871323763768849,3,7,0.4285714285714285,False,2,6,0.3333333333333333,False,0.5383554197035931,0.5383554197035931,0.5383554197035931,1,1,0,,,,0.1871323763768849,,,0.1871323763768849,True,Saved Off Target,0.07776846,0.0
23427aaa-0911-45a8-8b0a-15e835616257,3895167,Victor Okoh Boniface,Bayer Leverkusen,2,60,1,45-68,0,0,"[111.8, 26.1]",15.021826945681813,16.138463371709214,1,11.422339343342282,0.1457159404329751,3,5,0.6,False,3,5,0.6,False,0.5347228375562938,0.5347228375562938,0.5347228375562938,0,2,1,0.0,0.982547490913071,-0.982547490913071,0.1457159404329751,0.1431728523505416,0.982547490913071,0.0025430880824334,False,Blocked,0.051992577,0.0025430880824334756
8e4846a9-c97e-42b7-b219-023fec7d93d2,3895167,Alejandro Grimaldo García,Bayer Leverkusen,2,60,9,45-68,0,0,"[94.4, 27.8]",14.565228069439367,28.358420266298324,2,10.68591127201224,0.0300135573920513,6,8,0.75,False,4,6,0.6666666666666666,False,0.2086413210827234,0.1351749954373446,0.1351749954373446,2,3,1,0.0,0.982547490913071,-0.982547490913071,0.0300135573920513,0.0294897478743269,0.982547490913071,0.0005238095177244,False,Blocked,0.021429176,0.0005238095177244016
9da39a45-ab5c-4835-969e-e2f9fcf5678b,3895167,Jeremie Frimpong,Bayer Leverkusen,2,72,8,68-90+,0,0,"[103.7, 51.3]",19.06209414093444,19.833809518093084,3,1.3873561089971629,0.0253488237646254,7,8,0.875,False,5,6,0.8333333333333334,False,0.592147240610401,0.1988595870508409,0.1988595870508409,2,4,1,0.0,0.982547490913071,-0.982547490913071,0.0253488237646254,0.0249064301727135,0.982547490913071,0.0004423935919118,False,Saved,0.044807762,0.0004423935919119007
6027b96c-f6af-4db5-a43f-374ef60d6c2e,3895167,Jonathan Tah,Bayer Leverkusen,2,87,1,68-90+,0,0,"[104.8, 39.4]",29.44607941904262,15.211837495845138,2,6.056098852202821,0.0834926963596901,4,9,0.4444444444444444,False,4,9,0.4444444444444444,False,0.2168009656601146,0.2168009656601146,0.2168009656601146,0,3,1,0.0,0.982547490913071,-0.982547490913071,0.0834926963596901,0.0820355567470411,0.982547490913071,0.001457139612649,False,Off T,0.06837945,0.0014571396126489972
970bb83f-ebe2-48ac-9d61-75afcb2026a5,3895167,Patrik Schick,Bayer Leverkusen,2,88,45,68-90+,0,0,"[111.4, 47.3]",31.733764245983046,11.28051417267847,1,8.299250522864517,0.2121125482893366,3,6,0.5,False,3,5,0.6,False,0.3010938834534761,0.3010938834534761,0.3010938834534761,0,2,1,0.0,0.982547490913071,-0.982547490913071,0.2121125482893366,0.2084106777058213,0.982547490913071,0.0037018705835153,False,Blocked,0.043944217,0.0037018705835152876
fb3e4261-26e0-45e3-8f54-a7ce7661e65e,3895167,Jonathan Tah,Bayer Leverkusen,2,89,19,68-90+,0,0,"[113.8, 31.9]",29.39327000355053,10.200490184299971,1,8.31450554840231,0.2312749750140565,3,9,0.3333333333333333,False,3,8,0.375,False,0.3350422761049452,0.3350422761049452,0.3350422761049452,0,2,1,0.0,0.982547490913071,-0.982547490913071,0.2312749750140565,0.2272386727118626,0.982547490913071,0.0040363023021938,False,Saved,0.05857957,0.0040363023021939
e7cb1597-fdbd-4607-a3ce-70d0a1bf097d,3895167,Jonas Hofmann,Bayer Leverkusen,2,93,30,68-90+,0,0,"[109.7, 22.8]",12.052268594766485,20.048191938426765,1,16.664323105978024,0.1077589241946059,3,6,0.5,False,3,6,0.5,False,0.2445459654892877,0.2445459654892877,0.2445459654892877,0,2,0,,,,0.1077589241946059,,,0.1077589241946059,True,Off T,0.015310748,0.0
dda91cf4-6be6-4337-8263-92989e8e09a3,3895158,Exequiel Alejandro Palacios,Bayer Leverkusen,1,6,7,0-23,-1,-1,"[99.6, 38.1]",22.00809115875597,20.48828933805847,2,5.744477822149491,0.0545468541423823,6,9,0.6666666666666666,False,6,9,0.6666666666666666,False,0.2249076264162086,0.2249076264162086,0.2249076264162086,0,5,0,,,,0.0545468541423823,,,0.0545468541423823,True,Saved,0.05545624,0.0
e3498422-e3ce-4ac5-99fc-30aa04d876b4,3895158,Granit Xhaka,Bayer Leverkusen,1,13,34,0-23,-1,-1,"[95.5, 52.8]",14.68152958687494,27.642177917088947,2,14.006160818859025,0.032066830707624,7,9,0.7777777777777778,False,7,9,0.7777777777777778,False,0.1175549824477137,0.1175549824477137,0.1175549824477137,0,6,1,0.0,0.0,0.0,0.032066830707624,0.0,0.0,0.032066830707624,False,Saved,0.021554975,0.032066830707624
d36d28d3-be36-46b1-bf09-9d3e8b20f3ee,3895158,Jonas Hofmann,Bayer Leverkusen,1,18,51,0-23,-1,-1,"[98.6, 34.3]",19.84141409325977,22.14610575247938,2,5.655404248451242,0.0477193993891366,4,8,0.5,False,4,8,0.5,False,0.1878507219261549,0.1878507219261549,0.1878507219261549,0,3,0,,,,0.0477193993891366,,,0.0477193993891366,True,Off T,0.03811005,0.0
df5eca50-7090-494a-8484-64ea250c5cb4,3895158,Granit Xhaka,Bayer Leverkusen,1,20,6,0-23,-1,-1,"[95.8, 48.2]",16.908323104569167,25.55151658904027,3,11.008866787425545,0.0206414172523069,7,8,0.875,False,6,7,0.8571428571428571,False,0.3902657174761496,0.2252843580972556,0.2252843580972556,1,5,1,0.0,0.982547490913071,-0.982547490913071,0.0206414172523069,0.0202811768441826,0.982547490913071,0.0003602404081242,False,Off T,0.022244284,0.0003602404081242995
897fce1e-00c2-4316-bf86-2ca40d78213e,3895158,Jonathan Tah,Bayer Leverkusen,1,25,45,23-45+,-1,-1,"[114.7, 48.5]",26.689913868250244,10.016985574512924,1,4.381629315146428,0.2247764136755911,4,10,0.4,False,4,10,0.4,False,0.5612005706394083,0.5612005706394083,0.5612005706394083,0,3,0,,,,0.2247764136755911,,,0.2247764136755911,True,Wayward,0.11983944,0.0
e8be723d-1aba-48b9-89e9-9d2531913ae7,3895158,Victor Okoh Boniface,Bayer Leverkusen,1,37,21,23-45+,-1,-1,"[108.3, 44.3]",33.88315396951603,12.465151423067432,1,8.985652184992635,0.1936452262356628,2,6,0.3333333333333333,False,1,5,0.2,True,0.193645271700779,0.1245077234890848,0.1936452262356628,1,0,0,,,,0.1936452262356628,,,0.1936452262356628,True,Off T,0.063403934,0.0
0823daad-6e31-4eb1-a94b-8b054ac6128e,3895158,Exequiel Alejandro Palacios,Bayer Leverkusen,1,42,1,23-45+,-1,-1,"[94.0, 36.0]",17.102728969052368,26.30589287593181,3,10.252455516988588,0.0193805271188982,8,9,0.8888888888888888,False,7,8,0.875,False,0.1910715698625578,0.1910715698625578,0.1910715698625578,1,6,0,,,,0.0193805271188982,,,0.0193805271188982,True,Off T,0.030914899,0.0
2860fc95-0c6b-42b9-ad7e-053c421c3068,3895158,Granit Xhaka,Bayer Leverkusen,1,48,37,23-45+,-1,-1,"[102.8, 40.3]",26.1764914282047,17.20261608011991,2,12.264450609300502,0.0736210805228387,4,9,0.4444444444444444,False,4,9,0.4444444444444444,False,0.415062062013746,0.415062062013746,0.415062062013746,0,3,1,0.0,0.982547490913071,-0.982547490913071,0.0736210805228387,0.0723362251212881,0.982547490913071,0.0012848554015505,False,Off T,0.08714992,0.0012848554015505997
9bd250c7-8d70-4fb5-bb4e-bb63d84cb7ad,3895158,Granit Xhaka,Bayer Leverkusen,2,46,2,45-68,-1,-1,"[88.7, 50.3]",13.17387146028267,32.951176003293114,3,13.882498469629835,0.011505761862833,8,10,0.8,False,8,10,0.8,False,0.1235981326406155,0.1235981326406155,0.1235981326406155,0,7,0,,,,0.011505761862833,,,0.011505761862833,True,Blocked,0.018029742,0.0
f05b6edb-4ca7-4cfa-842e-77754f338b1c,3895158,Jeremie Frimpong,Bayer Leverkusen,2,47,38,45-68,-1,-1,"[94.9, 42.3]",17.964614668434155,25.20515820224106,4,8.596321417117029,0.0115283715845454,11,11,1.0,False,10,10,1.0,False,0.2991721444126417,0.2619499638758405,0.2619499638758405,1,9,1,0.0,0.982547490913071,-0.982547490913071,0.0115283715845454,0.0113271739242389,0.982547490913071,0.0002011976603064,False,Blocked,0.03686006,0.00020119766030650063
d34bf01b-114a-4cc1-aa40-aef5fe60a392,3895158,Jeremie Frimpong,Bayer Leverkusen,2,47,50,45-68,-1,-1,"[97.0, 35.3]",18.97642260130914,23.47530617478716,2,11.39789193096247,0.0444620748900058,7,11,0.6363636363636364,False,7,11,0.6363636363636364,False,0.1962631137226701,0.1962631137226701,0.1962631137226701,0,6,0,,,,0.0444620748900058,,,0.0444620748900058,True,Wayward,0.03995831,0.0
fd3d4479-66f2-4a04-adb0-a9591a33cb5e,3895158,Alejandro Grimaldo García,Bayer Leverkusen,2,49,52,45-68,-1,-1,"[85.6, 35.9]",13.083246064477976,34.64346980312452,1,31.66996433519276,0.0339078798409474,4,9,0.4444444444444444,False,4,9,0.4444444444444444,False,0.103426848129353,0.103426848129353,0.103426848129353,0,3,0,,,,0.0339078798409474,,,0.0339078798409474,True,Off T,0.018200042,0.0
ebda04cb-5e23-4854-9ea3-067adf0beefb,3895158,Odilon Kossonou,Bayer Leverkusen,2,51,43,45-68,-1,-1,"[116.0, 48.4]",24.39499241025242,9.303762679690404,0,inf,0.475066248391237,1,9,0.1111111111111111,True,1,9,0.1111111111111111,True,0.4750661960330164,0.4750661960330164,0.475066248391237,0,0,0,,,,0.475066248391237,,,0.475066248391237,True,Wayward,0.104334064,0.0
e8b4d9d9-3036-4861-bee0-dc695f90af8f,3895158,Jonas Hofmann,Bayer Leverkusen,2,60,13,45-68,-1,-1,"[99.8, 49.5]",18.52435819322061,22.322410264126948,3,10.67437357348798,0.0266953537359682,9,10,0.9,False,9,10,0.9,False,0.215930185628732,0.215930185628732,0.215930185628732,0,8,2,0.2625711798965942,0.992669617313313,-0.7300984374167189,0.0266953537359682,0.0422503410198914,0.992669617313313,-0.0155549872839232,False,Blocked,0.028571086,-0.015554987283923197
214271bb-9b31-4985-8979-4746e5dee9fd,3895158,Exequiel Alejandro Palacios,Bayer Leverkusen,2,61,38,45-68,-1,-1,"[111.0, 44.4]",40.48026160930495,10.017983829094554,1,4.46291435479758,0.2251324825966614,1,7,0.1428571428571428,True,1,7,0.1428571428571428,True,0.2251324746756972,0.2251324746756972,0.2251324825966614,0,0,0,,,,0.2251324825966614,,,0.2251324825966614,True,Blocked,0.11298785,0.0
b9024265-7499-4cb0-9e3f-2ba196c09be1,3895158,Alejandro Grimaldo García,Bayer Leverkusen,2,62,20,45-68,-1,-1,"[94.3, 54.9]",13.34809051591382,29.706901555025897,1,28.10277256686011,0.0502479466552075,8,11,0.7272727272727273,False,7,10,0.7,False,0.2556274905959798,0.2556274905959798,0.2556274905959798,1,6,1,0.0,0.982547490913071,-0.982547490913071,0.0502479466552075,0.049371001267653,0.982547490913071,0.0008769453875544,False,Off T,0.020517882,0.0008769453875544994
9b5d1c04-bf74-497b-a0da-799bea662d57,3895158,Alejandro Grimaldo García,Bayer Leverkusen,2,72,26,68-90+,-1,-1,"[95.1, 30.0]",15.798888586289868,26.8330020683486,2,11.60122945173591,0.0340093677674185,5,7,0.7142857142857143,False,4,6,0.6666666666666666,False,0.2400811538228324,0.2400811538228324,0.2400811538228324,1,3,0,,,,0.0340093677674185,,,0.0340093677674185,True,Off T,0.029913954,0.0
78722261-ff71-4e47-82e7-70f3ff152946,3895158,Granit Xhaka,Bayer Leverkusen,2,72,56,68-90+,-1,-1,"[99.3, 43.5]",21.30009296117759,20.993808611111994,1,16.35835915553157,0.0998629014541127,6,7,0.8571428571428571,False,6,7,0.8571428571428571,False,0.3450631046996392,0.3450631046996392,0.3450631046996392,0,5,1,0.0,0.982547490913071,-0.982547490913071,0.0998629014541127,0.0981200664443238,0.982547490913071,0.0017428350097889,False,Off T,0.08205067,0.00174283500978889
6a8e26a0-c5c2-4c5c-912c-2d314f9b5a39,3895158,Florian Wirtz,Bayer Leverkusen,2,77,51,68-90+,-1,-1,"[102.9, 50.2]",19.777275332780903,19.911052207254137,2,6.312103548401428,0.0574836630086971,8,11,0.7272727272727273,False,8,11,0.7272727272727273,False,0.2391854761305019,0.2391854761305019,0.2391854761305019,0,7,1,0.0,0.982547490913071,-0.982547490913071,0.0574836630086971,0.0564804326190154,0.982547490913071,0.0010032303896816,False,Off T,0.041199785,0.0010032303896817044
41215e06-a33a-448a-ae67-0526fd1c0848,3895158,Victor Okoh Boniface,Bayer Leverkusen,2,78,45,68-90+,-1,-1,"[116.7, 38.6]",96.8042595626085,3.5846896657869807,0,inf,0.7506804829096767,1,5,0.2,True,1,5,0.2,True,0.7506802784048577,0.7506802784048577,0.7506804829096767,0,0,0,,,,0.7506804829096767,,,0.7506804829096767,True,Goal,0.94032604,0.0
3b9bfdf9-d062-4ed6-a6fd-40eec7c0899d,3895158,Victor Okoh Boniface,Bayer Leverkusen,2,86,6,68-90+,0,0,"[104.7, 34.7]",26.436435061977,16.191973320136118,3,4.642365130626802,0.0415224579533004,5,6,0.8333333333333334,False,4,5,0.8,False,0.2808935453001802,0.2808935453001802,0.2808935453001802,1,3,0,,,,0.0415224579533004,,,0.0415224579533004,True,Saved,0.08122539,0.0
f16d7b24-5b85-4e48-af7a-94c8c6b19934,3895158,Patrik Schick,Bayer Leverkusen,2,87,26,68-90+,0,0,"[115.4, 48.7]",24.473313960529364,9.841239759298622,0,inf,0.4550722048042719,3,9,0.3333333333333333,False,2,8,0.25,False,0.4551943654500875,0.4551943654500875,0.4551943654500875,1,1,0,,,,0.4550722048042719,,,0.4550722048042719,True,Off T,0.06840045,0.0
f3a5dcb2-514c-43ee-bb5d-ddaceed64808,3895153,Granit Xhaka,Bayer Leverkusen,1,10,6,0-23,1,+1,"[98.1, 39.1]",20.66871928044564,21.9184853491294,1,19.118220474185087,0.0930701957710665,4,9,0.4444444444444444,False,3,8,0.375,False,0.2617106854058584,0.147698830580658,0.147698830580658,1,2,0,,,,0.0930701957710665,,,0.0930701957710665,True,Blocked,0.05523184,0.0
c0ffe323-fd27-4ae3-9adb-2cecfa487eca,3895153,Victor Okoh Boniface,Bayer Leverkusen,1,16,44,0-23,1,+1,"[109.5, 38.7]",41.20367792968614,10.580170130957251,1,7.986470814652175,0.2239128621372401,3,6,0.5,False,3,6,0.5,False,0.2352078787806263,0.2352078787806263,0.2352078787806263,0,2,1,0.0,0.0,0.0,0.2239128621372401,0.0,0.0,0.2239128621372401,False,Blocked,0.27685362,0.2239128621372401
b3632fea-207b-41be-b62a-9d4f32fb05ea,3895153,Granit Xhaka,Bayer Leverkusen,1,20,53,0-23,1,+1,"[86.6, 33.1]",13.111615916244766,34.105278183882334,2,10.46431128650257,0.0189368140666765,7,8,0.875,False,7,8,0.875,False,0.1241424089961954,0.1241424089961954,0.1241424089961954,0,6,0,,,,0.0189368140666765,,,0.0189368140666765,True,Off T,0.018820362,0.0
3043863b-a979-4347-811c-eaee227cc2df,3895153,Jeremie Frimpong,Bayer Leverkusen,1,30,23,23-45+,1,+1,"[104.2, 54.9]",15.504328558979523,21.717504460687923,1,18.646713066472948,0.0945286932103682,3,8,0.375,False,3,8,0.375,False,0.1983733053962927,0.1983733053962927,0.1983733053962927,0,2,0,,,,0.0945286932103682,,,0.0945286932103682,True,Off T,0.042072985,0.0
f229c20b-f5e8-41f6-9162-6d72055acad0,3895153,Piero Martín Hincapié Reyna,Bayer Leverkusen,1,36,44,23-45+,1,+1,"[110.8, 40.3]",46.95968264462478,9.20489000477464,2,1.1909207116899945,0.1030783618299666,3,10,0.3,False,3,10,0.3,False,0.2627472125723535,0.2627472125723535,0.2627472125723535,0,2,0,,,,0.1030783618299666,,,0.1030783618299666,True,Wayward,0.08324678,0.0
658c81ac-b0b2-42f3-80b7-333f1e47fd17,3895153,Jeremie Frimpong,Bayer Leverkusen,1,42,0,23-45+,1,+1,"[109.1, 47.5]",28.73246944820989,13.2310241478126,3,5.624272206433276,0.053418281315288,3,7,0.4285714285714285,False,2,6,0.3333333333333333,False,0.4478314870747836,0.2944639198744072,0.2944639198744072,1,1,0,,,,0.053418281315288,,,0.053418281315288,True,Goal,0.15434064,0.0
4006cc6d-1c54-41d2-8ae9-e5c0b030a318,3895153,Alejandro Grimaldo García,Bayer Leverkusen,2,48,38,45-68,2,+2+,"[106.1, 29.3]",20.86752565545099,17.54137964927503,2,7.866984859078773,0.0703582119040944,4,10,0.4,False,4,10,0.4,False,0.5688663129645322,0.5688663129645322,0.5688663129645322,0,3,0,,,,0.0703582119040944,,,0.0703582119040944,True,Wayward,0.035866685,0.0
37f1ef70-3ccc-4b47-83e6-97a1b96968e4,3895153,Victor Okoh Boniface,Bayer Leverkusen,2,55,21,45-68,2,+2+,"[103.3, 47.2]",23.00077760488476,18.18598361376145,2,5.333786913914102,0.0652276179748567,4,7,0.5714285714285714,False,4,7,0.5714285714285714,False,0.1644583724916353,0.1644583724916353,0.1644583724916353,0,3,1,0.0,0.982547490913071,-0.982547490913071,0.0652276179748567,0.0640892429419856,0.982547490913071,0.001138375032871,False,Off T,0.109911814,0.0011383750328710918
1b88ef62-a526-4845-95e9-69eca2a98021,3895153,Victor Okoh Boniface,Bayer Leverkusen,2,68,31,68-90+,2,+2+,"[109.9, 27.7]",18.80356802799497,15.915401345866208,1,11.391287078239165,0.1483254156245169,4,5,0.8,False,4,5,0.8,False,0.2236118595808297,0.2236118595808297,0.2236118595808297,0,3,1,0.0,0.982547490913071,-0.982547490913071,0.1483254156245169,0.1457367824417924,0.982547490913071,0.0025886331827245,False,Blocked,0.05372837,0.002588633182724509
070d6d04-646d-465d-a6d0-a9dcedf441d8,3895153,Alejandro Grimaldo García,Bayer Leverkusen,2,75,3,68-90+,2,+2+,"[113.8, 28.9]",18.805885384259305,12.714165328483032,0,inf,0.3616301674437968,3,7,0.4285714285714285,False,3,7,0.4285714285714285,False,0.5855482063960009,0.5855482063960009,0.5855482063960009,0,2,1,0.0,0.982547490913071,-0.982547490913071,0.3616301674437968,0.3553188464956804,0.982547490913071,0.0063113209481163,False,Goal,0.051634267,0.006311320948116372
ca5084f2-ddff-45ed-b303-378debb46f7a,3895153,Jonas Hofmann,Bayer Leverkusen,2,81,33,68-90+,3,+2+,"[98.1, 33.6]",19.14834857485436,22.81600315568001,1,19.36643611888464,0.0866451234526616,5,6,0.8333333333333334,False,4,5,0.8,False,0.2532223101242942,0.1591213547580808,0.1591213547580808,1,3,0,,,,0.0866451234526616,,,0.0866451234526616,True,Blocked,0.05139328,0.0
8980e9c6-877c-4163-b549-9ee6f4a39677,3895153,Adam Hložek,Bayer Leverkusen,2,86,54,68-90+,3,+2+,"[105.5, 23.8]",14.251828600250452,21.74143509522773,2,4.884824397209728,0.0487426399906756,6,7,0.8571428571428571,False,6,7,0.8571428571428571,False,0.3628848387450652,0.3628848387450652,0.3628848387450652,0,5,0,,,,0.0487426399906756,,,0.0487426399906756,True,Saved,0.03164785,0.0
8b5960c9-32a2-44ad-a08f-b1c37e2aa365,3895153,Jonas Hofmann,Bayer Leverkusen,2,86,59,68-90+,3,+2+,"[105.9, 52.6]",18.27527800607317,18.909521411183302,2,4.033181110352221,0.0600883674339009,6,7,0.8571428571428571,False,5,6,0.8333333333333334,False,0.3044848373303641,0.3044848373303641,0.3044848373303641,1,4,1,0.0,0.982547490913071,-0.982547490913071,0.0600883674339009,0.0590396817162058,0.982547490913071,0.0010486857176951,False,Saved,0.04950974,0.0010486857176950984
5574850e-2480-4ccf-891e-d112e848ded4,3895153,Nadiem Amiri,Bayer Leverkusen,2,91,22,68-90+,3,+2+,"[108.3, 30.8]",24.484897877287032,14.88388390172404,1,8.388341502927904,0.1590723827599909,2,5,0.4,False,2,5,0.4,False,0.1590724056200018,0.1590724056200018,0.1590724056200018,0,1,1,0.0,0.982547490913071,-0.982547490913071,0.1590723827599909,0.156296193015439,0.982547490913071,0.0027761897445518,False,Blocked,0.07680104,0.002776189744551877
ceb3caa1-56d5-4fed-a5f7-845b5dfabc79,3895113,Jonathan Tah,Bayer Leverkusen,1,8,2,0-23,0,0,"[110.1, 30.8]",25.419288338902877,13.514806694880992,0,inf,0.3391935008118142,1,7,0.1428571428571428,True,1,6,0.1666666666666666,True,0.3391934563880132,0.3391934563880132,0.3391935008118142,0,0,0,,,,0.3391935008118142,,,0.3391935008118142,True,Saved,0.030106671,0.0
a26dc878-b726-4fa6-8401-45b5b3a5b145,3895113,Jeremie Frimpong,Bayer Leverkusen,1,12,5,0-23,0,0,"[118.8, 44.7]",51.890249534492405,4.8507731342539655,1,5.591593161897995,0.3465951782160795,2,5,0.4,False,1,4,0.25,True,0.3465951801109553,0.113881319635478,0.3465951782160795,1,0,0,,,,0.3465951782160795,,,0.3465951782160795,True,Goal,0.40232337,0.0
e773b1a9-8875-41ef-8799-2404acba0bb0,3895113,Amine Adli,Bayer Leverkusen,1,26,38,23-45+,1,+1,"[102.7, 27.7]",17.665033715894104,21.22686976452251,2,1.1488671921247569,0.0389172130194691,6,8,0.75,False,4,6,0.6666666666666666,False,0.2677972562120664,0.2174686203671511,0.2174686203671511,2,3,1,0.0,0.982547490913071,-0.982547490913071,0.0389172130194691,0.0382380288849593,0.982547490913071,0.0006791841345098,False,Saved,0.04211412,0.0006791841345097985
f4c7c89d-26a5-4b3e-9a59-b97c17301343,3895113,Victor Okoh Boniface,Bayer Leverkusen,1,30,17,23-45+,1,+1,"[100.9, 31.3]",19.79648658086193,20.988091861815352,2,3.917857440950075,0.0507347616936458,3,4,0.75,False,3,4,0.75,False,0.0772782381810518,0.0772782381810518,0.0772782381810518,0,2,1,0.0,0.982547490913071,-0.982547490913071,0.0507347616936458,0.0498493154196313,0.982547490913071,0.0008854462740144,False,Off T,0.04637706,0.0008854462740144967
c6fe0c0f-32f4-4c9c-8b95-ec654099dc48,3895113,Jeremie Frimpong,Bayer Leverkusen,1,43,19,23-45+,0,0,"[108.0, 54.2]",16.236974958915393,18.591395859375385,1,12.4324247107868,0.1200933884511809,2,4,0.5,False,2,4,0.5,False,0.1261490852079631,0.1261490852079631,0.1261490852079631,0,1,0,,,,0.1200933884511809,,,0.1200933884511809,True,Off T,0.084550664,0.0
510a9df3-c49b-4eee-b8f9-0effd90ccb23,3895113,Alejandro Grimaldo García,Bayer Leverkusen,2,61,35,45-68,0,0,"[104.7, 31.8]",23.2182180811316,17.358859409534947,4,5.603104611882343,0.0210659403006436,5,6,0.8333333333333334,False,4,5,0.8,False,0.5758699264192769,0.1431700397309789,0.1431700397309789,1,3,0,,,,0.0210659403006436,,,0.0210659403006436,True,Goal,0.12249167,0.0
9cce3988-35c0-45ef-ba65-2ff852e2f474,3895113,Florian Wirtz,Bayer Leverkusen,2,69,5,68-90+,1,+1,"[101.2, 35.8]",22.95588929390677,19.2634368688456,2,6.09381411558714,0.0604030738057991,5,6,0.8333333333333334,False,4,5,0.8,False,0.3530543473231018,0.0909939833777482,0.0909939833777482,1,3,0,,,,0.0604030738057991,,,0.0604030738057991,True,Off T,0.050510947,0.0
fccefdfb-ff58-4f33-8824-7b0c8ca1ec3f,3895113,Jeremie Frimpong,Bayer Leverkusen,2,76,45,68-90+,1,+1,"[111.6, 46.0]",36.5772429743592,10.322790320451157,1,2.82257171295633,0.2085580290219555,1,6,0.1666666666666666,True,1,6,0.1666666666666666,True,0.2085580219531668,0.2085580219531668,0.2085580290219555,0,0,0,,,,0.2085580290219555,,,0.2085580290219555,True,Saved,0.4450903,0.0
8b5eef3f-9872-4b71-b75d-98ed4d322bed,3895113,Edmond Fayçal Tapsoba,Bayer Leverkusen,2,77,21,68-90+,1,+1,"[98.6, 45.6]",19.885074010695337,22.12057865427576,2,8.120258249892851,0.0488546454194246,6,9,0.6666666666666666,False,4,7,0.5714285714285714,False,0.2372198658973954,0.1264179702263047,0.1264179702263047,2,3,0,,,,0.0488546454194246,,,0.0488546454194246,True,Wayward,0.033928115,0.0
7234011a-02b8-43c5-b25a-4c3d7e0d6d44,3895113,Florian Wirtz,Bayer Leverkusen,2,86,42,68-90+,1,+1,"[105.1, 28.2]",19.047595179172102,19.00657780874822,2,3.702028437697724,0.0590970011652128,3,5,0.6,False,3,5,0.6,False,0.1145621998295175,0.1145621998295175,0.1145621998295175,0,2,0,,,,0.0590970011652128,,,0.0590970011652128,True,Off T,0.0522467,0.0
eb3bdb0f-c8c1-472c-9297-4f624735f22d,3895095,Alejandro Grimaldo García,Bayer Leverkusen,1,9,9,0-23,0,0,"[91.6, 42.0]",15.957585843723484,28.470335438838795,5,9.606153811324049,0.0048963423605522,9,11,0.8181818181818182,False,9,11,0.8181818181818182,False,0.2771542087079743,0.2771542087079743,0.2771542087079743,0,8,1,0.0049379130142759,0.9920302548784188,-0.9870923418641429,0.0048963423605522,0.0834384619976527,0.9920302548784188,-0.0785421196371005,False,Off T,0.046349965,-0.0785421196371005
3a26ee43-c3f1-42d7-a8f6-bfd82f695910,3895095,Alejandro Grimaldo García,Bayer Leverkusen,2,58,44,45-68,1,+1,"[98.8, 34.5]",20.090579544261598,21.901826407859232,5,10.886645472382188,0.0083217028431485,8,9,0.8888888888888888,False,8,9,0.8888888888888888,False,0.2313470519515189,0.2313470519515189,0.2313470519515189,0,7,1,0.0,0.982547490913071,-0.982547490913071,0.0083217028431485,0.0081764700980702,0.982547490913071,0.0001452327450783,False,Goal,0.08269043,0.00014523274507829975
12a24a9b-3c9c-45d4-989f-066a49816a44,3895095,Jonas Hofmann,Bayer Leverkusen,2,64,21,45-68,2,+2+,"[107.2, 48.4]",25.12021174231433,15.310127367203709,1,13.065110993744437,0.1563862955144575,1,3,0.3333333333333333,True,1,3,0.3333333333333333,True,0.1563862543380199,0.1563862543380199,0.1563862955144575,0,0,0,,,,0.1563862955144575,,,0.1563862955144575,True,Goal,0.12421208,0.0
64789666-5896-4fef-96c1-25018916f804,3895095,Victor Okoh Boniface,Bayer Leverkusen,2,74,7,68-90+,3,+2+,"[104.5, 39.9]",28.93950626371725,15.500322577288513,1,4.158682973213713,0.144249606195714,1,5,0.2,True,1,5,0.2,True,0.144249606138553,0.144249606138553,0.144249606195714,0,0,0,,,,0.144249606195714,,,0.144249606195714,True,Saved,0.48862752,0.0
29219c51-1ff4-4fb0-958e-dfb370dcdd43,3895095,Jonas Hofmann,Bayer Leverkusen,2,82,30,68-90+,3,+2+,"[107.0, 58.0]",12.299676730849514,22.20360331117452,2,10.333408392357777,0.0490459501986451,6,7,0.8571428571428571,False,6,7,0.8571428571428571,False,0.2758289675739284,0.2758289675739284,0.2758289675739284,0,5,0,,,,0.0490459501986451,,,0.0490459501986451,True,Off T,0.01154443,0.0
ddadd240-6377-490e-a404-b37b67a30fd4,3895067,Alejandro Grimaldo García,Bayer Leverkusen,1,1,52,0-23,0,0,"[106.3, 36.1]",30.38777941806382,14.244297104455525,1,11.8919623928584,0.1697922016936141,4,8,0.5,False,4,8,0.5,False,0.1737069895194623,0.1737069895194623,0.1737069895194623,0,3,1,0.0,0.982547490913071,-0.982547490913071,0.1697922016936141,0.1668289341174179,0.982547490913071,0.0029632675761961,False,Blocked,0.024206681,0.0029632675761961935
d2e0289b-8116-4401-a890-c839d2722444,3895067,Edmond Fayçal Tapsoba,Bayer Leverkusen,1,8,35,0-23,0,0,"[108.0, 35.3]",32.60364132761797,12.88759093081403,1,10.952395470158397,0.1887128058850088,2,11,0.1818181818181818,False,2,11,0.1818181818181818,False,0.194043807722414,0.194043807722414,0.194043807722414,0,1,0,,,,0.1887128058850088,,,0.1887128058850088,True,Wayward,0.07206045,0.0
a30d89a2-2b69-4712-932b-e215bcbca259,3895067,Alejandro Grimaldo García,Bayer Leverkusen,1,15,36,0-23,0,0,"[105.6, 37.2]",30.04136392627912,14.669696656713803,2,3.560215641080637,0.0832482245131659,3,7,0.4285714285714285,False,3,7,0.4285714285714285,False,0.1824294653861371,0.1824294653861371,0.1824294653861371,0,2,1,0.114090250127769,0.9913110052147646,-0.8772207550869955,0.0832482245131659,0.1724438259577225,0.9913110052147646,-0.0891956014445565,False,Blocked,0.17397805,-0.08919560144455661
c9e956a8-01d9-457c-b769-8edb6a175cf2,3895067,Florian Wirtz,Bayer Leverkusen,1,18,39,0-23,0,0,"[100.8, 41.9]",23.323671216557383,19.293781381574743,1,15.578832295034356,0.1142714665469247,4,11,0.3636363636363636,False,3,10,0.3,False,0.2954139284465877,0.1381620320492504,0.1381620320492504,1,2,1,0.0,0.982547490913071,-0.982547490913071,0.1142714665469247,0.1122771681343379,0.982547490913071,0.0019942984125868,False,Blocked,0.0518035,0.0019942984125868035
89cac510-30de-4a23-9d36-f4d8e64ec46d,3895067,Jeremie Frimpong,Bayer Leverkusen,1,18,42,0-23,0,0,"[99.3, 46.4]",20.06220017031512,21.66679487141557,1,17.454858933472426,0.0947740307191939,4,10,0.4,False,4,10,0.4,False,0.1443545981128399,0.1443545981128399,0.1443545981128399,0,3,1,0.0,0.982547490913071,-0.982547490913071,0.0947740307191939,0.0931200041427888,0.982547490913071,0.001654026576405,False,Saved,0.050490666,0.0016540265764050932
ff742b91-ad13-4bb6-a6ac-9039843f3d2e,3895067,Victor Okoh Boniface,Bayer Leverkusen,1,20,18,0-23,0,0,"[113.8, 48.4]",28.07248693585296,10.44030650891055,1,2.4253283824205507,0.2018661064364876,3,5,0.6,False,3,5,0.6,False,0.2412328029764547,0.2412328029764547,0.2412328029764547,0,2,1,0.1634884599800572,0.9912744878011732,-0.8277860278211161,0.2018661064364876,0.2175345874216987,0.9912744878011732,-0.0156684809852111,False,Goal,0.2702139,-0.015668480985211092
3e79b7f1-d85d-478c-adf5-e15f0217a044,3895067,Victor Okoh Boniface,Bayer Leverkusen,1,31,42,23-45+,0,0,"[103.3, 43.0]",26.16835668933427,16.967321532876074,1,11.46705960810826,0.1363857176725435,5,5,1.0,False,4,4,1.0,False,0.3821631732809131,0.1730292900726703,0.1730292900726703,1,3,1,0.0,0.982547490913071,-0.982547490913071,0.1363857176725435,0.1340054756684271,0.982547490913071,0.0023802420041164,False,Blocked,0.14783305,0.0023802420041164063
12c85765-6939-456e-b849-14c86c9a026f,3895067,Victor Okoh Boniface,Bayer Leverkusen,1,31,54,23-45+,0,0,"[97.1, 34.6]",18.818741952043908,23.52806834400139,2,4.447892568700466,0.0419123101391541,5,8,0.625,False,5,8,0.625,False,0.1430037428164419,0.1430037428164419,0.1430037428164419,0,4,0,,,,0.0419123101391541,,,0.0419123101391541,True,Blocked,0.050477833,0.0
6a95128e-5f15-4ffe-ad0b-158a7d78a336,3895067,Jeremie Frimpong,Bayer Leverkusen,1,32,16,23-45+,0,0,"[110.6, 52.9]",17.48168760093241,15.961516218705542,1,9.288007486533605,0.1466087822789258,2,9,0.2222222222222222,False,2,9,0.2222222222222222,False,0.3228097962725054,0.3228097962725054,0.3228097962725054,0,1,0,,,,0.1466087822789258,,,0.1466087822789258,True,Off T,0.11959914,0.0
da8142d4-8b0f-4160-be3a-ab943784b41c,3895067,Granit Xhaka,Bayer Leverkusen,1,33,26,23-45+,0,0,"[95.3, 36.1]",17.968219891236732,25.00599928017275,2,8.107115505009427,0.0387812143465614,8,9,0.8888888888888888,False,8,9,0.8888888888888888,False,0.2302078500071233,0.2302078500071233,0.2302078500071233,0,7,1,0.0,0.982547490913071,-0.982547490913071,0.0387812143465614,0.0381043926529906,0.982547490913071,0.0006768216935707,False,Saved,0.04052658,0.0006768216935707991
bfba8be0-806c-4697-9286-d6fa2bb0e9f5,3895067,Jonas Hofmann,Bayer Leverkusen,1,36,52,23-45+,0,0,"[97.0, 37.1]",19.437390753348787,23.182105167564053,2,4.159787676811519,0.0428209775229483,6,9,0.6666666666666666,False,6,9,0.6666666666666666,False,0.1367845326918738,0.1367845326918738,0.1367845326918738,0,5,0,,,,0.0428209775229483,,,0.0428209775229483,True,Saved,0.043045048,0.0
5db47ee0-323d-4899-b47b-547ba70d5abc,3895067,Alejandro Grimaldo García,Bayer Leverkusen,1,41,55,23-45+,0,0,"[99.6, 40.6]",22.169435709342185,20.408821622033944,5,9.594641468276452,0.0093311625641905,10,11,0.9090909090909092,False,10,11,0.9090909090909092,False,0.2118035824380439,0.2118035824380439,0.2118035824380439,0,9,1,0.0009545959005162,0.9915568535202648,-0.9906022576197484,0.0093311625641905,0.0252034989223046,0.9915568535202648,-0.0158723363581141,False,Blocked,0.096232794,-0.015872336358114098
3ad75026-2a0f-4f17-9a68-1b9a086fad6a,3895067,Florian Wirtz,Bayer Leverkusen,1,42,1,23-45+,0,0,"[103.2, 26.4]",16.58733855692743,21.614809737770077,2,5.150177166578429,0.0494470929610522,6,10,0.6,False,6,10,0.6,False,0.1892927694997959,0.1892927694997959,0.1892927694997959,0,5,0,,,,0.0494470929610522,,,0.0494470929610522,True,Saved,0.03877827,0.0
b5ae6424-68a1-45ee-970c-09bb0da70d2d,3895067,Jonas Hofmann,Bayer Leverkusen,1,45,42,23-45+,0,0,"[98.5, 46.7]",19.30054223555995,22.51976909295475,1,17.419754380373593,0.0885184774762933,4,7,0.5714285714285714,False,4,7,0.5714285714285714,False,0.2260199696765097,0.2260199696765097,0.2260199696765097,0,3,0,,,,0.0885184774762933,,,0.0885184774762933,True,Saved,0.060544346,0.0
22ebd8d3-f37d-4bd2-9e80-80aeb566227f,3895067,Exequiel Alejandro Palacios,Bayer Leverkusen,2,48,8,45-68,0,0,"[103.5, 41.8]",26.96199091636769,16.597891432347666,4,5.237665773872084,0.0222769846396814,7,7,1.0,False,7,7,1.0,False,0.3647309196005045,0.3647309196005045,0.3647309196005045,0,6,1,0.0,0.0,0.0,0.0222769846396814,0.0,0.0,0.0222769846396814,False,Goal,0.06972993,0.0222769846396814
69c1e706-38c3-4454-8973-190be89d3db6,3895067,Victor Okoh Boniface,Bayer Leverkusen,2,60,21,45-68,1,+1,"[112.3, 32.6]",32.139129063434204,10.67941945987702,1,2.6516857901329205,0.2008491818063958,4,6,0.6666666666666666,False,3,5,0.6,False,0.3704812881367307,0.3704812881367307,0.3704812881367307,1,2,0,,,,0.2008491818063958,,,0.2008491818063958,True,Goal,0.40243378,0.0
db5479ef-0a0d-4c34-a06a-bce5104675b7,3895067,Victor Okoh Boniface,Bayer Leverkusen,2,63,40,45-68,2,+2+,"[116.4, 28.7]",13.00972245450166,11.859595271340416,1,2.7660817911548152,0.1838975434764809,4,6,0.6666666666666666,False,3,5,0.6,False,0.5928517044271356,0.5928517044271356,0.5928517044271356,1,2,0,,,,0.1838975434764809,,,0.1838975434764809,True,Off T,0.085164204,0.0
9646980b-5716-4da5-a785-a352a3d408e3,3895067,Jonas Hofmann,Bayer Leverkusen,2,66,59,45-68,2,+2+,"[99.7, 49.3]",18.59934805212789,22.328905033610575,1,19.286857303875525,0.0900804684480631,5,8,0.625,False,5,8,0.625,False,0.2768602393793222,0.2768602393793222,0.2768602393793222,0,4,0,,,,0.0900804684480631,,,0.0900804684480631,True,Goal,0.056515876,0.0
3cee8863-208b-4422-8c54-f688fbf98b8e,3895067,Victor Okoh Boniface,Bayer Leverkusen,2,71,48,68-90+,3,+2+,"[112.4, 35.1]",42.75133282807605,9.042676594902634,1,7.079155667366861,0.2515991729897586,2,8,0.25,False,2,7,0.2857142857142857,False,0.2515991817160351,0.2515991817160351,0.2515991817160351,0,1,1,0.0,0.982547490913071,-0.982547490913071,0.2515991729897586,0.2472081447108721,0.982547490913071,0.0043910282788864,False,Off T,0.07369121,0.0043910282788864885
0f8c8e57-3769-408b-a168-1ccb683d4d6f,3895067,Alejandro Grimaldo García,Bayer Leverkusen,2,73,47,68-90+,3,+2+,"[100.2, 21.2]",12.251077557060055,27.3034796317246,2,6.385217524198051,0.0318434660727258,5,7,0.7142857142857143,False,5,7,0.7142857142857143,False,0.1395517106071411,0.1395517106071411,0.1395517106071411,0,4,0,,,,0.0318434660727258,,,0.0318434660727258,True,Saved,0.009121279,0.0
a8928e40-d501-44cb-b327-3a75044baed9,3895067,Noah Mbamba,Bayer Leverkusen,2,81,6,68-90+,3,+2+,"[95.8, 41.0]",18.74044002928584,24.220652344641756,1,16.462391132049262,0.0771541435100756,4,5,0.8,False,4,5,0.8,False,0.1721603583614389,0.1721603583614389,0.1721603583614389,0,3,1,0.0,0.982547490913071,-0.982547490913071,0.0771541435100756,0.0758076282702208,0.982547490913071,0.0013465152398548,False,Blocked,0.04667749,0.0013465152398547953
55836a80-19f4-4481-b513-1c21e6b1919b,3895067,Adam Hložek,Bayer Leverkusen,2,82,10,68-90+,3,+2+,"[115.7, 40.2]",85.79366851812465,4.304648650006175,1,2.66050286343779,0.3346334888576583,1,6,0.1666666666666666,True,1,5,0.2,True,0.3346334634356332,0.3346334634356332,0.3346334888576583,0,0,0,,,,0.3346334888576583,,,0.3346334888576583,True,Goal,0.58532554,0.0
2cd6697c-aa9b-4978-a76e-26aef2112c31,3895067,Victor Okoh Boniface,Bayer Leverkusen,2,90,6,68-90+,4,+2+,"[105.1, 32.7]",24.688203499166228,16.592166826548006,1,12.604768454678396,0.1409842117654935,2,9,0.2222222222222222,False,2,9,0.2222222222222222,False,0.1440187308607021,0.1440187308607021,0.1440187308607021,0,1,0,,,,0.1409842117654935,,,0.1409842117654935,True,Saved,0.06030186,0.0
8f5f8f90-bbbe-4f4f-bbbe-11a2d64d342d,3895067,Nathan Tella,Bayer Leverkusen,2,90,34,68-90+,4,+2+,"[102.1, 40.4]",25.18155173292089,17.904468715937934,1,8.567686551631184,0.1250496343042785,1,7,0.1428571428571428,True,1,7,0.1428571428571428,True,0.1250496198712763,0.1250496198712763,0.1250496343042785,0,0,0,,,,0.1250496343042785,,,0.1250496343042785,True,Saved,0.26440224,0.0
1ca8d41b-9d7e-4ce1-81c1-8faa57b3d828,3895067,Jonas Hofmann,Bayer Leverkusen,2,90,36,68-90+,4,+2+,"[108.3, 50.4]",22.227104844389878,15.654072952429985,0,inf,0.2858392079592047,3,8,0.375,False,3,8,0.375,False,0.4113946598845936,0.4113946598845936,0.4113946598845936,0,2,1,0.0,0.982547490913071,-0.982547490913071,0.2858392079592047,0.2808506250558041,0.982547490913071,0.0049885829034005,False,Off T,0.41148746,0.004988582903400596
a9aeffde-608f-479a-8195-c6cff7363b53,3895060,Victor Okoh Boniface,Bayer Leverkusen,1,8,53,0-23,0,0,"[105.2, 48.5]",23.272148630814545,17.06722004311188,2,3.2710318640241427,0.0680397507547407,4,7,0.5714285714285714,False,3,6,0.5,False,0.1180153776839141,0.1047081704984349,0.1047081704984349,1,2,0,,,,0.0680397507547407,,,0.0680397507547407,True,Blocked,0.11212661,0.0
25b25579-2f18-4333-a5a6-8571e4212871,3895060,Victor Okoh Boniface,Bayer Leverkusen,1,17,57,0-23,0,0,"[113.2, 35.7]",48.14690522830579,8.045495634204268,1,4.90979622441132,0.2657738746546086,4,10,0.4,False,2,8,0.25,False,0.5626990830222628,0.284779588145206,0.284779588145206,2,1,0,,,,0.2657738746546086,,,0.2657738746546086,True,Goal,0.21289383,0.0
3a370e4d-7507-4970-bd41-0f85c483b328,3895060,Jonas Hofmann,Bayer Leverkusen,1,24,53,23-45+,1,+1,"[112.7, 34.7]",41.772487924138986,9.021086409075124,1,5.390580616683203,0.2476124585416069,3,6,0.5,False,3,6,0.5,False,0.3350303932150617,0.3350303932150617,0.3350303932150617,0,2,0,,,,0.2476124585416069,,,0.2476124585416069,True,Blocked,0.08163955,0.0
bc158e00-f1d4-4c64-be24-9cedf6e19e50,3895060,Exequiel Alejandro Palacios,Bayer Leverkusen,1,28,57,23-45+,1,+1,"[93.5, 54.9]",13.138369573156451,30.40164469235176,3,6.096059303373644,0.0135991534437801,9,10,0.9,False,7,8,0.875,False,0.2511554222029672,0.223884841864288,0.223884841864288,2,6,0,,,,0.0135991534437801,,,0.0135991534437801,True,Off T,0.01716496,0.0
cc2b7576-f295-4b8e-ab4c-cd5f437aa3d4,3895060,Alejandro Grimaldo García,Bayer Leverkusen,1,29,51,23-45+,1,+1,"[101.2, 45.3]",22.36507549537976,19.53279293905508,1,16.289494263866068,0.1122328958851556,1,7,0.1428571428571428,True,1,7,0.1428571428571428,True,0.112232871850382,0.112232871850382,0.1122328958851556,0,0,0,,,,0.1122328958851556,,,0.1122328958851556,True,Off T,0.10086409,0.0
52adeea9-da77-4a26-91ce-a6802ca8d9a4,3895060,Jeremie Frimpong,Bayer Leverkusen,1,30,49,23-45+,1,+1,"[108.3, 53.4]",17.303519384189237,17.789041570584967,2,2.7162102110763984,0.0626377383912117,6,8,0.75,False,6,8,0.75,False,0.163368791671471,0.163368791671471,0.163368791671471,0,5,1,0.0,0.982547490913071,-0.982547490913071,0.0626377383912117,0.0615445543446238,0.982547490913071,0.0010931840465879,False,Saved,0.03741663,0.0010931840465878973
8fd7eb39-3e99-4ca3-a26c-53cf0a9dc310,3895060,Florian Wirtz,Bayer Leverkusen,1,32,52,23-45+,1,+1,"[103.9, 25.2]",15.5698095562555,21.868927728629032,2,11.65052016295562,0.0505977864704845,8,11,0.7272727272727273,False,7,10,0.7,False,0.2805481560710059,0.1227429510670739,0.1227429510670739,1,6,1,0.0,0.982547490913071,-0.982547490913071,0.0505977864704845,0.049714734431816,0.982547490913071,0.0008830520386684,False,Saved,0.03490053,0.0008830520386684942
036aab1b-c275-4d03-b0b7-07b80094acef,3895060,Victor Okoh Boniface,Bayer Leverkusen,1,34,53,23-45+,1,+1,"[102.7, 35.3]",24.380311372380486,17.927074496414633,2,1.608809803846028,0.0559779751939619,6,8,0.75,False,5,7,0.7142857142857143,False,0.2305666031949403,0.134058036874794,0.134058036874794,1,4,1,0.0,0.982547490913071,-0.982547490913071,0.0559779751939619,0.0550010318784935,0.982547490913071,0.0009769433154683,False,Blocked,0.065433435,0.0009769433154684024
7637a832-f82c-4708-b296-1701481e05ac,3895060,Victor Okoh Boniface,Bayer Leverkusen,1,35,13,23-45+,1,+1,"[95.4, 37.2]",18.24471300684298,24.75883680627989,2,1.255176092064474,0.0302158901432312,6,9,0.6666666666666666,False,6,9,0.6666666666666666,False,0.1000255488859961,0.1000255488859961,0.1000255488859961,0,5,0,,,,0.0302158901432312,,,0.0302158901432312,True,Blocked,0.03576193,0.0
79a23925-3852-4f56-964f-f92661681722,3895060,Victor Okoh Boniface,Bayer Leverkusen,1,38,54,23-45+,1,+1,"[103.2, 39.9]",26.78412978816064,16.800297616411438,1,12.570866384055185,0.138644328337444,2,5,0.4,False,2,5,0.4,False,0.162285035097016,0.162285035097016,0.162285035097016,0,1,0,,,,0.138644328337444,,,0.138644328337444,True,Off T,0.052070636,0.0
1139940d-789e-461e-983e-036dddae7e81,3895060,Granit Xhaka,Bayer Leverkusen,1,40,27,23-45+,1,+1,"[101.1, 49.8]",19.0752625692366,21.28966885604377,3,7.486570869487901,0.0285356096807636,6,9,0.6666666666666666,False,4,7,0.5714285714285714,False,0.2221702427737446,0.1404161448350317,0.1404161448350317,2,3,1,0.3503693451538529,0.9946888995457452,-0.6443195543918924,0.0285356096807636,0.0284576026024529,0.9946888995457452,7.80070783107413e-05,False,Blocked,0.044252444,7.800707831070314e-05
55ead603-af88-4f99-89d1-11b1c3ae177b,3895060,Victor Okoh Boniface,Bayer Leverkusen,1,42,38,23-45+,1,+1,"[109.4, 43.0]",38.82918096575567,11.016351483136324,0,inf,0.4142406811469922,2,6,0.3333333333333333,False,2,5,0.4,False,0.4142407298023764,0.4142407298023764,0.4142407298023764,0,1,1,0.0,0.982547490913071,-0.982547490913071,0.4142406811469922,0.4070111897013243,0.982547490913071,0.0072294914456678,False,Wayward,0.20104417,0.007229491445667868
62817480-1c22-419f-a348-6a7aa4757f95,3895060,Victor Okoh Boniface,Bayer Leverkusen,1,45,7,23-45+,1,+1,"[103.8, 36.1]",26.35005040983544,16.662832892398583,1,12.540418861697692,0.1401666099876398,4,8,0.5,False,4,8,0.5,False,0.2024256703703469,0.2024256703703469,0.2024256703703469,0,3,1,0.0,0.982547490913071,-0.982547490913071,0.1401666099876398,0.1377203787125679,0.982547490913071,0.0024462312750718,False,Off T,0.0903727,0.002446231275071903
28fbde42-b785-47cc-847a-bd45e3d333fd,3895060,Jonas Hofmann,Bayer Leverkusen,1,46,46,23-45+,1,+1,"[109.2, 29.0]",21.2968976289728,15.415576538034506,1,11.834328182857911,0.1545796010270143,3,5,0.6,False,3,5,0.6,False,0.4232412594429808,0.4232412594429808,0.4232412594429808,0,2,0,,,,0.1545796010270143,,,0.1545796010270143,True,Saved,0.12446163,0.0
e2a50255-e1bf-48e0-98e4-d86d96fe15a1,3895060,Victor Okoh Boniface,Bayer Leverkusen,1,46,47,23-45+,1,+1,"[115.6, 38.7]",81.83571842171393,4.58802789878179,0,inf,0.6927803869927971,1,5,0.2,True,1,5,0.2,True,0.6927803178716582,0.6927803178716582,0.6927803869927971,0,0,0,,,,0.6927803869927971,,,0.6927803869927971,True,Saved,0.30162236,0.0
22fddac8-50b0-441c-b551-e3456b0e15c1,3895060,Jonathan Tah,Bayer Leverkusen,1,50,21,23-45+,1,+1,"[110.9, 43.9]",41.59188798743317,9.900505037623075,2,4.538840334065765,0.1249091456509808,6,6,1.0,False,5,5,1.0,False,0.6987577438024873,0.6987577438024873,0.6987577438024873,1,4,1,0.0,0.982547490913071,-0.982547490913071,0.1249091456509808,0.1227291723348656,0.982547490913071,0.0021799733161152,False,Goal,0.16639715,0.0021799733161151913
7cd2a8e8-cdf3-4b5a-9c57-453f63dcccb8,3895060,Jonas Hofmann,Bayer Leverkusen,2,51,29,45-68,2,+2+,"[110.3, 49.0]",26.00192669951638,13.232157798333576,1,11.801567817876128,0.1840649810901373,2,7,0.2857142857142857,False,2,7,0.2857142857142857,False,0.1840650129276967,0.1840650129276967,0.1840650129276967,0,1,1,0.0,0.982547490913071,-0.982547490913071,0.1840649810901373,0.1808526166169904,0.982547490913071,0.0032123644731469,False,Blocked,0.21587738,0.003212364473146906
ffc61678-fba6-4df8-a412-83e555c9fca5,3895060,Victor Okoh Boniface,Bayer Leverkusen,2,52,34,45-68,2,+2+,"[107.4, 44.9]",31.149825340136715,13.51924554107957,1,3.548011225571784,0.1662472970076983,2,3,0.6666666666666666,False,1,2,0.5,True,0.166247303888147,0.1149384151715233,0.1662472970076983,1,0,0,,,,0.1662472970076983,,,0.1662472970076983,True,Goal,0.23531614,0.0
ee957b56-86df-4fa1-8bdd-9bc7feeebffa,3895060,Victor Okoh Boniface,Bayer Leverkusen,2,55,5,45-68,3,+2+,"[102.7, 43.1]",25.291493977719465,17.575551200460254,1,14.64085577234351,0.1308943325033945,1,7,0.1428571428571428,True,1,7,0.1428571428571428,True,0.1308943045862602,0.1308943045862602,0.1308943325033945,0,0,0,,,,0.1308943325033945,,,0.1308943325033945,True,Off T,0.067177616,0.0
05f6964d-1776-4c5c-996c-3447802324a3,3895060,Jonas Hofmann,Bayer Leverkusen,2,55,37,45-68,3,+2+,"[100.9, 50.5]",18.410232674911587,21.795871168641085,2,4.615950614961355,0.0482999026793035,6,7,0.8571428571428571,False,6,7,0.8571428571428571,False,0.0845624994210329,0.0845624994210329,0.0845624994210329,0,5,1,0.0,0.982547490913071,-0.982547490913071,0.0482999026793035,0.0474569521184481,0.982547490913071,0.0008429505608553,False,Saved,0.056350455,0.0008429505608553989
3ac9442d-4761-434a-8409-bb118a57061a,3895060,Exequiel Alejandro Palacios,Bayer Leverkusen,2,56,4,45-68,3,+2+,"[89.2, 33.2]",14.128755410426992,31.541718405946117,3,12.185797942631416,0.0128275180307386,8,10,0.8,False,7,9,0.7777777777777778,False,0.2082459724401302,0.1721282152444767,0.1721282152444767,1,6,0,,,,0.0128275180307386,,,0.0128275180307386,True,Blocked,0.018898277,0.0
472065ff-587c-4477-a070-5970ed2ebf65,3895060,Jonas Hofmann,Bayer Leverkusen,2,73,1,68-90+,3,+2+,"[107.7, 47.6]",27.008508107585985,14.458561477546787,1,10.641715817940492,0.1662482972345471,2,7,0.2857142857142857,False,2,7,0.2857142857142857,False,0.2826870556764813,0.2826870556764813,0.2826870556764813,0,1,0,,,,0.1662482972345471,,,0.1662482972345471,True,Saved,0.101688564,0.0
251eb8fc-dd8b-4b21-9db3-5f5c97499d07,3895060,Adam Hložek,Bayer Leverkusen,2,83,58,68-90+,3,+2+,"[108.2, 36.2]",34.43640127743446,12.396773773849384,1,5.020683324183347,0.1879813859344444,2,6,0.3333333333333333,False,2,6,0.3333333333333333,False,0.2005572194598767,0.2005572194598767,0.2005572194598767,0,1,0,,,,0.1879813859344444,,,0.1879813859344444,True,Saved,0.31652135,0.0
f95aaf60-8e75-4bf5-a51f-b0626254f979,3895060,Victor Okoh Boniface,Bayer Leverkusen,2,86,18,68-90+,3,+2+,"[117.0, 28.7]",11.246924948436272,11.69144986731757,0,inf,0.3924618321627962,2,6,0.3333333333333333,False,2,6,0.3333333333333333,False,0.3924618553147459,0.3924618553147459,0.3924618553147459,0,1,1,0.0,0.0,0.0,0.3924618321627962,0.0,0.0,0.3924618321627962,False,Saved,0.029618237,0.3924618321627962
2fa0470b-b096-4e0f-8f7e-5c3bdc27abbd,3895052,Granit Xhaka,Bayer Leverkusen,1,1,59,0-23,0,0,"[92.2, 27.1]",13.543840261523613,30.647185841443907,1,11.353012952210662,0.045638309014614,5,10,0.5,False,5,10,0.5,False,0.2208419635496887,0.2208419635496887,0.2208419635496887,0,4,0,,,,0.045638309014614,,,0.045638309014614,True,Saved,0.020733545,0.0
3fd1b5d6-f4a7-405d-be71-58f35782e15c,3895052,Jonas Hofmann,Bayer Leverkusen,1,7,50,0-23,0,0,"[96.2, 44.8]",18.36658395967088,24.279209212822398,3,6.593173364639581,0.0223036363289259,4,5,0.8,False,3,4,0.75,False,0.3887206234785644,0.1439803125248382,0.1439803125248382,1,2,0,,,,0.0223036363289259,,,0.0223036363289259,True,Off T,0.03869969,0.0
7d9b770d-fe1c-481a-a4dc-bf99d71705e6,3895052,Jeremie Frimpong,Bayer Leverkusen,1,23,4,23-45+,0,0,"[113.6, 43.8]",52.42059336588134,7.443117626371361,0,inf,0.5513147437656419,1,6,0.1666666666666666,True,1,5,0.2,True,0.5513147030775483,0.5513147030775483,0.5513147437656419,0,0,0,,,,0.5513147437656419,,,0.5513147437656419,True,Goal,0.49154305,0.0
c4646c6d-3ed0-4c4e-bd24-98b8157fce90,3895052,Alejandro Grimaldo García,Bayer Leverkusen,1,33,21,23-45+,1,+1,"[102.4, 33.6]",22.814060854063683,18.7275198571514,1,15.453343662028876,0.1195421853576877,4,8,0.5,False,4,8,0.5,False,0.2031454323555662,0.2031454323555662,0.2031454323555662,0,3,1,0.0,0.982547490913071,-0.982547490913071,0.1195421853576877,0.1174558827227016,0.982547490913071,0.002086302634986,False,Blocked,0.12706259,0.0020863026349860897
64390818-5404-4d83-ab41-07af760ffa7d,3895052,Jonathan Tah,Bayer Leverkusen,1,34,3,23-45+,1,+1,"[112.9, 40.4]",58.67418731414151,7.111258679024404,3,2.2714018071621718,0.0784727853083392,6,8,0.75,False,6,8,0.75,False,0.3403861123726394,0.3403861123726394,0.3403861123726394,0,5,1,0.0,0.982547490913071,-0.982547490913071,0.0784727853083392,0.0771032421073121,0.982547490913071,0.0013695432010271,False,Goal,0.15772732,0.0013695432010270986
4dbe152a-6aa2-46c1-93c2-d1cb3acab04d,3895052,Victor Okoh Boniface,Bayer Leverkusen,1,36,51,23-45+,2,+2+,"[111.6, 37.4]",47.61954879539465,8.79317917479225,1,7.126680003206782,0.2567682246389144,2,7,0.2857142857142857,False,2,7,0.2857142857142857,False,0.3309170466122195,0.3309170466122195,0.3309170466122195,0,1,1,0.4888466309652857,0.9912979594126174,-0.5024513284473318,0.2567682246389144,0.3280373930415431,0.9912979594126174,-0.0712691684026287,False,Saved,0.13226183,-0.0712691684026287
5df16513-d372-4a46-9661-09c10341a40b,3895052,Florian Wirtz,Bayer Leverkusen,2,47,27,45-68,1,+1,"[110.6, 35.0]",37.682179326023935,10.647065323364938,1,7.373022155491329,0.2217916029613739,1,7,0.1428571428571428,True,1,7,0.1428571428571428,True,0.2217915814107298,0.2217915814107298,0.2217916029613739,0,0,0,,,,0.2217916029613739,,,0.2217916029613739,True,Saved,0.30528295,0.0
c8521aea-0248-4c7c-9036-c103ff5e2416,3895052,Victor Okoh Boniface,Bayer Leverkusen,2,56,34,45-68,1,+1,"[93.9, 43.9]",17.05964170059901,26.38977074549909,2,4.952690958344408,0.0336431491572547,4,6,0.6666666666666666,False,4,6,0.6666666666666666,False,0.0781955801339558,0.0781955801339558,0.0781955801339558,0,3,1,0.0,0.982547490913071,-0.982547490913071,0.0336431491572547,0.0330559944814943,0.982547490913071,0.0005871546757603,False,Off T,0.042780038,0.0005871546757603985
f8cd5da5-6a20-41ad-8794-4397b76a11cf,3895052,Florian Wirtz,Bayer Leverkusen,2,63,20,45-68,1,+1,"[104.8, 45.4]",26.471123753821157,16.13071604114337,1,12.933170086614746,0.1464039775561955,4,5,0.8,False,4,5,0.8,False,0.184375641931425,0.184375641931425,0.184375641931425,0,3,1,0.0,0.982547490913071,-0.982547490913071,0.1464039775561955,0.1438488871022792,0.982547490913071,0.0025550904539162,False,Goal,0.14435048,0.0025550904539163033
bcea08d2-3377-4014-a452-aec0bed0d80e,3895052,Victor Okoh Boniface,Bayer Leverkusen,2,86,40,68-90+,1,+1,"[98.6, 31.6]",18.471161885982028,22.989562849258363,1,18.716204756639737,0.0853890947752593,3,7,0.4285714285714285,False,2,6,0.3333333333333333,False,0.1021941342469733,0.0859072565696695,0.0859072565696695,1,1,0,,,,0.0853890947752593,,,0.0853890947752593,True,Off T,0.038662,0.0
370ef086-b3b1-4f8b-bc58-9de8a0dbca5d,3895052,Arthur Augusto de Matos Soares,Bayer Leverkusen,2,95,35,68-90+,1,+1,"[94.6, 54.9]",13.42692270859477,29.44775033852332,2,6.849974184631328,0.026938079253618,4,8,0.5,False,4,8,0.5,False,0.1268759158463344,0.1268759158463344,0.1268759158463344,0,3,0,,,,0.026938079253618,,,0.026938079253618,True,Saved,0.024260674,0.0
